gene,rna_log2fc,rna_fdr,atac_log2fc,atac_fdr,sig_rna,sig_atac,sig_both
Gnai3,0.06270215110133369,0.7262750118577076,-0.314899112431696,0.999987547004426,False,False,False
Narf,-0.017077724878700577,0.9535979426484009,-0.38389260889208,0.999987547004426,False,False,False
Cav2,0.7961532826975636,0.01620340342695693,-0.315254625403225,0.999987547004426,True,False,False
Klf6,-0.3490077586048426,0.02894401964716242,0.2317062564727,0.999987547004426,True,False,False
Scmh1,-0.22454696564732785,0.3557601555611931,-0.408918991560739,0.999987547004426,False,False,False
Cox5a,0.18648039200756328,0.237378450430529,-0.0697146695200033,0.999987547004426,False,False,False
Fer,0.6096644796219636,0.33436149954508354,0.376557469513445,0.999987547004426,False,False,False
Xpo6,-0.06403105178367685,0.8030467147626096,-0.410989489808681,0.999987547004426,False,False,False
Tfe3,0.1823982837776852,0.2706346329292735,0.235328898142351,0.999987547004426,False,False,False
Brat1,0.36573434829369356,0.04835664240261898,-0.316149766978558,0.999987547004426,True,False,False
Gna12,0.4536695417104832,0.012840917953598615,-0.946680391664061,0.999987547004426,True,False,False
Slc22a18,0.3571785358915871,0.5429405700926341,-0.417167618297617,0.999987547004426,False,False,False
Pih1d2,-0.052068690127338335,0.9637903932187192,0.0488402034793589,0.999987547004426,False,False,False
Dlat,0.24869976990221712,0.11707969200829768,-0.738140492256791,0.999987547004426,False,False,False
Sdhd,0.13980687127168387,0.28185748784316134,0.263550174959641,0.999987547004426,False,False,False
Ccnd2,-1.0919949113119107,8.088339084119839e-14,-0.0300657871561274,0.999987547004426,True,False,False
Gpr107,-0.004147700471999848,0.9866642934350298,-0.449673492830043,0.999987547004426,False,False,False
Scnn1g,-2.9016750819638024,3.742629776683687e-05,1.45290844493435,0.999987547004426,True,False,False
Tspan32,0.18347771417614636,0.7131631511398507,0.315507641477419,0.999987547004426,False,False,False
Clec2g,-1.1646412460709439,0.18560577364105638,0.0415043755673263,0.999987547004426,False,False,False
Gmpr,2.544995472671287,8.598610362551798e-05,-1.91841084359735,0.999987547004426,True,False,False
Mid2,-0.08589941007633013,0.9149429278717481,-0.0567066852883729,0.999987547004426,False,False,False
Trim25,0.1667423254255968,0.4503871130343932,0.389854301848877,0.999987547004426,False,False,False
Scpep1,0.36772086550465455,0.003770241932922661,-0.709921415194946,0.999987547004426,True,False,False
Mnt,0.4044069365276297,0.0643921791656042,-0.117935272756011,0.999987547004426,False,False,False
Itgb2,-0.23325081683877158,0.0793510531292687,0.671728570468113,0.999987547004426,False,False,False
Hddc2,0.16532223556006787,0.4087420493823719,-0.0408046063639738,0.999987547004426,False,False,False
Pemt,0.4922167583548743,0.5986395631418645,0.702694260366148,0.999987547004426,False,False,False
Clec10a,1.9344009021448108,1.4507688063565772e-22,-0.800253468913209,0.999987547004426,True,False,False
Comt,0.4479894170765641,0.0017930330952968523,-0.0283002477006296,0.999987547004426,True,False,False
Rtca,0.11403346189283006,0.5592649216853899,-0.112312018861291,0.999987547004426,False,False,False
Dbt,0.20289524260912725,0.42150434033511885,0.132664735541335,0.999987547004426,False,False,False
Dazap2,0.1580858587200666,0.20443118558426335,-0.115651309524215,0.999987547004426,False,False,False
Mcts1,-0.044997662578785784,0.8469604413830165,0.255851038848605,0.999987547004426,False,False,False
Rem1,0.9065914187531349,5.0790921317157185e-11,-0.488311853698221,0.999987547004426,True,False,False
Trappc10,-0.3433019540373948,0.0793510531292687,-0.295848943037937,0.999987547004426,False,False,False
Ccm2,0.19272250347811257,0.15316766065831042,-0.412503350359955,0.999987547004426,False,False,False
Mx1,-0.18076899292328655,0.523696882325769,-1.25585540842623,0.380767985470953,False,False,False
Fap,1.242165863355816,0.003461696192302738,0.193919428060044,0.999987547004426,True,False,False
Gcg,-0.6566397851272738,0.13252984978805948,0.777348669645924,0.999987547004426,False,False,False
Ndufa9,0.14744514209069126,0.24416944401234356,-0.449877146395183,0.999987547004426,False,False,False
Galnt1,-0.2286718064047799,0.14183365126847047,0.559034242669672,0.999987547004426,False,False,False
Mkrn2,0.2732671063462355,0.19592661337512898,-0.133707513317507,0.999987547004426,False,False,False
Pparg,1.1377518046023967,1.65069142928823e-05,-0.321741600678514,0.999987547004426,True,False,False
Raf1,-0.007965773281271762,0.9725869923464415,-0.0175956055306834,0.999987547004426,False,False,False
Septin1,-0.6551931204627963,0.003615049194340153,-0.222363804980731,0.999987547004426,True,False,False
Pdgfb,-0.4933389407868621,0.03977939590517583,0.196012939036766,0.999987547004426,True,False,False
Tamalin,0.38448409090023533,0.3293302883563294,0.0806053398556639,0.999987547004426,False,False,False
Acvr1b,0.15963571625065512,0.7294190095792671,-0.464829201711146,0.999987547004426,False,False,False
Tom1l2,-0.07238838029831002,0.8461510911361776,-0.313444725686427,0.999987547004426,False,False,False
Zfp385a,0.5893651840707966,0.00011944107572730794,-0.344327480797314,0.999987547004426,True,False,False
Itga5,0.8791063686023908,0.00806276202183565,0.223493934598516,0.999987547004426,True,False,False
Wdr77,0.08921188380472315,0.6406859860856526,-0.285073820145021,0.999987547004426,False,False,False
Adora3,-0.3153003795602229,0.5916110123970835,-0.29004040433203,0.999987547004426,False,False,False
Tmigd3,-0.3153003795602229,0.5916110123970835,-0.493922421757803,0.999987547004426,False,False,False
Hnrnpd,0.04085547238448374,0.8329039300414652,-0.233086270870483,0.999987547004426,False,False,False
Dynlt1c,-0.007901095367918155,0.9796590273505534,0.0050025311011054,0.999987547004426,False,False,False
C1d,0.09064869136632245,0.5132450812540258,-0.111875371234064,0.999987547004426,False,False,False
Gm2a,0.32806647397121735,0.0007516720498671638,-0.352170244593506,0.999987547004426,True,False,False
Krit1,-0.23796690614712196,0.09749856483886032,0.0899970436148489,0.999987547004426,False,False,False
Sema4f,-1.3500422353634192,0.0013451711829696362,0.249853014679122,0.999987547004426,True,False,False
Hk2,-0.3037533426396557,0.20679518273712946,-0.281768624902727,0.999987547004426,False,False,False
Myo18a,-0.1567171117051405,0.5823320075742748,-0.775010879257653,0.999987547004426,False,False,False
Haao,-0.3958094691275612,0.015063264838446604,-0.28244354735213,0.999987547004426,True,False,False
Cd52,-0.4677833693275311,0.0022123639510377414,-0.646743821494763,0.999987547004426,True,False,False
Abhd15,-0.03793864671698926,0.907263466291079,-0.748011035637644,0.999987547004426,False,False,False
Loxl3,0.1844003901135375,0.5309667882592743,-0.782084267109672,0.999987547004426,False,False,False
Kat2b,-0.0035024518974125073,0.9911527556919748,0.190376580693377,0.999987547004426,False,False,False
Rab5b,-0.015359674160058739,0.956477673218313,-0.0855521661623637,0.999987547004426,False,False,False
Aire,-0.39614918316936215,0.4912116257715864,-0.747813591325085,0.999987547004426,False,False,False
Icosl,-0.3327990617426948,0.043094782797088414,-0.528406602635893,0.999987547004426,True,False,False
Rpl13,0.04323821360459253,0.8248436555234451,-0.230064157330128,0.999987547004426,False,False,False
Tubgcp3,-0.17989097491570105,0.41077329218631653,-0.0760702222891334,0.999987547004426,False,False,False
Polr3d,0.1355645210124268,0.596329453175993,-0.0544216874033392,0.999987547004426,False,False,False
Tcf7,0.140193727117494,0.598082923715859,-0.314319967564254,0.999987547004426,False,False,False
Ddx3x,-0.06280489799669534,0.747629184426085,-0.0376279237520381,0.999987547004426,False,False,False
Slc5a5,-1.247783984585325,0.0011959038658521848,-0.158133119078051,0.999987547004426,True,False,False
Usp32,-0.35092045103712405,0.22067498034311075,-0.308048066954647,0.999987547004426,False,False,False
Txnrd3,0.7520614315539171,0.21508487695121106,0.412973617022802,0.999987547004426,False,False,False
Fasl,-0.7320852080905733,0.28055712805233024,0.406891428688715,0.999987547004426,False,False,False
Zfp512b,-0.18795863762692347,0.688421911744931,-0.211309952693166,0.999987547004426,False,False,False
Dnajc5,-0.07104264694621017,0.6771129844910931,-0.826480509100995,0.999987547004426,False,False,False
Tpd52l2,0.06076700796197439,0.7290721079298467,-0.492734502176542,0.999987547004426,False,False,False
Fmr1,-0.22896950131730998,0.15354887681848933,-0.181162950785028,0.999987547004426,False,False,False
Bcl11a,-0.2008235075761249,0.24124646948866327,0.116063398151815,0.999987547004426,False,False,False
Pxmp4,-0.14215696444248252,0.3859329075441424,-0.397236755118303,0.999987547004426,False,False,False
Dlg3,-0.2534934983106956,0.7435686936317573,-1.12383834711051,0.999987547004426,False,False,False
Gnb1l,-0.17495312095476576,0.6659510446810368,0.702543480575233,0.999987547004426,False,False,False
Smarcb1,0.030740448656056924,0.8767113876589585,0.0143584913024517,0.999987547004426,False,False,False
Hip1r,-0.31614498780943473,0.18776725112221018,0.372519678477543,0.999987547004426,False,False,False
Nsun5,-0.19330276677459426,0.3867063608555613,-0.0360145701562393,0.999987547004426,False,False,False
Slc7a7,0.6706777544948432,3.430764761243836e-08,-1.04898272104703,0.999987547004426,True,False,False
Oxa1l,0.020799381686446402,0.9229348053929266,-0.274753148174104,0.999987547004426,False,False,False
Heatr6,-0.25045467587342357,0.14180894514051645,-0.584745433941925,0.999987547004426,False,False,False
Ccl3,-1.4031931379446214,5.192342755945823e-18,-0.143937283614767,0.999987547004426,True,False,False
Icam4,0.425279401767285,0.7190183672390755,-0.439398161610921,0.999987547004426,False,False,False
Ilf2,-0.040879761921614945,0.8473217324921501,-0.487699335366094,0.999987547004426,False,False,False
Chtop,-0.14106776012328606,0.4310950266100154,-0.299150313190072,0.999987547004426,False,False,False
Snapin,0.3269805603601713,0.009450320708781264,-0.123231768217988,0.999987547004426,True,False,False
S100a4,0.2881624128735814,0.05200346724565802,-0.301143238897889,0.999987547004426,False,False,False
S100a3,0.8036118623881229,0.02574591293230103,-0.283218604486896,0.999987547004426,True,False,False
S100a5,0.36845899598706067,0.5349885574591267,-0.124430308963296,0.999987547004426,False,False,False
S100a6,0.5118820521811711,0.000504156239553736,0.48522233840421,0.999987547004426,True,False,False
Icam2,-0.3782337644331119,0.1308266303617558,-0.38348061149518,0.999987547004426,False,False,False
Mapk7,-0.14675321144427597,0.4239736956527194,-0.23602982813789,0.999987547004426,False,False,False
B9d1,-0.35246919427984036,0.6544055440183628,-0.420338675500856,0.999987547004426,False,False,False
Sec24b,0.14666831097656283,0.4247552073320962,0.474278964435793,0.999987547004426,False,False,False
N4bp3,-0.37718021199420676,0.18936919090098517,-0.302744967681497,0.999987547004426,False,False,False
Rmnd5b,-0.0421015746276035,0.8506625372389913,-0.198671990997422,0.999987547004426,False,False,False
Nhp2,0.1494394204208406,0.3737577166526431,-0.246046083127819,0.999987547004426,False,False,False
Zfp276,0.14869594388150711,0.6219794549679051,-0.506906358854681,0.999987547004426,False,False,False
C1ql4,0.7395527377553044,0.5295071468633328,-0.246564644377396,0.999987547004426,False,False,False
Mfsd10,0.15319634666843376,0.3691295564625711,-0.494221491514409,0.999987547004426,False,False,False
Luzp1,-0.002207996684395531,0.9941026950334206,-0.541286689356949,0.999987547004426,False,False,False
Kctd10,0.2574900961410802,0.07816551128530792,-0.769680738817184,0.999987547004426,False,False,False
Poldip2,0.26785085381165125,0.11787463667334368,-0.454550787337903,0.999987547004426,False,False,False
Lgals9,-0.7423240135703385,1.3821388226474648e-10,-0.443705295438244,0.999987547004426,True,False,False
Araf,0.12842929793258231,0.353726603799773,-0.508747696381979,0.999987547004426,False,False,False
Cfp,0.09420915861946301,0.6300613849445493,0.34762284294592,0.999987547004426,False,False,False
Uxt,0.12410314990888664,0.5197256226640846,-0.0062120904040972,0.999987547004426,False,False,False
Cnnm3,-0.15960977350279787,0.6682766427469319,-0.358867795344119,0.999987547004426,False,False,False
Lman2l,0.4209761362088701,0.0024082280490865366,-0.405918588373305,0.999987547004426,True,False,False
Mcm3ap,-0.35574063353263674,0.1596384536157247,-0.232967762540281,0.999987547004426,False,False,False
Pcnt,-0.25513990623466953,0.21285740485668556,-0.114521792071095,0.999987547004426,False,False,False
Gmcl1,0.006869246687055111,0.980348460851812,0.222724767313294,0.999987547004426,False,False,False
Snrnp27,0.21177537342786268,0.12474230188918768,0.0321986936402689,0.999987547004426,False,False,False
Oas1c,-0.9475681316574192,0.009274360674348718,-0.163908336360248,0.999987547004426,True,False,False
Ocrl,0.04535611738964845,0.9377682013922315,-0.324705211156671,0.999987547004426,False,False,False
Calm1,0.3448188738916156,0.0006403566055454971,0.855923035852736,0.999987547004426,True,False,False
Agpat3,-0.23517189940345218,0.137428652558766,0.132850537523921,0.999987547004426,False,False,False
Uhrf1,-0.3411054517097308,0.08954528513586446,-0.325246876338143,0.999987547004426,False,False,False
Dpp9,-0.10374558518970974,0.6586577689459255,-0.254334558831491,0.999987547004426,False,False,False
Lsr,0.23115945974701987,0.42367416579098005,-0.506881941875659,0.999987547004426,False,False,False
Gramd1a,0.17320627353713583,0.4160742640127581,-0.9936026544824,0.999987547004426,False,False,False
Hpn,2.5077197943655087,0.0007405988374469283,-1.2216681954253,0.999987547004426,True,False,False
Ckb,-0.22434632006703858,0.051803084417787165,-0.457276291259937,0.999987547004426,False,False,False
Sp1,-0.16250606555810476,0.5284990293978508,0.0914884241556795,0.999987547004426,False,False,False
Itgb7,-0.46172338495340065,2.736796802060617e-05,-0.454355597159357,0.999987547004426,True,False,False
Myg1,0.16882596307035894,0.30257047770673523,-0.0958109624940846,0.999987547004426,False,False,False
Rarg,0.8373766285871791,0.0034901936300325382,-0.824178357119035,0.999987547004426,True,False,False
Pfdn5,-0.026484922383298682,0.9104677433261092,-0.527443748453461,0.999987547004426,False,False,False
Efnb2,0.7718369100376901,0.137262525690554,0.060867786383378,0.999987547004426,False,False,False
Srr,-0.11099027149703965,0.800388173541262,-0.283049735666496,0.999987547004426,False,False,False
Acp5,-0.23839526023012356,0.03366856991006666,-0.0304448384847928,0.999987547004426,True,False,False
Fbxo9,0.09134780312204362,0.694423242181034,-0.172143238213346,0.999987547004426,False,False,False
Vps50,0.042271389898996634,0.8661793495971146,-0.30010757341613,0.999987547004426,False,False,False
Zmat2,0.08775402106608847,0.5730004092542467,-0.247953845266045,0.999987547004426,False,False,False
Smg5,-0.14125211726104142,0.5163209334021412,-0.287148115757615,0.999987547004426,False,False,False
Glmp,0.28535743010161946,0.017469865023227785,-0.466169789357169,0.999987547004426,True,False,False
Mef2d,0.05032834094162821,0.8061001219520707,-0.277647114911527,0.999987547004426,False,False,False
Snd1,0.1962363276944816,0.23585889835740276,0.721656932499018,0.999987547004426,False,False,False
Slc19a1,-0.11047393916426015,0.8393690363813713,-1.00490625212478,0.999987547004426,False,False,False
Kpnb1,-0.2572644588000938,0.14180894514051645,-0.204208299446277,0.999987547004426,False,False,False
Npepps,0.1235363373856815,0.5622547837939309,-0.310907415456632,0.999987547004426,False,False,False
Tbx21,0.1571394678519092,0.49307936910721,-0.178006838767103,0.999987547004426,False,False,False
Mrpl10,0.012813619212845698,0.9598015254340563,-0.490758939998264,0.999987547004426,False,False,False
Tcf25,0.15611126097653802,0.2359090416113138,-0.11687463926568,0.999987547004426,False,False,False
Tubb6,0.9846315486841929,2.911487990328982e-12,0.334228703780433,0.999987547004426,True,False,False
Def8,-0.04635417853736368,0.895404295441151,0.413365886250921,0.999987547004426,False,False,False
Itfg2,0.013146541236448005,0.9712715529337658,-0.12152230561459,0.999987547004426,False,False,False
Tulp3,-0.13491630401424623,0.7859257820161194,-0.193968878212319,0.999987547004426,False,False,False
Gtf2h4,0.06103327739205996,0.8517340762742104,-0.329420485915971,0.999987547004426,False,False,False
Tubb5,-0.13364692380410353,0.34578462264260423,-0.328728512528913,0.999987547004426,False,False,False
Nom1,-0.07121511190503867,0.7695102517101734,-0.279451780750034,0.999987547004426,False,False,False
Ergic1,0.20751957779115235,0.16906020583621587,-0.392926860822892,0.999987547004426,False,False,False
Acap1,-0.4460550419790382,0.004270140509518563,-0.0709489469352729,0.999987547004426,True,False,False
Ifrd1,0.4181089732047109,0.027328784907419253,0.694856422293261,0.999987547004426,True,False,False
Stk38l,-0.16524878835035864,0.5407450932731949,0.662625399889656,0.999987547004426,False,False,False
Gstt1,3.0603652738383813,3.2892263936895146e-07,-0.275048713017496,0.999987547004426,True,False,False
Gstt3,1.1000080664180918,2.449825284744788e-06,-0.548013920473147,0.999987547004426,True,False,False
Ddt,0.8100035271842924,5.7465326930324887e-05,-0.0743600495254251,0.999987547004426,True,False,False
Ddx18,-0.09647355547733047,0.6263772282656914,0.1119501554655,0.999987547004426,False,False,False
Ubl3,0.5221820903378076,5.350382018162238e-07,-0.116420992279621,0.999987547004426,True,False,False
Eef1e1,-0.07800963394295138,0.7463182019369935,-0.000993214500002,0.999987547004426,False,False,False
Akt1,0.3310093342264757,0.007435652625030344,-0.243449077821766,0.999987547004426,True,False,False
Tcirg1,0.021175242706810406,0.9169672793840236,-0.61286428195513,0.999987547004426,False,False,False
Naglu,0.21385318318185986,0.39925130031231293,-0.56714784155832,0.999987547004426,False,False,False
Coasy,0.1557830089531618,0.531224069827523,-0.287087787487443,0.999987547004426,False,False,False
Smo,0.976193074156073,0.009963470208849327,-0.258252807211871,0.999987547004426,True,False,False
Tspan33,0.18171298831951727,0.36149047092888104,-0.27515282832919,0.999987547004426,False,False,False
Crnkl1,0.15831983846788877,0.37883979065067735,0.349918399909661,0.999987547004426,False,False,False
Rin2,0.2154311692639954,0.2272333002432734,-0.629265180601239,0.999987547004426,False,False,False
Chordc1,-0.20446487570508673,0.20903628798168836,-0.13057114365532,0.999987547004426,False,False,False
Rtcb,0.022701769146177036,0.9099469539588411,-0.498660788686673,0.999987547004426,False,False,False
Pwp1,0.11851518105554833,0.5251708981133513,-0.375397769137698,0.999987547004426,False,False,False
Fbxo7,-0.03705393843033778,0.8838822500297288,0.0249548569817737,0.999987547004426,False,False,False
Capns1,0.4207900406301792,0.003227002148144395,-0.582935314816544,0.999987547004426,True,False,False
Clpb,0.6075801361916111,9.538513080018653e-05,0.897352641611855,0.999987547004426,True,False,False
Septin7,0.038979110907155716,0.8070161212417601,-0.193679702536684,0.999987547004426,False,False,False
Rac1,0.1435852980055823,0.20784970822363757,0.209792352733937,0.999987547004426,False,False,False
Nup214,-0.32915062846801807,0.02005319164323794,-0.194555612175231,0.999987547004426,True,False,False
Ugp2,0.4232476621376561,0.0008696472500628356,-0.161495125086843,0.999987547004426,True,False,False
Nacc1,0.16554387827407407,0.5505090959840879,0.0526855339921362,0.999987547004426,False,False,False
Nfix,0.7019090997149005,1.3733556547783911e-05,0.242382321533613,0.999987547004426,True,False,False
Slc1a5,0.11841921681110325,0.4924806669950159,-0.814285346847874,0.999987547004426,False,False,False
Uba1,0.06978684459737809,0.6852265639871236,-0.308326823975113,0.999987547004426,False,False,False
Vwf,-0.12035837227028551,0.7965820815969562,-0.55676154438631,0.999987547004426,False,False,False
Vsig2,-1.657250925820125,0.04727537969621798,-0.0563614386971789,0.999987547004426,True,False,False
Esam,-0.31013213987597726,0.03382956550795997,-0.299934795021852,0.999987547004426,True,False,False
Spa17,-0.7907341928603352,0.16439391595940156,0.694019801179446,0.999987547004426,False,False,False
Fam50a,0.08828749629594991,0.5774940056973609,-0.114037743075001,0.999987547004426,False,False,False
Emd,0.22270060959756557,0.1654120165942074,-0.0112526746906783,0.999987547004426,False,False,False
Taco1,-0.14335494047701944,0.7249539683589981,-0.0028512493696517,0.999987547004426,False,False,False
Gria3,0.7382538290359889,0.007441723059754333,-0.672246759985695,0.999987547004426,True,False,False
Sipa1l2,0.47215129274362483,0.1707600576378365,0.886548138465087,0.999987547004426,False,False,False
Ap4e1,0.03946228654468042,0.9123927946689812,-0.247757557020711,0.999987547004426,False,False,False
Blvra,0.3918744983686019,0.0010626689577713398,-0.921437390417644,0.999987547004426,True,False,False
Pdzd4,-0.14427894501280245,0.9085338510093045,-0.509711874003624,0.999987547004426,False,False,False
Pnck,1.5204644895432717,0.037505379166661905,-0.612836835774221,0.999987547004426,True,False,False
Ssr4,0.15333559978919795,0.3459609521641331,-0.0993767861182304,0.999987547004426,False,False,False
Fam98a,-0.11652311505973756,0.6509939188256393,-0.266276214355913,0.999987547004426,False,False,False
Ltbp2,-0.39793135876716174,0.44762858137607814,-0.796220159868199,0.999987547004426,False,False,False
Kmt2a,-0.032446215645126356,0.9065569729327863,-0.416376063931211,0.999987547004426,False,False,False
Ift46,-0.15312981046103658,0.5368746446057585,-0.0136085221170674,0.999987547004426,False,False,False
Tmem25,0.6325647760793832,0.28055712805233024,-0.279753349630275,0.999987547004426,False,False,False
Trappc6a,0.2622338552463945,0.08119737916924742,-0.201647035906428,0.999987547004426,False,False,False
Supt6,-0.3099231663185603,0.07656148360305479,-0.28283724164738,0.999987547004426,False,False,False
Spag5,-0.6578975776531373,0.022994022172528657,-0.36660678268575,0.999987547004426,True,False,False
Unc119,-1.2714395289710811,1.5206172484151937e-18,-0.60576333800334,0.999987547004426,True,False,False
Ccne1,-0.21578037405831302,0.44150999825733434,-0.304072073943792,0.999987547004426,False,False,False
Hsf2bp,0.7322455260409071,0.365683464726794,-0.273646654240763,0.999987547004426,False,False,False
Bbc3,0.20616987607780501,0.4524816527443202,-0.604332708429086,0.999987547004426,False,False,False
Mybpc3,0.17286382301196276,0.8540959362123737,0.349722544026711,0.999987547004426,False,False,False
Psmc3,0.1514460472874628,0.23491691253702213,-0.0536339648011817,0.999987547004426,False,False,False
Acp2,0.33308556511313625,0.025580345562297897,-0.38379716965834,0.999987547004426,True,False,False
Rapsn,0.4296422934869307,0.6888373876376747,-0.189169356058391,0.999987547004426,False,False,False
Slc39a13,0.28893839681975236,0.15226381244252402,-0.381335757886116,0.999987547004426,False,False,False
Ddb2,-0.02246216078675885,0.9322673496091408,-0.224702234072658,0.999987547004426,False,False,False
Spi1,0.1526501551274788,0.1937099653638228,-0.477456047143515,0.999987547004426,False,False,False
Stat6,0.2752356621673126,0.02544717414961089,-0.21170330329752,0.999987547004426,True,False,False
Napsa,-0.23508097167758477,0.05391274691759032,0.184277793054485,0.999987547004426,False,False,False
Vrk3,-0.09730370811709302,0.61975245866575,-0.581604148452085,0.999987547004426,False,False,False
Smg9,-0.09017036669397309,0.7457508315129342,0.275178527283905,0.999987547004426,False,False,False
Paxip1,0.10399647912207755,0.6881275576760655,-0.0732118987821462,0.999987547004426,False,False,False
Rmnd5a,-0.2624575367777979,0.11773452839075718,-0.0940759041164192,0.999987547004426,False,False,False
Mov10,0.27003739376006874,0.24158755156613743,0.600453725023642,0.999987547004426,False,False,False
Rhoc,1.4511070481053117,0.0008802700990439611,-0.309162984469985,0.999987547004426,True,False,False
Ppard,0.11859603685381062,0.8780743788686124,-0.196268191842252,0.999987547004426,False,False,False
Def6,-0.0723772097164222,0.7730668213409589,-0.175895630223982,0.999987547004426,False,False,False
Metrn,0.7466694021997168,0.0004301377186012386,-0.247098368800007,0.999987547004426,True,False,False
Lmf1,0.22529639729051296,0.3179024321737746,-0.639867780750474,0.999987547004426,False,False,False
Ciao3,0.1496645240207146,0.4264821290162286,-0.0255854885595248,0.999987547004426,False,False,False
Angptl4,0.6891032715349542,0.0761095991836681,-0.704357551890956,0.999987547004426,False,False,False
Dbf4,-0.1314891811104657,0.5523262054146649,-0.270933395073491,0.999987547004426,False,False,False
Daxx,0.13141239478807504,0.525984928062011,-0.428878922243073,0.999987547004426,False,False,False
Cd320,0.16528003148021733,0.6560926904920512,-0.238945451133603,0.999987547004426,False,False,False
Ipo4,0.5092717830004883,0.057951851123780436,-0.0069469338086944,0.999987547004426,False,False,False
Rec8,0.697352434031331,0.3513926919386365,-0.842457129860784,0.999987547004426,False,False,False
Irf9,-0.029617622768180175,0.8757729998206848,-0.0224332993708902,0.999987547004426,False,False,False
Mdp1,-0.05753209348600934,0.735015625756383,-0.0443123824147609,0.999987547004426,False,False,False
Dhrs1,0.3986982983028378,0.0018947568626016687,-0.51366117013136,0.999987547004426,True,False,False
Ncan,-0.36976186213753887,0.4809782373499616,0.06695475611407,0.999987547004426,False,False,False
Tmem161a,-0.07127923459690731,0.7931164165307376,-0.474164742936928,0.999987547004426,False,False,False
Armc6,-0.2208466102675603,0.564243727022649,-0.219827580045683,0.999987547004426,False,False,False
Slc25a42,-0.019587784684740758,0.975952345985918,-0.267952034995417,0.999987547004426,False,False,False
Snx9,-0.35687577447805247,0.00927329540231122,0.0455622902937964,0.999987547004426,True,False,False
Ranbp3,0.05580244666262452,0.7836857267426761,-0.243281595287386,0.999987547004426,False,False,False
Ndufa11,0.24057238727538144,0.08325772160197704,-0.163915572320297,0.999987547004426,False,False,False
Nr2f6,0.7438739539249694,1.72513158443252e-05,-0.517224450971182,0.999987547004426,True,False,False
Use1,0.05102969483128848,0.7768066252192696,-0.393685562693094,0.999987547004426,False,False,False
Ocel1,0.0754870298495908,0.7843056678010846,-0.0417193598484022,0.999987547004426,False,False,False
Dyrk1b,0.3615674895317824,0.25601807532910603,-0.418134234747751,0.999987547004426,False,False,False
Braf,0.13885864646477014,0.6301062288564775,0.1290835667193,0.999987547004426,False,False,False
Ndufb2,0.16587861377222368,0.41896890779131823,-0.181772065415474,0.999987547004426,False,False,False
Hltf,-0.10099239554929686,0.5774940056973609,0.190660191338685,0.999987547004426,False,False,False
Rgs19,-0.03498965508294527,0.8510071497288432,-0.408985697602649,0.999987547004426,False,False,False
Snrpd1,-0.030575033432459126,0.882816928624448,0.0490303933386214,0.999987547004426,False,False,False
Tchp,-0.25703998195492167,0.43609632821246036,-0.38674541306143,0.999987547004426,False,False,False
Tiam1,1.062864285535649,0.0002239655870901032,-1.00758468660452,0.999987547004426,True,False,False
Tsc2,0.12184499029292813,0.6669986107142242,-0.67160119680274,0.999987547004426,False,False,False
Puf60,-0.0009952270102193623,0.9959305395465365,-0.334098213002937,0.999987547004426,False,False,False
Uck1,-0.02273785757888263,0.9260815477416555,-0.087805640779103,0.999987547004426,False,False,False
Scin,0.16940627571934458,0.6388657250805742,0.945076181892919,0.999987547004426,False,False,False
Mien1,0.08686749658914954,0.6398740839997363,-0.404441298500975,0.999987547004426,False,False,False
Axl,0.6880556240566978,0.007426142101306592,-1.09637389253304,0.999987547004426,True,False,False
Tgfb1,0.5914057148443271,3.755620913537954e-06,-0.342045094016902,0.999987547004426,True,False,False
Ccdc97,0.04768458585505966,0.8353566546105136,-0.188125315115208,0.999987547004426,False,False,False
Zfp40,-0.12771587426847353,0.8239613255299688,0.495660341941005,0.999987547004426,False,False,False
Akap8l,-0.1253151730544637,0.40763631218695817,-0.357480333416909,0.999987547004426,False,False,False
Pdcd2l,-0.023685626491958482,0.916958213383026,0.256471513142102,0.999987547004426,False,False,False
Alkbh7,0.3163150475403035,0.1305448210861342,-0.076889617879198,0.999987547004426,False,False,False
Med6,0.03934772842426869,0.8812730025215434,-0.0660762346878698,0.999987547004426,False,False,False
Lcp2,-0.10850209609938986,0.4790492962659604,0.321127421101255,0.999987547004426,False,False,False
Cse1l,0.1647548459900196,0.3876143068806583,-0.819960318942186,0.999987547004426,False,False,False
Prkra,0.39607813898865596,0.011370432617049647,-0.624385646595112,0.999987547004426,True,False,False
Fkbp7,0.6298794767114696,0.0814542811160211,-0.222402068637568,0.999987547004426,False,False,False
Plekha3,0.4294449179691675,0.0006446285245597456,0.0302921213847362,0.999987547004426,True,False,False
Ykt6,0.061925119246742995,0.7815926266150444,0.34270214292575,0.999987547004426,False,False,False
Baz1b,-0.26915220708090487,0.05941391493369967,0.0241112680854227,0.999987547004426,False,False,False
Pex6,0.13362711282827924,0.60931174202661,-0.407026440870576,0.999987547004426,False,False,False
Gnmt,0.26382315916290644,0.6724446865270977,-0.896170863773339,0.999987547004426,False,False,False
Kdelr1,0.09166748187649693,0.6494320145535689,-0.382794681023185,0.999987547004426,False,False,False
Tmem143,-0.2691630379757456,0.494067767846894,-0.312465459118943,0.999987547004426,False,False,False
Ggct,-0.2456822553283456,0.23978196029836307,-0.181309111577868,0.999987547004426,False,False,False
Jag2,0.6443928155972649,0.2428789953188196,-0.0709016116002461,0.999987547004426,False,False,False
Btbd6,0.14709786769675798,0.6825140286297041,-0.524593906523408,0.999987547004426,False,False,False
Nudt14,0.03953182054348933,0.8393690363813713,-0.182567762196259,0.999987547004426,False,False,False
Epdr1,-0.41757724053251194,0.7230907973996046,-0.940696780476493,0.999987547004426,False,False,False
Flii,0.07508419039096094,0.6722454000371552,-0.382033063170744,0.999987547004426,False,False,False
Top3a,-0.01192935846566139,0.9831636975666895,0.360726198236546,0.999987547004426,False,False,False
Atg4d,0.14971272735509264,0.5898818756241644,-0.250374202983366,0.999987547004426,False,False,False
Qtrt1,-0.062362646264415275,0.869931202071975,-0.127831111829897,0.999987547004426,False,False,False
Hdgfl2,0.14568074194871916,0.45169438457467426,-0.25636794915488,0.999987547004426,False,False,False
Adprh,0.015297137987232505,0.9474554188461275,-0.023256061878568,0.999987547004426,False,False,False
Tmem39a,0.04204456664273786,0.8645388169034103,0.109788947801895,0.999987547004426,False,False,False
Mcm2,-0.05454791785418648,0.8167566060017868,-0.2722654938554,0.999987547004426,False,False,False
Tpra1,0.3572405238996952,0.02350673050629471,0.0381853020202829,0.999987547004426,True,False,False
Adgre5,-0.33065606915741164,0.03512964196656829,0.0100073165289096,0.999987547004426,True,False,False
Il17ra,-0.11963764918376164,0.46272234221243286,0.669554406572667,0.999987547004426,False,False,False
Arrdc2,-0.0955164538350896,0.7617786090178159,-0.410629510414905,0.999987547004426,False,False,False
Map2k7,0.22773051139335987,0.32485032360102445,-0.123567996118373,0.999987547004426,False,False,False
Timm44,0.12368627147698413,0.5665777312491144,-0.223714917784921,0.999987547004426,False,False,False
Ap2a2,0.01124098339844208,0.9663520136448134,-0.320857212281125,0.999987547004426,False,False,False
Med25,0.3969426980862368,0.026685481382710836,-1.30171291919038,0.999987547004426,True,False,False
Clptm1,0.4483969042298986,1.5087081065194191e-05,-0.33212542934326,0.999987547004426,True,False,False
Relb,0.5319471222783,9.280578564048124e-06,-0.411348526937528,0.999987547004426,True,False,False
Tomm40,0.23148880945070008,0.16047349426079796,-0.225034974380909,0.999987547004426,False,False,False
Apoe,0.6391531146719059,1.043324233813234e-05,-0.752841823782918,0.999987547004426,True,False,False
Apoc2,1.0289891600719836,0.200823705442172,-2.42207047542978,0.999987547004426,False,False,False
Hbp1,0.29620719728276623,0.03973646251723488,-0.0763332883927488,0.999987547004426,True,False,False
Prkar2b,-0.25195700950347505,0.24935749307608776,-0.0504588017651626,0.999987547004426,False,False,False
Cdkn1b,0.10739056695485248,0.599752525606645,0.385788962745949,0.999987547004426,False,False,False
Klf4,0.4299918090564261,0.015323839487210002,-0.358808347951522,0.999987547004426,True,False,False
Ap1m1,0.11972567524547399,0.4304366575388486,-0.0789931792724321,0.999987547004426,False,False,False
Rab8a,0.06801624212071639,0.6724446865270977,0.123856864878073,0.999987547004426,False,False,False
Hmgn2,-0.0338589891097891,0.8702754750259336,-0.200810895636709,0.999987547004426,False,False,False
Fam32a,0.11179154393187252,0.5254075580619154,0.187601768863122,0.999987547004426,False,False,False
Stard3nl,-0.014146175876934867,0.9470024197805506,-0.164022427470032,0.999987547004426,False,False,False
Stk11,0.13485626353201388,0.5078483268128853,0.162332744028697,0.999987547004426,False,False,False
Efna2,-0.35934267684387544,0.4262646600403762,-0.169604007531095,0.999987547004426,False,False,False
Ppp5c,0.09068827898648062,0.6668951138145266,-0.679915515342232,0.999987547004426,False,False,False
Cdk12,-0.4113249602621881,0.032180930038024955,-0.130488681654425,0.999987547004426,True,False,False
Lipe,0.06654636309193679,0.8386585469965269,-0.772827028922694,0.999987547004426,False,False,False
Pafah1b2,0.23922299805907177,0.09628429663293085,-0.326671088615947,0.999987547004426,False,False,False
Tbc1d8,0.10729232596633079,0.5552451678729228,-0.408295094118746,0.999987547004426,False,False,False
Cnot11,0.07365348658504514,0.7529830461379574,-0.435473760115186,0.999987547004426,False,False,False
Slc2a3,-0.48257913781364964,0.0025007148587009027,-0.343513071877062,0.999987547004426,True,False,False
Foxj2,-0.005218214902015247,0.9897892016007414,-0.218512101310792,0.999987547004426,False,False,False
Irf3,-0.05483359790988146,0.7693350068227236,-0.115795573744101,0.999987547004426,False,False,False
Zfp959,-0.2845569960133153,0.174815302703313,-0.108727392865686,0.999987547004426,False,False,False
Mpnd,0.48218351245273455,1.4405918619880386e-05,-0.138306449744968,0.999987547004426,True,False,False
Sh3gl1,-0.063016020885598,0.7812124918250645,0.245518095465527,0.999987547004426,False,False,False
Ebi3,-0.8062497502822588,1.412019688922263e-11,-0.294597294086855,0.999987547004426,True,False,False
Ranbp2,-0.2923305141573568,0.07807742477053659,-0.482362086391853,0.999987547004426,False,False,False
Grk5,0.32963761419861365,0.4304366575388486,-1.82028288901376,0.999987547004426,False,False,False
Dvl3,-0.11196047957755355,0.7125760636831777,-0.272729720841107,0.999987547004426,False,False,False
Eif2b5,0.04787633926217471,0.8414628199470477,0.236736573469297,0.999987547004426,False,False,False
Cyth2,0.27057398466451293,0.13376724975133833,-0.184699061387132,0.999987547004426,False,False,False
Hck,0.00514940984132993,0.980736258761841,-0.276568265733042,0.999987547004426,False,False,False
Mrpl4,0.07636182427301864,0.6852120544425846,-0.324301354893064,0.999987547004426,False,False,False
Keap1,-0.02425483021598685,0.9229348053929266,-0.462265472522431,0.999987547004426,False,False,False
Ap1m2,-0.40994733186087645,0.5500532979452145,-0.626087521745439,0.999987547004426,False,False,False
Glg1,0.07153896869085791,0.6962774753520017,0.0288893020522654,0.999987547004426,False,False,False
Btbd2,0.39983451884887716,0.04333818808344832,-0.887809856303001,0.999987547004426,True,False,False
Abhd17a,0.32772937883736075,0.012452003627847732,-0.175583802116878,0.999987547004426,True,False,False
Mob3a,-0.11874406700545426,0.42124443250183025,-0.26949486715352,0.999987547004426,False,False,False
Cacnb3,-0.28715748757890674,0.27620848772212125,-0.496682940636503,0.999987547004426,False,False,False
Ddx23,-0.3957947431008685,0.06607424832814152,-0.171038704287164,0.999987547004426,False,False,False
Pld3,1.1642308823470213,1.147331295841906e-06,-0.42487472733929,0.999987547004426,True,False,False
Grik5,-0.46957238834778225,0.502590099793801,0.0275077083986659,0.999987547004426,False,False,False
Rabac1,0.27527701511946445,0.04925055779473492,-0.420353935367246,0.999987547004426,True,False,False
Etv3,-0.2819162253524417,0.0733142734918806,0.283772823209598,0.999987547004426,False,False,False
Prkcsh,0.3516236560067425,0.03977939590517583,-0.737155549422336,0.999987547004426,True,False,False
St8sia6,0.09595438780829509,0.5898091010059608,-0.260736968375308,0.999987547004426,False,False,False
Fcgrt,0.6750929436502179,3.9541847163161373e-10,-0.865174735353602,0.999987547004426,True,False,False
Pih1d1,0.2539100654722226,0.09603179457577961,-0.102328094231385,0.999987547004426,False,False,False
Rps11,-0.009818170014576544,0.9721198100126763,0.0269451937667666,0.999987547004426,False,False,False
Supt5,0.0755020395686187,0.6892195903959338,-0.343593729099711,0.999987547004426,False,False,False
Paf1,0.4328197037513328,0.0018728817093167831,-0.377642151597801,0.999987547004426,True,False,False
Timm50,0.08189343358245671,0.6544055440183628,-0.10325857381053,0.999987547004426,False,False,False
Bicd1,-0.054078202027800226,0.8982253818413249,-0.389568564218867,0.999987547004426,False,False,False
Ncstn,0.14835661233275502,0.30677432917987535,-0.178608598787169,0.999987547004426,False,False,False
Pex19,0.28378379217696503,0.05145006691152548,-0.246094457506556,0.999987547004426,False,False,False
Cyp4f18,0.9388394077044387,7.952207604134809e-06,-0.516755495897235,0.999987547004426,True,False,False
Impdh1,0.18930719479895208,0.5930315941971409,0.499963079199108,0.999987547004426,False,False,False
Prodh,-0.0748274686582884,0.9340251479621773,-0.160455944363629,0.999987547004426,False,False,False
Ess2,0.07859171085348675,0.7363763639096268,-0.0387326937036345,0.999987547004426,False,False,False
Slc25a1,0.48287852006171206,3.742629776683687e-05,0.196410204409242,0.999987547004426,True,False,False
Dgcr6,0.6777891693842371,0.006733031410596349,0.318804554296782,0.999987547004426,True,False,False
Ddr1,-0.11273462394435843,0.5578432921157407,-0.412921472029148,0.999987547004426,False,False,False
Ier3,0.31761615803163196,0.08700127419503219,-0.538675965153698,0.999987547004426,False,False,False
Fosb,0.43470581148013837,0.043173506398024135,-0.17770153445486,0.999987547004426,True,False,False
Klc4,0.4387496030190067,0.05887686345324556,-0.288646303556082,0.999987547004426,False,False,False
Ercc1,-0.05068107631687944,0.8461510911361776,-0.210708756685006,0.999987547004426,False,False,False
As3mt,0.7454624043763518,1.6855714490097284e-07,0.593740705594975,0.999987547004426,True,False,False
Homer3,0.7134965327026138,0.1484179963469576,-0.353181868030391,0.999987547004426,False,False,False
Crtc1,-0.2767517423071934,0.3637628662441594,-0.0647096258593116,0.999987547004426,False,False,False
Rnf215,-0.01165913804639902,0.969466585136908,-0.160463016994163,0.999987547004426,False,False,False
Aven,0.6089846618643971,8.892563380667622e-06,0.140081098762987,0.999987547004426,True,False,False
Cp,0.7688032302903929,0.18114544437276875,-1.08255970337701,0.999987547004426,False,False,False
Rps6ka1,-0.08647725995296003,0.6280812142280496,-0.564290834161844,0.999987547004426,False,False,False
Ciao1,0.10286533424547857,0.5338600782899463,-0.222240224546868,0.999987547004426,False,False,False
Taf6l,0.19953684595941293,0.3239863770495837,-0.0039480594823793,0.999987547004426,False,False,False
Insig2,0.10631675480640793,0.6092658328637041,-0.398572374592031,0.999987547004426,False,False,False
Kpna6,-0.16808930637388952,0.576049960580805,-0.32520832840718,0.999987547004426,False,False,False
Man1a,-0.06966268792684495,0.6588394061977306,0.313809777475186,0.999987547004426,False,False,False
Itpkc,0.15600496234042877,0.7355722805013882,-0.311796791479051,0.999987547004426,False,False,False
Coq8b,0.324730239004064,0.10587191631583415,-0.177417494869851,0.999987547004426,False,False,False
Kif20a,-0.2627833272415402,0.31565348773202523,0.0132314769695165,0.999987547004426,False,False,False
Farsa,0.03704511486772812,0.8747464316665057,-0.331168895910077,0.999987547004426,False,False,False
Gcdh,-0.026513101840105704,0.9396693051568609,-0.212518763649005,0.999987547004426,False,False,False
Mast2,-0.28936187705815886,0.3516323513989468,-0.599070360120451,0.999987547004426,False,False,False
Dnase2a,-0.11868944234096522,0.5830850847719783,-0.314333273848248,0.999987547004426,False,False,False
Rad23a,0.1128462003046917,0.48152302764162797,-0.189349490525734,0.999987547004426,False,False,False
Calr,0.2599836884561625,0.01973483781728932,-0.167506025626208,0.999987547004426,True,False,False
Syce2,-0.18072664527124163,0.31094802336428257,0.113380816241644,0.999987547004426,False,False,False
Nfat5,0.0806291743040763,0.7487509288349834,0.997421798692557,0.999987547004426,False,False,False
Nob1,-0.14618727577478002,0.5046060256009842,-0.0216474202796579,0.999987547004426,False,False,False
Nqo1,0.1698373270619627,0.9053113181564424,-0.430658112383633,0.999987547004426,False,False,False
Ppfia3,0.06763970761130239,0.9279169160857534,-0.0840966396469645,0.999987547004426,False,False,False
Gys1,-0.016883346079413754,0.971018126539212,-0.0754680812040629,0.999987547004426,False,False,False
Bax,0.4272342426552919,0.00016785123982668794,-0.384725431642135,0.999987547004426,True,False,False
Il7r,-0.3245808895605575,0.2254957551001511,0.696893169139908,0.999987547004426,False,False,False
Tfam,0.09395815715990567,0.6166407305922343,-0.318282931257134,0.999987547004426,False,False,False
Zfp81,-0.38302609216078015,0.11180307740236542,-0.160890433228182,0.999987547004426,False,False,False
Mmd,0.3532309439099207,0.5710503410154805,0.692484946126168,0.999987547004426,False,False,False
Fam162a,-0.04314397714979505,0.8539221026985198,-0.278448136805139,0.999987547004426,False,False,False
Rpl8,-0.07190790105523906,0.669236970230596,0.0362901395296493,0.999987547004426,False,False,False
Ssbp2,0.6980095767228194,1.1442652896986814e-05,-0.458077579481458,0.999987547004426,True,False,False
Gstm5,1.2334727956611193,0.018325111591239212,-0.295841853122412,0.999987547004426,True,False,False
Stat3,0.03791668310390361,0.8525833097912482,-0.433550422987222,0.999987547004426,False,False,False
Stat5a,0.04987350691123992,0.868359643826167,-0.0701109697306563,0.999987547004426,False,False,False
Akt2,0.0736699262185359,0.7331563563104613,-0.218354940066904,0.999987547004426,False,False,False
Dnaja3,0.156780761697939,0.4992511222310467,-1.5938484322059,0.999987547004426,False,False,False
Hmox2,-0.035991076173913776,0.8354821247648093,0.229249177461258,0.999987547004426,False,False,False
Cdip1,0.3582035202217827,0.009450320708781264,-0.0563071227273522,0.999987547004426,True,False,False
Map3k20,0.3178496733434197,0.2582204126194056,0.123325756362282,0.999987547004426,False,False,False
Dnmt1,-0.3284105146672681,0.041988835440361943,-0.441456611479396,0.999987547004426,True,False,False
Ppan,0.043581142732882536,0.8709094217903383,-0.219829025421834,0.999987547004426,False,False,False
Cacna1e,-1.6550453338535465,1.484671199095871e-11,-0.202859933134595,0.999987547004426,True,False,False
Trmt10a,-0.16334323888030525,0.5927237584322476,-0.661334832668564,0.999987547004426,False,False,False
Etv1,-0.39936058443943423,0.7558106343842431,-0.56786330849198,0.999987547004426,False,False,False
Kifc2,0.16557866923637996,0.8394015270282259,-0.241025474495229,0.999987547004426,False,False,False
Psap,0.6973426669276024,2.2509869160254526e-07,-0.74797950840506,0.999987547004426,True,False,False
Wars2,-0.598031517720957,0.011894172098098003,-0.0791258313623917,0.999987547004426,True,False,False
Atn1,0.239862934808214,0.6922405427390111,-0.447706405924408,0.999987547004426,False,False,False
Ptpn6,-0.1517681659231915,0.23679440113221484,-0.241270176175721,0.999987547004426,False,False,False
Eno2,0.46678491203556827,0.13855373536141477,-0.822300086229722,0.999987547004426,False,False,False
Emg1,-0.10140708644888434,0.5145377259460359,0.0315300062840871,0.999987547004426,False,False,False
Atp6v1f,0.14847159222404352,0.29063543753219573,-0.119663915438912,0.999987547004426,False,False,False
Il12b,-0.11773015027366082,0.8464330765156765,-0.560726192895945,0.999987547004426,False,False,False
Clcn5,0.11162732845670864,0.8542339160295075,0.164699426380262,0.999987547004426,False,False,False
Clcn3,-0.3721223041964461,0.010921965108921324,-0.108463617920824,0.999987547004426,True,False,False
Utp20,-0.010274247719241347,0.983631551734873,-0.37547455264925,0.999987547004426,False,False,False
Spic,1.507213411764625,1.4147600165025212e-32,-0.118662755361409,0.999987547004426,True,False,False
Large1,-0.21396465312823107,0.8169065423557739,0.0662762561580061,0.999987547004426,False,False,False
Ddx56,0.0517925124687943,0.8225766044086852,-0.492476630590065,0.999987547004426,False,False,False
Tmed4,0.18409056811038912,0.1826002550791274,-0.563099243209095,0.999987547004426,False,False,False
Bid,-0.4250659182059373,0.005643270015251825,-0.125015151960458,0.999987547004426,True,False,False
Ralb,0.2512254701502299,0.13959427179138234,-0.0324591421797233,0.999987547004426,False,False,False
Ppp1cc,0.10910558711683094,0.4203613921952411,-0.194931831203925,0.999987547004426,False,False,False
Dnajb11,0.18659593425156062,0.1456824703824666,0.0118823598260693,0.999987547004426,False,False,False
Clec11a,0.28974290291972443,0.726110937233694,-0.152288981848896,0.999987547004426,False,False,False
Zfp324,0.22526680345526376,0.6390410257259573,-0.110273186277477,0.999987547004426,False,False,False
Gab2,-0.007284665816468962,0.983631551734873,0.956691996371678,0.999987547004426,False,False,False
Coro1c,0.3346433368033787,0.0043181417121323454,-0.372442765960825,0.999987547004426,True,False,False
Tax1bp1,-0.012872946343247791,0.9474554188461275,0.339451593966452,0.999987547004426,False,False,False
Ctse,0.8423025587975299,0.005475672226410508,-0.342069245052585,0.999987547004426,True,False,False
Mettl17,-0.15763428851116046,0.40012715703811447,-0.208722010223871,0.999987547004426,False,False,False
Arhgef40,0.08275772617721006,0.8159262407881156,-0.564901414290157,0.999987547004426,False,False,False
Pnpla6,-0.2982003567463536,0.2192691004074329,0.185977766461717,0.999987547004426,False,False,False
Mcoln1,0.09612714766793098,0.6201054258932199,-0.030852244239906,0.999987547004426,False,False,False
Arhgef18,-0.15765156972162706,0.5216979439796254,-0.782492422722727,0.999987547004426,False,False,False
Pkn2,-0.10849617347397623,0.5423150362114776,0.106454738011319,0.999987547004426,False,False,False
Cd33,-0.17518724934816365,0.49778284918998905,-0.145575372957406,0.999987547004426,False,False,False
Etfb,0.2767882839984691,0.021307707065117157,-0.313297936820726,0.999987547004426,True,False,False
Stxbp2,0.3062297757385191,0.01013256009447754,-0.0389468094017662,0.999987547004426,True,False,False
Pcp2,-0.8801555008426927,0.29831798403483056,0.0056586877813442,0.999987547004426,False,False,False
Chn2,-0.3213530213533198,0.008119896584506642,0.608008871313119,0.999987547004426,True,False,False
Wwox,-0.08625394481463373,0.8517340762742104,-0.063153950992465,0.999987547004426,False,False,False
Slbp,0.14954034079956288,0.27864459592293883,-0.307330605689729,0.999987547004426,False,False,False
Arid3b,-0.4019173411042936,0.12271610423073576,-0.528354863500916,0.999987547004426,False,False,False
Cnn2,0.26520683288402086,0.008386579708535343,-0.153739299623517,0.999987547004426,True,False,False
Polr2e,0.32572536713472117,0.004602835416050756,-0.549644394860784,0.999987547004426,True,False,False
Abca13,1.44365638214814,0.058470841350814554,0.804290497098602,0.999987547004426,False,False,False
Myo9b,-0.2437983210846191,0.0830950377503628,-0.154617902006331,0.999987547004426,False,False,False
Hdac9,-0.8900348374453864,3.505214521481445e-08,-0.195016116027031,0.999987547004426,True,False,False
Ly9,0.1372556492182803,0.5382869696931591,-0.874499380706782,0.999987547004426,False,False,False
Cd244a,-0.6229768608341409,1.4703859774050144e-08,0.344208752780368,0.999987547004426,True,False,False
Adgre1,-0.4355956617189257,4.923553535989976e-05,-1.39562736040314,0.999987547004426,True,False,False
Rab23,-0.3449358369518743,0.4147358746224715,0.0163190744417046,0.999987547004426,False,False,False
Rab11a,0.12407307665845398,0.3242505787640033,-0.317474312556064,0.999987547004426,False,False,False
Eif2b2,0.029460148311890727,0.899707200583615,-0.29526334414473,0.999987547004426,False,False,False
Dlst,0.06271814600030426,0.7167874485033449,-0.200760709188385,0.999987547004426,False,False,False
Pgf,1.5063354769078368,0.03266253020907314,-0.609039315110313,0.999987547004426,True,False,False
Ccl24,1.8541723889053585,0.0004857470217746118,-0.654015073641282,0.999987547004426,True,False,False
Dgkq,-0.04865734898234584,0.9244340577772963,-0.0640184983228318,0.999987547004426,False,False,False
Grap,-1.1631634974258922,1.1266965413362257e-24,-0.349567847168341,0.999987547004426,True,False,False
Chmp2b,0.05818169174187636,0.7415310449798997,-0.626695056995366,0.999987547004426,False,False,False
Plod3,0.7852883456895492,3.4928621493671754e-05,-0.312903910249624,0.999987547004426,True,False,False
Ap1s1,0.5097515781909813,5.135800910512086e-06,-0.222669284791768,0.999987547004426,True,False,False
Mapk13,0.685630520091203,0.005709511068865498,-0.565432490865421,0.999987547004426,True,False,False
Srpk1,-0.12151003362453994,0.4524816527443202,-0.263418269445458,0.999987547004426,False,False,False
Lbr,-0.2619909973893587,0.06680576648036697,0.159210321600661,0.999987547004426,False,False,False
Prcc,0.0006166595735127185,0.9987663531639345,-0.286867277927277,0.999987547004426,False,False,False
Hdgf,0.05815504023052315,0.7620345516631871,-0.252053579226407,0.999987547004426,False,False,False
Thop1,-0.007134680275829717,0.9901462360106582,-0.421697600227825,0.999987547004426,False,False,False
Apba3,0.2375749186360924,0.349362895502688,-0.392829672537294,0.999987547004426,False,False,False
Matk,0.542448394868285,8.65866671562415e-05,-0.917099666980073,0.999987547004426,True,False,False
Pias4,0.06978543279396077,0.7749433520074338,-0.337255452214153,0.999987547004426,False,False,False
Map2k1,-0.08352423824302224,0.6650173813710359,-0.456946597538186,0.999987547004426,False,False,False
Sgta,0.17383418223900982,0.24801074489256333,-0.405652105593642,0.999987547004426,False,False,False
Tmem242,-0.14068174436321845,0.3908949145007999,-0.493821010090299,0.999987547004426,False,False,False
Dtx2,0.45660195708172274,0.03349871655255915,-1.14725525250756,0.999987547004426,True,False,False
Hspb1,-1.2359819421842881,0.02864200766090823,-0.200436475835814,0.999987547004426,True,False,False
Rasa4,0.4393321479863377,3.841442717475813e-05,-0.272675024527757,0.999987547004426,True,False,False
Hnrnpa2b1,-0.07202574203145709,0.6623686224322364,-0.234967560367129,0.999987547004426,False,False,False
Fxyd4,-0.24080940703415657,0.6331622637794859,0.299328493145638,0.999987547004426,False,False,False
Mri1,0.3355830295559542,0.014508603639137408,0.0389974709336869,0.999987547004426,True,False,False
Prkacb,-0.061160210597072016,0.7615326636988926,-0.057784834016771,0.999987547004426,False,False,False
Sgsh,-0.21697866146930203,0.3756067089348022,-0.399732579545807,0.999987547004426,False,False,False
Cstb,0.634530104600283,2.3036055800788236e-05,-0.325437702160679,0.999987547004426,True,False,False
Sh2b2,0.405817538751277,0.024798605410147227,-0.149463624090625,0.999987547004426,True,False,False
Pex5,0.22437293537163205,0.40181103577571176,-0.255501339125697,0.999987547004426,False,False,False
Jkamp,0.4174119492748352,0.012022276353725304,-0.132825876527583,0.999987547004426,True,False,False
Cd44,0.01575643157249459,0.960148458105798,-0.155959086472836,0.999987547004426,False,False,False
Slc1a2,0.7540756230553546,0.20723636096631717,0.575515652243147,0.999987547004426,False,False,False
Eif2ak4,-0.05722565749048045,0.8464330765156765,-0.210874746972257,0.999987547004426,False,False,False
Slc2a9,-0.4929247984214319,0.6056005154241267,-0.611810029134547,0.999987547004426,False,False,False
Ndrg1,1.0884934040122112,8.649010085799438e-15,0.899643113424971,0.999987547004426,True,False,False
Man2b1,-0.0967767526983879,0.5171464091201846,-0.0482062548797906,0.999987547004426,False,False,False
Wdr83,-0.09968532482317903,0.6236189955211855,-0.0897278300156827,0.999987547004426,False,False,False
Prdx2,0.33464567247029536,0.007342143210696215,-0.778462076971508,0.999987547004426,True,False,False
Senp3,0.1270880042302021,0.64244803101245,-0.309164653392328,0.999987547004426,False,False,False
Plekha8,0.13859715738458755,0.8472169097782777,-0.0912145880350455,0.999987547004426,False,False,False
Spc25,-0.16723971191688736,0.41022732345677576,-0.170794156923415,0.999987547004426,False,False,False
Dnah2,0.15246393672303415,0.49362356004086144,-0.419586919139029,0.999987547004426,False,False,False
Ufd1,0.07249621808238942,0.6822182282444987,-0.13162265100495,0.999987547004426,False,False,False
Zfp287,-0.4837587054136177,0.14551654869420058,-0.15326217098105,0.999987547004426,False,False,False
Prlr,-0.4283201902262072,0.42026365518303654,0.369919509226167,0.999987547004426,False,False,False
Letm1,0.02652542942770141,0.9135443739709214,-0.0578735910458867,0.999987547004426,False,False,False
Ubqln1,0.08568577041917813,0.6587851322301409,0.161194863040784,0.999987547004426,False,False,False
Cadm3,0.5480222217778378,0.01228298922158669,-0.462781284617256,0.999987547004426,True,False,False
Txn2,0.0986213191339123,0.5345919293015813,0.372572562634233,0.999987547004426,False,False,False
Slc1a3,0.5943885723412459,0.3239863770495837,0.478306029587809,0.999987547004426,False,False,False
Crbn,-0.3334020720243785,0.034557790817437456,1.00200981240075,0.999987547004426,True,False,False
Msh6,0.15942552206401372,0.48587081632687795,0.253950813246553,0.999987547004426,False,False,False
Fbxo11,-0.3777229968474041,0.05162819661336241,-0.319227240797494,0.999987547004426,False,False,False
Nid1,0.4497055572674256,0.6762060380684847,-0.735167920639636,0.999987547004426,False,False,False
Mcm5,-0.23235168535734013,0.149056100890452,0.231398763517266,0.999987547004426,False,False,False
Hmox1,1.9384713318489,2.497808933084044e-06,-0.477214130320106,0.999987547004426,True,False,False
Mprip,-0.11268656654213795,0.6354272899790075,-0.265215843012382,0.999987547004426,False,False,False
Pafah1b3,0.07159674069859705,0.7662555076636866,-0.6058788962378,0.999987547004426,False,False,False
Il27ra,0.6544688467346819,0.004303469590378698,-0.542773208298514,0.999987547004426,True,False,False
Prkaca,0.3089417870506386,0.0831645584319551,-0.247584223093416,0.999987547004426,False,False,False
Asf1b,-0.22471649581155798,0.20477739035629633,-0.216912959996584,0.999987547004426,False,False,False
Ddx39a,0.12970783038848416,0.3291306955465314,0.0115905584895906,0.999987547004426,False,False,False
Dnajb1,-0.7083540300365138,2.1801270468312897e-06,-0.287778375551362,0.999987547004426,True,False,False
Msh4,-1.017019313698988,0.18038061359091007,-0.328191288985674,0.999987547004426,False,False,False
Usp40,-0.1247460821273707,0.6354272899790075,-0.342994661223368,0.999987547004426,False,False,False
Kbtbd4,-0.09668720816931398,0.8033037888983631,-0.0728170601420643,0.999987547004426,False,False,False
Celf1,-0.0985729649549273,0.5959283371829982,-0.274600103121612,0.999987547004426,False,False,False
Por,0.1510499900668645,0.4304366575388486,0.188830447289702,0.999987547004426,False,False,False
Igf1r,1.2695805673379414,0.0009529575978493338,-0.476610857651714,0.999987547004426,True,False,False
Insr,-0.20309888592526928,0.3714694239754783,-0.0326485254360351,0.999987547004426,False,False,False
Atp4a,0.25134639553815225,0.7679708743466398,-0.346029452589162,0.999987547004426,False,False,False
Ube2m,0.39441928812511917,0.000346781406901809,-0.425243791065938,0.999987547004426,True,False,False
Ctr9,0.020089180795397142,0.9448565663112639,-0.227381533977106,0.999987547004426,False,False,False
Eif4g2,-0.04975881869578549,0.7611941847330784,-0.264425223963766,0.999987547004426,False,False,False
Pcyt1a,-0.14979090628220557,0.45473687902954885,-0.181963606328262,0.999987547004426,False,False,False
Zfp592,-0.20235462317188527,0.3010118784871336,-0.31777204136481,0.999987547004426,False,False,False
Psmd4,0.08476190378536766,0.5453628588439721,-0.368394268920737,0.999987547004426,False,False,False
Snx6,0.010446949257882669,0.9610173815486164,-0.285135689637749,0.999987547004426,False,False,False
Mthfd2,-0.25314570977836004,0.04652151791669007,0.0843474627645042,0.999987547004426,True,False,False
Kit,0.03382234991385407,0.8919305080753869,0.318337543976765,0.999987547004426,False,False,False
Tomm40l,-0.15675585315828297,0.5171464091201846,-0.20047774195152,0.999987547004426,False,False,False
Pan2,-0.33581352308548307,0.03975244088235071,-0.0221766766547615,0.999987547004426,True,False,False
Cs,0.10228518997976256,0.49362356004086144,-0.285273631871659,0.999987547004426,False,False,False
Bcas2,0.015993460315189355,0.9397591965781419,-0.13400132624903,0.999987547004426,False,False,False
Ctcf,-0.21693602744238993,0.08675607916362196,0.0054095996456604,0.999987547004426,False,False,False
Pard6a,0.495792272449062,0.009417226155185702,-0.174111540829111,0.999987547004426,True,False,False
Ranbp1,0.08558312960229157,0.5577894014529032,-0.0011221799055647,0.999987547004426,False,False,False
Rfx5,-0.21263524564648353,0.26101758985851975,-0.27849507054715,0.999987547004426,False,False,False
Psmb4,-0.0024034498345796656,0.9911527556919748,-0.300776331001381,0.999987547004426,False,False,False
Mmp8,-0.2465729466435374,0.8039672144336839,0.766347606872562,0.999987547004426,False,False,False
Slc30a4,-0.23198962438012882,0.5587391207080057,0.0444153362919035,0.999987547004426,False,False,False
Sqor,1.2611628411875162,4.979360839199802e-10,-0.773236551032295,0.999987547004426,True,False,False
Bloc1s6,-0.0346689531104299,0.8815267518341197,-0.0159880611706278,0.999987547004426,False,False,False
Metap1,0.18095065433630378,0.38095050885665577,0.143376323833471,0.999987547004426,False,False,False
Gpr108,0.36884841591875245,0.006308002347581181,-0.223754073073705,0.999987547004426,True,False,False
Tnfsf14,-1.1798493356002149,6.72053544392644e-05,0.544115060669014,0.999987547004426,True,False,False
Rsl1d1,0.0040914455158471644,0.9853079724749225,-0.109185682498271,0.999987547004426,False,False,False
Apc,-0.18677809074206858,0.43674263422836024,0.12407179661413,0.999987547004426,False,False,False
Reep5,0.3641736903371176,0.0034455923159199806,0.675483567214964,0.999987547004426,True,False,False
Nr2c2,-0.4657546931347491,0.02609876438737811,-0.474607415694021,0.999987547004426,True,False,False
Nr2c1,0.24819484182994525,0.47556678210406217,-0.148726844676117,0.999987547004426,False,False,False
Smpd4,-0.0671147322169078,0.8438316543374227,0.221231365178271,0.999987547004426,False,False,False
Pex1,-0.393459608782437,0.08954528513586446,-0.135902874778932,0.999987547004426,False,False,False
Itgae,-1.1979352242070251,0.14801968469312207,0.614069925474795,0.999987547004426,False,False,False
Ctns,-0.0023434526407364194,0.9937115690501559,-0.325627217550811,0.999987547004426,False,False,False
P2rx5,0.563510662436911,0.0919248039057907,0.227508011141657,0.999987547004426,False,False,False
Shpk,-0.07966722992801284,0.8982253818413249,-0.583228932495766,0.999987547004426,False,False,False
Tuft1,-0.6408269260565141,0.015204275777001819,-0.0341070723322936,0.999987547004426,True,False,False
Rcn1,0.4218838032089573,0.016410662256338155,-0.597067263643812,0.999987547004426,True,False,False
Trap1,0.3035016892947474,0.035754580736417005,0.673331324023641,0.999987547004426,True,False,False
Naa60,0.20057847646211666,0.1277251600881734,-0.252131974128099,0.999987547004426,False,False,False
Ankrd13d,0.7618979623814572,0.011733016338034474,-0.591406280187972,0.999987547004426,True,False,False
Tpr,-0.023694991585542786,0.8981538030198302,0.887824856712618,0.999987547004426,False,False,False
Odr4,-0.23018906291879743,0.15009641589229164,-0.0088049154711686,0.999987547004426,False,False,False
Dhx34,-0.5672921601260067,0.006720432346380343,-0.478505677637433,0.999987547004426,True,False,False
Kptn,-0.1298151145062916,0.5002976060252422,-0.560346860968935,0.999987547004426,False,False,False
Napa,0.13033220659838465,0.3528537914348282,-0.200657269103443,0.999987547004426,False,False,False
Sra1,0.2345022964470623,0.040744661651243276,-0.0646700892456931,0.999987547004426,True,False,False
Snf8,0.287989205057148,0.06451843882149479,0.219101215768043,0.999987547004426,False,False,False
Inpp5k,-0.027500005101017952,0.893808712605831,-0.185197266954349,0.999987547004426,False,False,False
Eps8l1,0.33440592254544493,0.7740952751982877,-0.127793048082229,0.999987547004426,False,False,False
Clint1,0.03324068457210399,0.862958004967768,-0.335942445907421,0.999987547004426,False,False,False
Cdkal1,0.07141998879420731,0.7331563563104613,-0.375083325921549,0.999987547004426,False,False,False
Htra1,2.3157606507275164,1.4522340188666821e-07,-0.750833080139742,0.999987547004426,True,False,False
Zbtb17,0.20235659427195773,0.27724442943890254,-0.374428004515351,0.999987547004426,False,False,False
Epor,0.5735837609345299,0.6027877265613195,0.0876982263323018,0.999987547004426,False,False,False
Mob1b,-0.19161487362610563,0.36511761039271495,0.121903295674731,0.999987547004426,False,False,False
Atp6v1b2,0.2830766162346502,0.02476313418010936,-0.564794140611768,0.999987547004426,True,False,False
Tep1,-0.121176316389002,0.5048238096035125,-0.233548467647257,0.999987547004426,False,False,False
Ttc5,0.035461644070014585,0.8626905788288372,-0.192399300859861,0.999987547004426,False,False,False
Osgep,0.04057624097198885,0.8249673063892381,-0.128603360442225,0.999987547004426,False,False,False
Tmbim1,0.6967499968367457,8.524493535944875e-10,-0.401103771836533,0.999987547004426,True,False,False
Arpc2,0.15204343239578666,0.18603452908054213,0.241862969923073,0.999987547004426,False,False,False
Kmt2b,-0.5173953657185308,0.009578833886593948,-0.511939247395789,0.999987547004426,True,False,False
Zbtb32,-0.3922440139087203,0.6400950106179532,-0.142839900474508,0.999987547004426,False,False,False
Rps9,-0.050659924694561244,0.8107774815754969,0.08156424563402,0.999987547004426,False,False,False
Tfpt,0.2740455565243387,0.19702177580250266,-0.381674203380495,0.999987547004426,False,False,False
Susd2,1.6156653929582967,8.05378861730286e-15,-1.14557847776784,0.999987547004426,True,False,False
Ggt5,0.3960655787127133,0.004315854638247586,-0.0585023886189111,0.999987547004426,True,False,False
Crip2,0.7136377560858365,0.04519614583681315,-0.386829580670125,0.999987547004426,True,False,False
Crip1,0.6102565765487908,0.0006612239095090159,-0.3168933667795,0.999987547004426,True,False,False
Cbfa2t3,-0.06264758702951334,0.7564184603209642,-0.676102853214044,0.999987547004426,False,False,False
Pgrmc1,0.19409007724805774,0.18048938804890774,-0.0342486906246675,0.999987547004426,False,False,False
Gcat,-0.45226417792720136,0.2602343161264966,-0.141868320082567,0.999987547004426,False,False,False
Elovl1,0.2823310044553432,0.02309477830446542,-0.219438996234675,0.999987547004426,True,False,False
Med8,0.007653455445968913,0.9730428662180359,-0.0948332740221796,0.999987547004426,False,False,False
Hyi,-0.002186081499921268,0.9937923759154867,0.0957486518346053,0.999987547004426,False,False,False
Cdc20,-0.26454379617908313,0.33877065498593073,-0.31865030074567,0.999987547004426,False,False,False
Nectin4,0.06192252550224719,0.8855093455795553,0.225815121373508,0.999987547004426,False,False,False
Rnf114,-0.12989115269917825,0.40393330584463805,-0.514361633359437,0.999987547004426,False,False,False
Steep1,0.11566632287413528,0.5924583030807489,0.350564391752393,0.999987547004426,False,False,False
Srm,0.1826697909550931,0.35634285991158327,-0.188679404274106,0.999987547004426,False,False,False
Epha2,-0.6781565577309362,0.28696405070913383,0.294251879421446,0.999987547004426,False,False,False
Zdhhc24,0.17390400132363176,0.5699964287754979,-0.0920134158323851,0.999987547004426,False,False,False
Bbs1,-0.6382760286447894,0.1146611597735297,-1.05814569441974,0.999987547004426,False,False,False
Nsmf,0.623522440068746,0.061114983280461055,-0.241771214556971,0.999987547004426,False,False,False
Pdk1,-0.25608665463356783,0.29092274433112486,-1.00863927444277,0.999987547004426,False,False,False
Ptbp1,-0.13480512247182005,0.3662116238083733,-0.163140315517733,0.999987547004426,False,False,False
Mvd,-0.2807195267318611,0.20211242780144398,-0.240085198447283,0.999987547004426,False,False,False
Cyba,0.12563452962735924,0.3425932635838852,-0.286380773958067,0.999987547004426,False,False,False
Stimate,0.3101359794460787,0.0329063598039251,0.123651550969713,0.999987547004426,True,False,False
Sfmbt1,-0.35491183989422737,0.07476187185301506,-0.706873470882089,0.999987547004426,False,False,False
Aprt,0.2706197800467003,0.07775734557793385,-0.318881585822649,0.999987547004426,False,False,False
Hfe,0.0010005371203064704,0.9959621976389004,0.565009641130666,0.999987547004426,False,False,False
Abhd1,0.3670186243747554,0.05172745153777882,-0.228728155404966,0.999987547004426,False,False,False
Qrich1,-0.05816146136930885,0.8061001219520707,-0.387377953076774,0.999987547004426,False,False,False
P4htm,-0.7084585053945925,0.1839142120982077,0.516654699051265,0.999987547004426,False,False,False
Usp19,0.0071079386950231955,0.9795927026682277,-0.276318309221985,0.999987547004426,False,False,False
Pola1,-0.546598561842888,0.0003591456775004572,-0.171957331987608,0.999987547004426,True,False,False
Cdc42,0.030665267894156936,0.8488922677596566,-0.134361708228101,0.999987547004426,False,False,False
Pknox1,-0.2987518748281328,0.09941140033065769,-0.319075193539066,0.999987547004426,False,False,False
Gmnn,0.007709011286496455,0.9746091869384133,0.184622312434309,0.999987547004426,False,False,False
Acot13,-0.12227740732535068,0.6003322488271331,-0.0552461771608259,0.999987547004426,False,False,False
Zfp184,0.9890836306868467,0.0697838499095576,-0.319674810750321,0.999987547004426,False,False,False
Cdk4,0.1764082313565598,0.22320248751828725,-0.47677420097166,0.999987547004426,False,False,False
B4galnt1,0.061399201655679254,0.7542784337723965,-0.332628907714945,0.999987547004426,False,False,False
Tspan31,0.26585000212931176,0.01766677671757266,-0.100630786701263,0.999987547004426,True,False,False
Kif5b,-0.11293402913431477,0.41470896349828157,0.470310837345176,0.999987547004426,False,False,False
Saal1,-0.13734500394112373,0.5175314669471832,-0.264969738844592,0.999987547004426,False,False,False
Cnp,-0.26224052373779794,0.061289491053360554,-0.29660790442499,0.999987547004426,False,False,False
Odad4,0.02981616674568923,0.9810900168727218,-0.384374927094385,0.999987547004426,False,False,False
Sulf2,0.5116707831666572,2.086996611722193e-06,-0.577935462914919,0.999987547004426,True,False,False
Tmco6,-0.2704713120275625,0.3285930100694745,0.0340311032552254,0.999987547004426,False,False,False
Stambp,0.033816911280844165,0.8807595652292208,-0.395992841725238,0.999987547004426,False,False,False
Ezh1,-0.2765026948968886,0.10530217908823027,-0.196041551548735,0.999987547004426,False,False,False
Hap1,0.8036973409200537,1.1355302928436904e-09,-0.401804613016677,0.999987547004426,True,False,False
Ctnnb1,-0.07375997594133418,0.7054126754410867,-1.27002493763129,0.999987547004426,False,False,False
Psmd2,0.08279627128839868,0.6516921334961419,0.0833898560494717,0.999987547004426,False,False,False
Hspa1l,-0.589556462000944,0.5779611914635588,-0.286035343801303,0.999987547004426,False,False,False
Msh5,-0.8468741565461152,0.12965714377288967,-0.360406407910277,0.999987547004426,False,False,False
Abhd16a,-0.08573942930308676,0.6617555395456521,-0.0912651473085093,0.999987547004426,False,False,False
Neu1,0.2918513323307129,0.06603830117063895,-0.020172972326205,0.999987547004426,False,False,False
Ddah2,1.2145771668339846,1.28760739215878e-05,-0.718073777662616,0.999987547004426,True,False,False
Lsm2,-0.15977135014231952,0.28241716951812557,-0.0503517080477787,0.999987547004426,False,False,False
Pole,-0.20285674171079193,0.5716002563382717,-0.364483982054971,0.999987547004426,False,False,False
Zfp775,-0.5988767760827404,0.14444447977955202,-0.0851877551468174,0.999987547004426,False,False,False
Dennd2c,0.020185561643843143,0.9795927026682277,-0.214686941329357,0.999987547004426,False,False,False
Mark3,-0.033630769673284544,0.8630744002241674,0.329913030843755,0.999987547004426,False,False,False
Gatad1,0.3420952191255013,0.14847660048788763,-0.274032110895266,0.999987547004426,False,False,False
M6pr,0.029669498635854694,0.8899273924321544,0.218017823564518,0.999987547004426,False,False,False
Lrrc8a,0.07993504275219934,0.8711302908935391,-0.597718064963414,0.999987547004426,False,False,False
Ppp2r1a,0.05169912708758476,0.7508195882936224,-0.0778027670922885,0.999987547004426,False,False,False
Fance,0.16945346613761902,0.535564563876493,-0.128150740410377,0.999987547004426,False,False,False
Tinf2,0.4745935113873872,7.122039183549744e-05,-0.168855731549614,0.999987547004426,True,False,False
Dus3l,0.10442802738096475,0.6092379889053154,-0.449162629614905,0.999987547004426,False,False,False
Gtpbp3,-0.012543438739952017,0.9796590273505534,-0.526092869995259,0.999987547004426,False,False,False
Tgfbr1,-0.2616490420115671,0.0702506625596109,-0.710321162383337,0.999987547004426,False,False,False
Rad51c,0.1485117934148318,0.6301062288564775,-0.464981531432222,0.999987547004426,False,False,False
Arpp19,0.09202787412308523,0.6142552123818877,0.156650902452884,0.999987547004426,False,False,False
Bcl2l1,-0.42482486074643955,0.08770829352655578,-0.153354831355305,0.999987547004426,False,False,False
Khsrp,0.4306220223324112,0.00800062625128833,-0.110709098378932,0.999987547004426,True,False,False
Ccdc124,-0.19639086985717188,0.1650399643663126,-0.103838088809598,0.999987547004426,False,False,False
Cct4,-0.012867655742882376,0.9503723113049145,0.0211639826566294,0.999987547004426,False,False,False
Zfp655,0.044845838723584136,0.8406181896933269,-0.0889481733798609,0.999987547004426,False,False,False
Zmiz1,0.049637408616937044,0.7930287025522691,-0.111559748051855,0.999987547004426,False,False,False
Prrg2,-0.3323632152689403,0.20640599432218965,-0.362143266194522,0.999987547004426,False,False,False
Hnrnph1,-0.2470660278108303,0.05592501805753742,-0.334234498840594,0.999987547004426,False,False,False
Ift43,0.46418612474517784,0.3906004641245382,-0.186201658267013,0.999987547004426,False,False,False
Id3,1.3491616226388716,1.8220691508468448e-09,-0.384858326583443,0.999987547004426,True,False,False
Arid1a,-0.3047197073425311,0.06678597744894263,-0.268988161022659,0.999987547004426,False,False,False
Ctsd,0.5406470086406668,1.6927137591239338e-05,-0.288300437145546,0.999987547004426,True,False,False
Rplp1,-0.27770133820647,0.13321905242097412,-0.381710385561598,0.999987547004426,False,False,False
Abhd8,0.11860867480598226,0.7575267733286084,-0.379564727213285,0.999987547004426,False,False,False
Ift22,0.5195950246462798,0.0006054324757056942,-0.279915734110904,0.999987547004426,True,False,False
Fzd3,-0.5119740405713352,0.5612193993448308,-0.189394953419565,0.999987547004426,False,False,False
Mid1ip1,0.37150432056022265,0.0713893247698152,-0.790027470537353,0.999987547004426,False,False,False
Ap2s1,0.025496491100336402,0.8965501014775932,-0.168478501223687,0.999987547004426,False,False,False
Fgfrl1,0.9856680890958822,0.15887020196456136,0.951489736599406,0.999987547004426,False,False,False
Emc10,0.05104232622236934,0.8311834928008139,-0.795948887861463,0.999987547004426,False,False,False
Fbxw9,0.17621392896901067,0.6379556138609321,-0.301271970790761,0.999987547004426,False,False,False
Spib,0.8017487177286405,3.0593518225726318e-06,-1.511606042069,0.820474192063209,True,False,False
Fnbp4,-0.19803995549158912,0.2761079051122141,-0.143592049639345,0.999987547004426,False,False,False
Cers4,-0.14145102220010514,0.8073382140124595,-0.581238885598557,0.999987547004426,False,False,False
Phax,-0.08654824859623479,0.6707884212515624,-0.280436396724109,0.999987547004426,False,False,False
Tle1,0.42747365221980554,0.02116376481789762,0.1004547440009,0.999987547004426,True,False,False
Relt,-0.014221069355587012,0.9566089962743343,-0.443078813218878,0.999987547004426,False,False,False
Snrpb2,-0.043056067731138126,0.834843537392869,-0.292534372527822,0.999987547004426,False,False,False
Sertad1,0.40264893202638213,0.02257091633233178,-0.210952660264265,0.999987547004426,True,False,False
Carhsp1,0.7758208382681963,3.7043333831186545e-09,-0.202816164851587,0.999987547004426,True,False,False
Elk3,0.08481986437305407,0.6767490217959614,-0.133990854846612,0.999987547004426,False,False,False
Herpud2,-0.053312543661550735,0.7965820815969562,0.530088753273724,0.999987547004426,False,False,False
Rdh13,-0.5481431573342178,0.20493069064612054,-0.264233390759338,0.999987547004426,False,False,False
Nutf2,0.022611946963505873,0.9282404526113183,-0.221202179523101,0.999987547004426,False,False,False
Arpc5,0.10506517348900722,0.3824627218135486,-0.229525563168575,0.999987547004426,False,False,False
Pou2f2,-0.5727821778904332,0.0007492569772224156,-0.61396668313778,0.999987547004426,True,False,False
Mgst1,1.4855364942920035,2.455268908100885e-07,-1.13522684054896,0.999987547004426,True,False,False
Nfib,0.6071712252327253,0.5876335612136605,-0.707626079772241,0.999987547004426,False,False,False
Ubqln4,0.39963318036544015,0.06813750897619415,-0.208965854378948,0.999987547004426,False,False,False
Rpl10,-0.11114841253158578,0.5622498007992995,-0.207618588917089,0.999987547004426,False,False,False
Rps15a,-1.04439249410307,0.06678108915205641,0.349896032679539,0.999987547004426,False,False,False
Hipk1,-0.3320440080478878,0.05539907113735817,-0.225258227221539,0.999987547004426,False,False,False
Gprc5b,1.0177578166050734,0.011818930897933008,-0.652146140709626,0.999987547004426,True,False,False
Man1a2,-0.04387991246039373,0.8684091589648012,0.0524822316074172,0.999987547004426,False,False,False
Acyp1,-0.4129544271312554,0.09151673195167366,-0.463078961252731,0.999987547004426,False,False,False
Cldn13,0.7441496546651356,0.22797328068708303,-1.20173560039538,0.999987547004426,False,False,False
Hdac5,0.24220553150976767,0.30515219093245155,-0.187795731082703,0.999987547004426,False,False,False
Rala,-0.2180810194027401,0.09749856483886032,-0.109231109122421,0.999987547004426,False,False,False
Vdac3,0.17881717487166415,0.13422394782798727,-0.215191562766093,0.999987547004426,False,False,False
Vps72,0.09943528139964106,0.5377582268359132,-0.27521835538737,0.999987547004426,False,False,False
Gabpa,-0.1064441207357707,0.6640459868442846,-0.0662672571144505,0.999987547004426,False,False,False
Dynll1,0.09263866747170964,0.6086640062583545,-0.348047334385591,0.999987547004426,False,False,False
Pdcl,0.10875668615550768,0.5617826091921968,-0.0831457195232606,0.999987547004426,False,False,False
Tmem184b,0.16917174185149658,0.32138287513947017,-0.395889398767446,0.999987547004426,False,False,False
Nf2,0.011558336807475108,0.9766101353865762,-0.105640065622723,0.999987547004426,False,False,False
Zmat5,0.11770569873644887,0.5118276956714543,-0.250389541695485,0.999987547004426,False,False,False
Ewsr1,-0.014076405969113652,0.9498527021858433,-0.0315163892591572,0.999987547004426,False,False,False
Ap1b1,0.08513752234016089,0.6509939188256393,-0.235589208376266,0.999987547004426,False,False,False
Bcl2l13,0.08573668364940618,0.746542213219551,-0.180580789096251,0.999987547004426,False,False,False
Lnpk,-0.5148473912914501,0.004602835416050756,0.0853135030829009,0.999987547004426,True,False,False
Pttg1ip,0.2705202703728655,0.05660664806494596,-0.587708213140486,0.999987547004426,False,False,False
Trpm2,-0.8525831440322167,7.015634859409206e-07,0.336903831105669,0.999987547004426,True,False,False
Ube2g2,0.08215091013267632,0.6051995934793704,-0.644094783171881,0.999987547004426,False,False,False
Mpo,3.996413458660288,0.08010933589283309,-0.0506301910106264,0.999987547004426,False,False,False
Met,0.6802380100670373,0.3114590441791654,-0.723370472593293,0.999987547004426,False,False,False
Elk1,0.24648934567283107,0.452113475786745,-0.161978527367765,0.999987547004426,False,False,False
Nav1,-0.10185443716400434,0.5411492466832241,-0.190958292374651,0.999987547004426,False,False,False
Tnpo1,-0.11972753476206821,0.5137184483538655,-0.131384415375301,0.999987547004426,False,False,False
Srp14,0.14882438776600868,0.33104027141790554,-0.173748757318291,0.999987547004426,False,False,False
Tor2a,0.5189368024130264,0.00039423635151423185,-0.351630814832284,0.999987547004426,True,False,False
Mrtfb,-0.4975199178687255,0.0318752136661229,0.141325455384156,0.999987547004426,True,False,False
Cbx5,-0.32696415464922596,0.02858516290010519,-0.145911045449169,0.999987547004426,True,False,False
Apobec3,-0.11120586592463107,0.4918612761154903,-0.188360279900404,0.999987547004426,False,False,False
Vav2,0.09210703444221918,0.6592878883645193,-0.413713389209241,0.999987547004426,False,False,False
Tex15,-0.29434762416100346,0.5230683360944154,-0.466825039629238,0.999987547004426,False,False,False
Ppp2cb,0.6636946569064774,3.0141357898513215e-07,-0.289203757543815,0.999987547004426,True,False,False
G0s2,-0.4110668328351666,0.6880687364807285,-0.57837025572635,0.999987547004426,False,False,False
Dmap1,0.06207046036494973,0.7987441842042347,0.173354819302343,0.999987547004426,False,False,False
Mcu,-0.2347371887666402,0.4625762561824691,0.093019865374691,0.999987547004426,False,False,False
Bcr,-0.7271862720609622,0.19063639960148662,-0.43417865632448,0.999987547004426,False,False,False
Fxyd5,0.15965749655930975,0.27676426009469435,-0.407955653699339,0.999987547004426,False,False,False
Kcnd1,1.3073714610404286,4.3166552525969374e-05,-0.1009315667255,0.999987547004426,True,False,False
Tfcp2,-0.10987261203226939,0.7675743876184468,-0.312936875377164,0.999987547004426,False,False,False
Pou6f1,-0.52684444832378,0.35806691954663417,-0.0661892922511242,0.999987547004426,False,False,False
Ubp1,0.08486537279475072,0.642429068341256,-0.23619837047312,0.999987547004426,False,False,False
Nuak2,0.3463668082806438,0.07139866027956768,0.135618857746032,0.999987547004426,False,False,False
Cilk1,-0.31175677462010404,0.44472574381810565,0.0212550299222132,0.999987547004426,False,False,False
Kdsr,0.10220736074809872,0.7283243849563588,-1.04440334612594,0.999987547004426,False,False,False
Vps4b,0.15927125923487379,0.21177103295468583,0.329242744887438,0.999987547004426,False,False,False
Rps25,0.05380290230335592,0.8363537329430177,0.0033596588378808,0.999987547004426,False,False,False
Nxf2,-0.010160181033674425,0.9921772998340498,-0.118512818814204,0.999987547004426,False,False,False
Tafazzin,0.16450135607508398,0.2364350145097225,-0.0768828279115255,0.999987547004426,False,False,False
Aldh3a2,-0.15239613141541664,0.38354065963024436,-0.198993735953252,0.999987547004426,False,False,False
Tmem115,0.26201514290161904,0.20219636916389958,-0.728995398926112,0.999987547004426,False,False,False
Ifrd2,-0.033996387728920274,0.9552325948698283,-0.117799883927786,0.999987547004426,False,False,False
Tusc2,0.060208467460829786,0.7613584737128394,-0.0117462805998301,0.999987547004426,False,False,False
Slc3a2,0.14612077603344387,0.39925130031231293,0.0137745818639043,0.999987547004426,False,False,False
Nxf1,-0.12336456784077378,0.41786539890386015,-0.216482768785328,0.999987547004426,False,False,False
Stx5a,0.0636728661275514,0.7542331749280985,-0.161328025050764,0.999987547004426,False,False,False
Raver1,0.11671484420064927,0.6274934830574682,-0.0797947108298844,0.999987547004426,False,False,False
AI597479,-0.05630913885449111,0.8704527197437456,-0.485336396877359,0.999987547004426,False,False,False
Tmem86a,0.38284219834376954,0.024287883930520872,-0.106655006445734,0.999987547004426,True,False,False
Tex14,0.5337643523067597,0.4061373909674257,-1.02811939432705,0.999987547004426,False,False,False
Ifi35,0.0818336558159749,0.5916110123970835,-0.307313345274927,0.999987547004426,False,False,False
Nedd8,0.09618505569290783,0.6107054114599599,-0.0297323940397956,0.999987547004426,False,False,False
Gosr1,-0.18470560696171223,0.3583368765510971,-0.26775297008511,0.999987547004426,False,False,False
Mrpl52,-0.21891980659397636,0.2395549993922787,-0.122645272064303,0.999987547004426,False,False,False
Kansl3,-0.2893471289060738,0.0956262532173213,-0.312335381309631,0.999987547004426,False,False,False
Faf1,-0.041163761524740945,0.8765043608232096,0.923402697439842,0.999987547004426,False,False,False
Tsacc,-0.1958125429439296,0.6243250608336476,-0.262243922535617,0.999987547004426,False,False,False
Mettl16,-0.22650838734223572,0.1813744182211722,-0.144652413400302,0.999987547004426,False,False,False
Dazl,-0.976733043407439,0.3179024321737746,-0.610759533499929,0.999987547004426,False,False,False
Pigyl,0.2552389924403899,0.20158761687574098,-0.22982617625606,0.999987547004426,False,False,False
Psen2,0.2690440494283161,0.22371544049900283,-0.51957420335828,0.999987547004426,False,False,False
Fads1,-0.059424921655735735,0.8976788784255938,-0.208510795053208,0.999987547004426,False,False,False
Lmbr1,0.054191550008955,0.9474554188461275,-0.725400951241915,0.999987547004426,False,False,False
Tnfrsf22,0.040945817459904534,0.9436747515690107,-0.380470395888567,0.999987547004426,False,False,False
Cfap97d1,1.475824225178786,0.015271574458174975,-0.423260492397523,0.999987547004426,True,False,False
Pdhx,0.18779578671613956,0.24099032184968242,-0.153781879902919,0.999987547004426,False,False,False
Vac14,0.21607460199055137,0.14234345613559818,0.925117047990563,0.999987547004426,False,False,False
Akt1s1,0.30616229740949313,0.27535514289352236,-0.621331605381523,0.999987547004426,False,False,False
Tbrg1,-0.3674687673054837,0.0010224221230687221,0.675939862573213,0.999987547004426,True,False,False
Brf1,0.028184629191026985,0.9025164993182582,-0.252135206255801,0.999987547004426,False,False,False
Odc1,0.056742927261713004,0.8505367199185737,-0.0444677833627338,0.999987547004426,False,False,False
Thg1l,-0.24906385859534946,0.39621784764559664,-0.0864649256996106,0.999987547004426,False,False,False
Adam19,-0.09418508394984001,0.763498510441362,-0.485234650556817,0.999987547004426,False,False,False
Zfp296,-0.2335027572838331,0.32709370055130316,-0.3595695277302,0.999987547004426,False,False,False
Sugp1,0.10153939488581407,0.6259097886070033,0.178024072293011,0.999987547004426,False,False,False
Dhdh,-0.03481671740826961,0.9160741432465507,-0.339165327806374,0.999987547004426,False,False,False
Zfp790,-0.2576506382910774,0.5301879890788233,-0.696507508035245,0.999987547004426,False,False,False
Fuz,0.0962519790438616,0.6791179180353569,-0.329297355322216,0.999987547004426,False,False,False
Pgam1,0.2150374956557983,0.07387084053338365,-0.34206729508771,0.999987547004426,False,False,False
Evi5l,-0.030512558907995736,0.9346385108923163,0.86562127230465,0.999987547004426,False,False,False
Snapc2,0.23505815022309928,0.19432593518950542,-0.361462432847298,0.999987547004426,False,False,False
Git1,0.21276050721890913,0.3118178207439565,0.320155842965228,0.999987547004426,False,False,False
Gltp,0.3044260980579731,0.002918411094345735,-0.496013499780181,0.999987547004426,True,False,False
Bnip2,0.07521257177078848,0.6509939188256393,-0.548552967325131,0.999987547004426,False,False,False
Brms1l,-0.1538756322831453,0.5171464091201846,0.58547568392674,0.999987547004426,False,False,False
Dhdds,0.18659990964491846,0.4203613921952411,-0.569193219166535,0.999987547004426,False,False,False
Ubxn11,-0.532448012855413,0.02609876438737811,-0.232436275241451,0.999987547004426,True,False,False
Tjap1,0.11948085758603359,0.6889692028520497,-0.462401405286617,0.999987547004426,False,False,False
Ehf,-0.541734531652282,0.00033910964699248724,-0.592981553293174,0.999987547004426,True,False,False
Tmem167,0.022739796793045053,0.9106351821798189,-0.257667236322662,0.999987547004426,False,False,False
Rpa3,0.00885580254969774,0.976336811370446,0.562222085420796,0.999987547004426,False,False,False
Mlkl,0.9303824146103967,0.035646236634832844,0.756705457705142,0.999987547004426,True,False,False
Tnpo3,-0.11155491524254994,0.5194798599701287,0.0012427255196936,0.999987547004426,False,False,False
Ttll5,-0.7627260096791623,0.0003374658456445249,-0.884643007026595,0.999987547004426,True,False,False
Zfp715,-0.20393741205309202,0.44520972763781075,-0.236628268158396,0.999987547004426,False,False,False
Retn,1.4074777835427348,2.4951142747213456e-05,-0.74971602467192,0.999987547004426,True,False,False
Cdh23,-1.2294138741863627,5.00467989451322e-08,-0.412262483269784,0.999987547004426,True,False,False
Adgrl1,-0.26173874745008135,0.6126769645827878,-0.154766702418401,0.999987547004426,False,False,False
2200002J24Rik,-0.2861055855191792,0.7978252540503973,-0.407486752122944,0.999987547004426,False,False,False
Etv5,1.0081042814371663,2.814522252375458e-06,0.515703109116838,0.999987547004426,True,False,False
Gfod2,-0.13998880568044264,0.7461099763116473,-0.195206219304938,0.999987547004426,False,False,False
Enkd1,0.22273666717239535,0.5558263138078886,-0.746101768652926,0.999987547004426,False,False,False
Atp6v0d1,0.41592558713764416,0.001689732475869736,0.0789737294024153,0.999987547004426,True,False,False
Ptprs,0.6749976760454166,6.0243513358972796e-05,-0.538414237192165,0.999987547004426,True,False,False
B4galnt2,-0.2908560430887105,0.7411522958141075,-0.435815615658539,0.999987547004426,False,False,False
Nelfb,0.08834352843687379,0.6008343273830561,-0.401342494014385,0.999987547004426,False,False,False
Tmem175,0.163657001497027,0.3644775821682235,0.277391019038501,0.999987547004426,False,False,False
Bcas1,0.3423154763113076,0.391752188123827,0.376318039571973,0.999987547004426,False,False,False
Tango2,-0.10985106546201216,0.6358613095163683,0.023228432871524,0.999987547004426,False,False,False
Aldh1a2,-0.016315349801517637,0.9875923013136009,-0.399697947053029,0.999987547004426,False,False,False
Ndufs2,0.179388552360332,0.1483528127265328,-0.541915163069874,0.999987547004426,False,False,False
Atraid,0.1168554754838298,0.44410967921284505,-0.082218543337838,0.999987547004426,False,False,False
Cad,-0.1327880042028442,0.7387189005032682,-0.440534034885444,0.999987547004426,False,False,False
Sh3bp5l,0.1314292780881245,0.7265326589250738,-0.257495470564979,0.999987547004426,False,False,False
Atad1,0.018064576845502008,0.9364088784154362,-0.112443010166329,0.999987547004426,False,False,False
Pea15a,-0.07411234581232759,0.6250261461994453,-0.187624762550545,0.999987547004426,False,False,False
Trnt1,-0.14756320684605542,0.357568484035191,0.44633081890764,0.999987547004426,False,False,False
Ehmt2,0.1181200548100374,0.6138229571655563,-0.361034551904236,0.999987547004426,False,False,False
Elof1,0.061671713913426914,0.7638146953396542,-0.111826246792621,0.999987547004426,False,False,False
Med16,-0.004916368932275456,0.9867630235492377,-0.375444670172857,0.999987547004426,False,False,False
St3gal1,0.04611931765818706,0.8405964993936302,0.179637207058715,0.999987547004426,False,False,False
Tmem259,0.03993770568597611,0.9053113181564424,-0.0881349827882101,0.999987547004426,False,False,False
Rnf170,-0.2649301031982135,0.1282137535707417,-0.178901945450619,0.999987547004426,False,False,False
Dedd,0.06392213385894675,0.786908021368557,-0.0976285920125681,0.999987547004426,False,False,False
Mcemp1,0.5246341800895514,5.348236614763511e-07,-0.0474490881234066,0.999987547004426,True,False,False
Nit1,-0.12497512019114655,0.4904610212644019,-0.174186962266532,0.999987547004426,False,False,False
Prdm15,-0.7015564851887115,0.017878888019635844,-0.334874378377151,0.999987547004426,True,False,False
Rnf168,-0.3336372247479531,0.07136216844794172,0.149300942886637,0.999987547004426,False,False,False
Dynlt2b,-0.33413622105234586,0.006676592957219183,0.0809601785905727,0.999987547004426,True,False,False
Chp1,0.28394221649898227,0.04738822166065503,0.206833081447116,0.999987547004426,True,False,False
Trpv4,1.0049174133579892,0.3048540435152031,-0.714686078469233,0.999987547004426,False,False,False
Klhl3,-0.6518554533513687,0.1051665736549365,0.0669265855714389,0.999987547004426,False,False,False
Tvp23b,0.11461956522342893,0.5006657035922966,-0.649304013465199,0.999987547004426,False,False,False
Dnajc7,-0.32199806456557495,0.0033228918592497,-0.715963100802318,0.999987547004426,True,False,False
Cluap1,-0.2673645999264426,0.19822145213499848,-0.331410744082629,0.999987547004426,False,False,False
Zswim7,-0.1581390959891597,0.5449016512761732,-0.19146174559664,0.999987547004426,False,False,False
Pigl,-0.038473362668738485,0.932591703102302,-0.114156786452376,0.999987547004426,False,False,False
Ndufa2,0.09648505314254692,0.6483151913910796,-0.0893723298712814,0.999987547004426,False,False,False
Pam16,0.10322523920039124,0.7148370881049119,-0.458388500528502,0.999987547004426,False,False,False
Glis2,-0.009939184758883227,0.9896574571169765,-0.586261719627645,0.999987547004426,False,False,False
Cox6c,0.044317297683470064,0.8513959437772282,0.676536396238315,0.999987547004426,False,False,False
Ube2z,0.12785307530923837,0.5310004568346607,-0.456528138841928,0.999987547004426,False,False,False
Tmem87b,0.06144187154171379,0.8353566546105136,-0.257193121981128,0.999987547004426,False,False,False
Anapc1,-0.08719289265020554,0.741574810850359,-0.29016475718938,0.999987547004426,False,False,False
Mertk,1.3234165828516298,0.0001700761695507483,0.503178049453596,0.999987547004426,True,False,False
Tsg101,0.3616418702560999,0.0008186930731370034,-0.0560624256307198,0.999987547004426,True,False,False
Hps5,-0.2284538952599419,0.18447741804581635,-0.230685496083773,0.999987547004426,False,False,False
Map3k4,0.03290390422010807,0.9356266895981205,-0.139596401458482,0.999987547004426,False,False,False
Piezo1,0.07328893755922894,0.7891807600145778,-0.367578301962511,0.999987547004426,False,False,False
Blk,-1.4314746612215128,8.436412752996368e-26,-0.670880444386863,0.999987547004426,True,False,False
Rnf166,-0.17034099152027357,0.25145424320044063,0.235569537840349,0.999987547004426,False,False,False
Ankrd28,-0.13392735440299575,0.8078676114598481,-0.295703855335804,0.999987547004426,False,False,False
Ankrd52,-0.2960091483563245,0.33638055943710676,-0.197117305013387,0.999987547004426,False,False,False
Pkd2l2,-0.594147947080327,0.09581925517319072,0.0258665528297719,0.999987547004426,False,False,False
Srp19,-0.07177929255986099,0.6978815132585056,-0.17312083391704,0.999987547004426,False,False,False
Klra17,-0.26803788185384564,0.1665522196133838,-0.29061568759337,0.999987547004426,False,False,False
Wdfy2,-0.3902797939327406,0.009795056710373267,-0.28702179492029,0.999987547004426,True,False,False
Rbsn,-0.14297579308444044,0.5980726281022407,-0.220955852430532,0.999987547004426,False,False,False
Mrps25,-0.05823994595877092,0.7710998067686708,-0.0330183449523016,0.999987547004426,False,False,False
Dguok,-0.1439674094964351,0.38387056115875856,0.479214991833119,0.999987547004426,False,False,False
Camta1,0.29504410735804915,0.08055841289133635,-0.263228548896739,0.999987547004426,False,False,False
Csf1,0.2662112743529795,0.7645435808438655,-0.477970677475455,0.999987547004426,False,False,False
Strip1,0.24591159189892328,0.18856819463738156,-0.092599298797392,0.999987547004426,False,False,False
Cmc2,-0.16360098009646715,0.44812655326272816,-0.327893119232534,0.999987547004426,False,False,False
Chfr,-0.1011642441095348,0.6042410124887045,-0.187217176460155,0.999987547004426,False,False,False
Tex261,0.11529726768888464,0.44344184706373524,-0.421770275242414,0.999987547004426,False,False,False
Fam120b,-0.003987092416142161,0.9872813451946285,0.115574255206985,0.999987547004426,False,False,False
Tbp,-0.11443796741993434,0.5171464091201846,-0.122768452959838,0.999987547004426,False,False,False
Psmb1,0.10559645043854314,0.4532854419232602,0.0870698295529735,0.999987547004426,False,False,False
Pdcd2,-0.05867186326656947,0.8314646874413008,0.122147751328486,0.999987547004426,False,False,False
Fhod1,-0.011812996029747148,0.981418440989444,-0.314076353853948,0.999987547004426,False,False,False
Elmo3,0.7998656794518314,0.1846500265033969,-0.161782067080331,0.999987547004426,False,False,False
Tppp3,2.137448088805071,1.1522589483951486e-06,-1.0459520762007,0.999987547004426,True,False,False
Adamts13,-1.0075675865575864,0.004640022035673301,0.0078653359205214,0.999987547004426,True,False,False
E2f4,0.0962286092909134,0.591757296896217,-0.0993616162392801,0.999987547004426,False,False,False
Surf4,0.1346714646778861,0.3612194825829327,-0.158546452600898,0.999987547004426,False,False,False
Surf2,0.05224322934305331,0.8145037221411516,-0.0322042930800821,0.999987547004426,False,False,False
Naf1,0.23581608683186173,0.7465537663290683,-0.688842000213208,0.999987547004426,False,False,False
Yes1,0.11273414877405911,0.8847081363579867,0.207827688950327,0.999987547004426,False,False,False
Gorasp2,0.20180950938131523,0.11529630886183811,0.143341089673815,0.999987547004426,False,False,False
Tsen15,-0.04822037843038688,0.8805465622896345,-0.0405793859790986,0.999987547004426,False,False,False
Efr3a,0.027836777538985683,0.8797824784067979,0.601004990731875,0.999987547004426,False,False,False
Trappc2l,0.21291753637940405,0.16121809278569815,-0.256207697121941,0.999987547004426,False,False,False
Acsf3,-0.03610740001550245,0.9482160929416132,-0.22547068914829,0.999987547004426,False,False,False
Ddx19a,0.13148900143466202,0.7098985290308328,-0.302501445148042,0.999987547004426,False,False,False
C8g,-0.049414885348449955,0.9274250549822799,-0.191678621368392,0.999987547004426,False,False,False
Clic3,1.0398408763077474,0.29243771313185785,0.0455511221139551,0.999987547004426,False,False,False
Fbxw5,0.07393672330530943,0.7530258250616368,-0.327862544331784,0.999987547004426,False,False,False
Slc25a13,0.14182576093900978,0.5548048346834836,0.490513082268005,0.999987547004426,False,False,False
Ube2i,-0.02907116824495935,0.860984954881271,-0.0138628610464422,0.999987547004426,False,False,False
Unkl,-0.24719997105889072,0.6228781907260976,0.241552100314146,0.999987547004426,False,False,False
Lrrk1,0.18194925030378883,0.48506596696529475,-0.0477749023607581,0.999987547004426,False,False,False
Aldh1a3,0.6737162418148792,0.3291306955465314,0.109991497035538,0.999987547004426,False,False,False
Actn1,0.43821174008589725,0.07128371151797838,-0.19757222531007,0.999987547004426,False,False,False
Sirt2,0.15076209653354403,0.39408228917840166,-0.338826942261734,0.999987547004426,False,False,False
Hnrnpl,0.04156947023009729,0.8414108286909335,-0.31164776107773,0.999987547004426,False,False,False
Nolc1,0.05984647836874432,0.8239613255299688,-0.232430813759231,0.999987547004426,False,False,False
Casd1,-0.04119612021496543,0.860984954881271,0.0373064218889843,0.999987547004426,False,False,False
Cnksr3,0.6611047218481654,0.1524840009052339,-0.304707786147653,0.999987547004426,False,False,False
Mtmr1,-0.2291126511490978,0.14630169251282532,0.580749370838199,0.999987547004426,False,False,False
Hmgb3,0.646785607550801,0.001626489253209624,-0.258321581859719,0.999987547004426,True,False,False
Abca1,1.4190838928417422,9.654488887652278e-05,-0.753923910242119,0.999987547004426,True,False,False
Nipsnap3b,0.27813156016622687,0.021304064137403933,-0.116830707961254,0.999987547004426,True,False,False
Lage3,-0.05619105021369559,0.8000129960112046,0.0638561909039348,0.999987547004426,False,False,False
Ubl4a,-0.001773917065826336,0.9941026950334206,-0.191714348656639,0.999987547004426,False,False,False
Gdi1,0.12419916981956101,0.3513926919386365,-0.0953191596426866,0.999987547004426,False,False,False
Sash1,-0.6078744396104596,0.00022085877891340808,-0.0491201004781257,0.999987547004426,True,False,False
Gadd45b,0.11333015454719506,0.5626079608575358,-0.225945178929211,0.999987547004426,False,False,False
Slamf6,-0.4370746096916277,0.01641675654909243,0.423574848956926,0.999987547004426,True,False,False
Slamf1,-0.45211210633620497,0.527458040984295,0.0655530627563703,0.999987547004426,False,False,False
Zdhhc12,-0.05726842736449348,0.8862249215086762,-0.385461318990849,0.999987547004426,False,False,False
Endog,0.5501156651150816,0.034336515522074215,-0.242047764348088,0.999987547004426,True,False,False
Golga7,0.01635840904627097,0.931456139120074,-0.0849555970841589,0.999987547004426,False,False,False
Xk,0.041028104079489425,0.9633059304282224,-0.0018247322149003,0.999987547004426,False,False,False
Cd48,0.13639238214063773,0.27053309498439093,-0.240478469715519,0.999987547004426,False,False,False
Clpx,0.24413198168210776,0.12615458715796707,-0.152316505311848,0.999987547004426,False,False,False
Dennd6b,0.013778158907231684,0.9718524356921319,-0.118146352925903,0.999987547004426,False,False,False
Cd83,-0.16559288457160812,0.7387189005032682,-0.556998608797596,0.999987547004426,False,False,False
Atf6b,0.16109803515485935,0.4126619972146409,-0.299733469532868,0.999987547004426,False,False,False
Egfl8,-1.4382605599488136,0.0006043651983433185,-0.484518819060385,0.999987547004426,True,False,False
Notch4,0.03054094870459016,0.961203283236292,-0.204799398967272,0.999987547004426,False,False,False
Rnf5,0.16785290713583567,0.23744393176971565,-0.261170711555476,0.999987547004426,False,False,False
Cacfd1,0.03772582861569944,0.8805465622896345,-0.192710726153209,0.999987547004426,False,False,False
Hivep2,-0.3013200199329768,0.2177342981409616,1.06629964225829,0.999987547004426,False,False,False
Arnt,-0.031616869097475284,0.9100907184393145,-0.162799482813398,0.999987547004426,False,False,False
Mocs2,-0.07138770523492041,0.7928776220146165,0.0564619383716423,0.999987547004426,False,False,False
Nat9,0.17038352620102135,0.5186701921109512,-0.629039363802974,0.999987547004426,False,False,False
Lpl,0.7625764052991496,0.0028441997767006803,0.309749623736371,0.999987547004426,True,False,False
Atp6v0e,0.02317156327379352,0.9053113181564424,-0.559205940279622,0.999987547004426,False,False,False
Zfp318,-0.001253007009043975,0.9968689048204988,-1.06296776116322,0.999987547004426,False,False,False
Srf,0.019100732011897843,0.9588344177759875,-0.129111324777633,0.999987547004426,False,False,False
Hspa8,-0.20025545548672327,0.32138287513947017,-0.115853122180114,0.999987547004426,False,False,False
Pdzd11,-0.2772216709958468,0.06638567753001536,0.132288030939158,0.999987547004426,False,False,False
Psma2,0.05393266731161111,0.7405194194092012,0.158718194158839,0.999987547004426,False,False,False
Mrpl32,-0.03899422855746407,0.8475596346064576,-0.0220717104072019,0.999987547004426,False,False,False
Setdb1,-0.0934921229095366,0.7162252681896226,-0.932499321818268,0.999987547004426,False,False,False
Prune1,0.06514749598361266,0.8835205330303634,-0.284495497681749,0.999987547004426,False,False,False
Capza2,0.02403823182278189,0.8815267518341197,-0.911374672922234,0.999987547004426,False,False,False
Plekho1,0.08273844530063183,0.7232923833619375,-0.482344806210731,0.999987547004426,False,False,False
Vps45,0.0752331654876988,0.7332667632498315,-1.13804987512239,0.999987547004426,False,False,False
Prpf3,-0.36665989068641847,0.06879415303029239,-0.16299788126596,0.999987547004426,False,False,False
Anp32e,-0.03190908250642766,0.8952153072501813,-0.0873117158972345,0.999987547004426,False,False,False
Aph1a,0.23413527088078412,0.1348345805069047,-0.327432966264611,0.999987547004426,False,False,False
Tab2,-0.3487864718830065,0.0221285217094495,-0.56733000087829,0.999987547004426,True,False,False
Ppil4,-0.19241435722737804,0.1437455898317718,-0.107295535498509,0.999987547004426,False,False,False
Cnih1,0.12435000408719757,0.5081926387401284,0.130953825618484,0.999987547004426,False,False,False
Eps8,-0.18623848880948377,0.21494526121609056,-0.283782931347333,0.999987547004426,False,False,False
Med22,0.1790596210984639,0.5418289319813202,-0.191748593109391,0.999987547004426,False,False,False
Med28,0.04942402714051828,0.7934254458983134,-0.235639689558808,0.999987547004426,False,False,False
Qdpr,0.018312817245829317,0.937550904634815,-0.104281961355923,0.999987547004426,False,False,False
Tnr,-0.25319553557586366,0.7341232017838231,0.444438531787219,0.999987547004426,False,False,False
Sqstm1,0.25216140193115066,0.07030707077767785,-0.311731711974153,0.999987547004426,False,False,False
Nfe2l2,0.49536151773962395,1.4463246465570534e-05,-0.178744641890296,0.999987547004426,True,False,False
Rxra,0.7456303189896907,0.05338771877137488,-0.837504291907964,0.999987547004426,False,False,False
Adamtsl4,0.2926411406924311,0.5543647990434319,-0.329829504416718,0.999987547004426,False,False,False
Fam184b,-2.757510595082182,8.026365674602754e-08,-0.124998337167469,0.999987547004426,True,False,False
Ncapg,-0.6825705150190932,0.0006882612109203871,0.0542745039011807,0.999987547004426,True,False,False
Lta4h,0.1854727962809797,0.11410078813339215,-0.989738068745549,0.999987547004426,False,False,False
Amdhd1,-1.3897804724122234,1.9160827126637414e-07,-1.56332814291154,0.999987547004426,True,False,False
Dstn,0.34841510583920593,0.0014884175785992645,0.358182307231217,0.999987547004426,True,False,False
Macroh2a1,-0.02456734992746832,0.8838822500297288,-0.776928924667288,0.999987547004426,False,False,False
Gtf2ird2,-0.5965944649251265,0.002905699007380696,-0.400412756949826,0.999987547004426,True,False,False
Castor2,0.7270725532867313,4.8909252638230616e-05,-1.07771687573113,0.999987547004426,True,False,False
Fcgr1,1.318622009336421,0.0008095829211970772,-0.181998706299398,0.999987547004426,True,False,False
Ncf1,-0.46814844378775977,0.0015875774637835235,-0.363853721692666,0.999987547004426,True,False,False
Actr8,0.16696071597721412,0.4005965874254844,-0.669029160691056,0.999987547004426,False,False,False
Stk32c,-0.5245832497947075,0.09792135420311777,-0.508108264835323,0.999987547004426,False,False,False
Fnta,0.18232985720754244,0.1899062630979196,-0.152797145634576,0.999987547004426,False,False,False
Celsr1,0.7406073448203241,0.15908958297437237,0.43266999912171,0.999987547004426,False,False,False
Fli1,-0.45506126813098496,0.002436006612136593,0.0151763444855773,0.999987547004426,True,False,False
Utp25,-0.5209939888593996,0.15929288733521568,-0.236064021780436,0.999987547004426,False,False,False
H2-M3,0.013225158452647146,0.9431825440069547,-0.114077579551997,0.999987547004426,False,False,False
Nelfcd,0.20491233524277802,0.175020819648667,-0.107825494669655,0.999987547004426,False,False,False
Ctsz,0.017640845413983936,0.9275105284944375,-0.23326624111011,0.999987547004426,False,False,False
Prelid3b,-0.04342448731631519,0.8030467147626096,-0.0558342895649808,0.999987547004426,False,False,False
H2-M2,0.4978893920937805,0.0003067776746950562,-0.29014464971871,0.999987547004426,True,False,False
Ube2a,0.5522953688219567,4.397374704990708e-07,0.517623855050506,0.999987547004426,True,False,False
Slc25a5,0.20303395441057934,0.07980104345016381,-0.286760608666609,0.999987547004426,False,False,False
Ppdpf,-0.35789781080827515,0.004727501972786776,-0.248045691740413,0.999987547004426,True,False,False
Pls3,0.17299952598761875,0.5898340699130696,-0.0786442498162918,0.999987547004426,False,False,False
Nkap,-0.2082279127161767,0.2809731344539943,-0.464109892129497,0.999987547004426,False,False,False
Ndufa1,0.1238909623327587,0.5617011092094075,-0.064588254464085,0.999987547004426,False,False,False
E2f3,-0.5887108382293289,0.090878209253813,-0.021811445816482,0.999987547004426,False,False,False
Cr1l,-0.12622643535697653,0.35806691954663417,0.0123137979838308,0.999987547004426,False,False,False
Ppfibp1,-0.16644418745626668,0.653593669226875,-0.0246910261580755,0.999987547004426,False,False,False
Cd46,-0.49853159709143063,0.5285115753591413,-0.255266560702828,0.999987547004426,False,False,False
Cd34,0.029599741776076362,0.9552325948698283,0.84737710073368,0.999987547004426,False,False,False
Plgrkt,0.06282053625618036,0.7234472425517563,0.356732282705288,0.999987547004426,False,False,False
Cd274,0.043783408187373835,0.8797824784067979,0.600719512989527,0.999987547004426,False,False,False
Pdcd1lg2,0.38319659916508675,0.039575449922476184,1.22788227573831,0.999987547004426,True,False,False
Gtf3a,-0.08551014632992048,0.6954765290170694,-0.337066516928562,0.999987547004426,False,False,False
Mtif3,-0.2982208745553988,0.21779739862974412,-0.0701302023325878,0.999987547004426,False,False,False
Lnx2,-0.5964646147598084,0.010219507103225675,0.901115217618143,0.999987547004426,True,False,False
Dyrk3,0.1532971988163944,0.8347847299838573,0.247708915080731,0.999987547004426,False,False,False
Mapkapk2,0.40885988633948733,0.008233770134009699,0.34380570016917,0.999987547004426,True,False,False
Il10,2.046512086189151,0.010064643409161958,-0.575680617426602,0.999987547004426,True,False,False
Lamp2,0.5197890519809715,1.205315508431073e-06,0.539930365871028,0.999987547004426,True,False,False
Atxn10,0.07140319890502922,0.6443004267207697,-0.0410479766745073,0.999987547004426,False,False,False
Foxred2,-0.18311909922120992,0.7055027046800771,-0.400230807140395,0.999987547004426,False,False,False
Eif3d,-0.032333925296044105,0.8811463708127617,0.111046694982166,0.999987547004426,False,False,False
H3f3b,0.3199412427674011,0.009287913337264565,-0.10172455212215,0.999987547004426,True,False,False
Nup50,-0.05206383296031695,0.8361922353122294,-0.202550451659389,0.999987547004426,False,False,False
Ift27,0.08517454514568819,0.6951324912994641,-1.14521521135398,0.999987547004426,False,False,False
Pacsin2,0.2974017559753674,0.053544474505958575,-0.259298480651021,0.999987547004426,False,False,False
Ttll12,-0.08540144859272944,0.8679032891955246,-0.697801261928069,0.999987547004426,False,False,False
Mrps18c,0.19519970527565825,0.26164654630506073,-0.144595152193959,0.999987547004426,False,False,False
Srsf6,0.13739319605257627,0.41786539890386015,0.0094872876339042,0.999987547004426,False,False,False
Plcg1,-0.14040957955918779,0.6830796260573148,-0.0012737334397803,0.999987547004426,False,False,False
Kctd2,-0.05536343475305414,0.8429115647619604,-0.417510133124569,0.999987547004426,False,False,False
Kctd5,0.031528924309047794,0.8982253818413249,-0.531515266567192,0.999987547004426,False,False,False
Etaa1,-0.48845694009134943,0.04275893122476458,-0.0139993128284726,0.999987547004426,True,False,False
Slpi,1.259269430992667,0.1955982111549347,-0.0834930768368514,0.999987547004426,False,False,False
Sdc4,0.7248783261162138,0.0021769729693738612,-0.221337702613329,0.999987547004426,True,False,False
Il13ra1,0.9161561511976721,4.0834766301094125e-11,-0.676431752505023,0.999987547004426,True,False,False
Nbr1,-0.22820253793283082,0.3197281501008142,-0.536016145673727,0.999987547004426,False,False,False
Cyth1,0.5374202296384911,0.0004054381963260462,-0.368547986960802,0.999987547004426,True,False,False
Rnd3,-0.6619454300595216,4.034072245336536e-06,0.484903145857008,0.999987547004426,True,False,False
Nt5c3b,0.043464088699877744,0.8742918093527448,-0.486724664479745,0.999987547004426,False,False,False
Coa3,0.013716416146840292,0.9503723113049145,-0.18739706760367,0.999987547004426,False,False,False
Med24,-0.04331095115995712,0.9010264209587145,-0.115219366649244,0.999987547004426,False,False,False
Psmd3,0.2794222963651042,0.04925055779473492,-0.147260469466073,0.999987547004426,True,False,False
Exosc10,-0.13811410185644732,0.4888695519372384,-0.559877559941045,0.999987547004426,False,False,False
Glod4,0.1486778869455747,0.31931603993546526,-0.925278611380223,0.999987547004426,False,False,False
Vps53,-0.07634894822915438,0.7115471211181085,0.0120310132147896,0.999987547004426,False,False,False
Taok1,-0.08988527166413719,0.7219566760251945,-0.34661120873636,0.999987547004426,False,False,False
Cd300lg,-0.45647876633468326,0.46338897015535024,-0.726090184884966,0.999987547004426,False,False,False
Nlk,0.006866982772875848,0.9881644754127993,-0.223040036398592,0.999987547004426,False,False,False
Traf4,0.5607291923676846,0.006842712106215242,-0.425214622464285,0.999987547004426,True,False,False
Aldoc,-0.7823603380337789,0.06601957712482383,-0.58232844345916,0.999987547004426,False,False,False
Rpl19,-0.09418216985091928,0.5699964287754979,-0.360347945866262,0.999987547004426,False,False,False
Nek8,-0.46400754696262986,0.11103712611010862,0.0777501149283291,0.999987547004426,False,False,False
Cacnb4,-0.08358302991988906,0.8585742504918525,-0.797370009726964,0.999987547004426,False,False,False
Arl5b,0.4312306022589542,0.010736320818972715,0.137770840877399,0.999987547004426,True,False,False
Zfp207,-0.18718728394244533,0.1636805214121765,-0.0230242616107903,0.999987547004426,False,False,False
Psmd11,0.1304078768254477,0.3318535824479436,-0.224923719106641,0.999987547004426,False,False,False
Timp2,1.3555168478256847,1.6059388834144153e-12,-0.976644048227154,0.999987547004426,True,False,False
Zc3h18,-0.1713392648985331,0.4602956942594193,-0.247329803647607,0.999987547004426,False,False,False
Top2b,-0.06059470791582334,0.7695102517101734,-0.227391476034896,0.999987547004426,False,False,False
Igfbp4,0.42792301533196414,0.38674109185403555,-0.20917065046417,0.999987547004426,False,False,False
Cdc6,-0.13585103306187615,0.7084369496769953,-0.296285486127067,0.999987547004426,False,False,False
Suz12,-0.16334669501241744,0.4514912638934963,-0.193605795264122,0.999987547004426,False,False,False
Atad5,-0.45459828200673263,0.014671337586227018,-0.262834346036989,0.999987547004426,True,False,False
Crlf3,-0.08330787637504762,0.594133483383638,0.690928918777407,0.999987547004426,False,False,False
Tns4,1.130562026290948,0.00896741625638243,-0.445622690136855,0.999987547004426,True,False,False
Tnfaip1,0.4023377961999158,0.007095086059863762,-0.354408001553731,0.999987547004426,True,False,False
Abr,-0.1959121072974039,0.1439371482646208,-0.570404075751452,0.999987547004426,False,False,False
Rab11fip4,-0.4315559243098069,0.13961960617353797,0.323600701525389,0.999987547004426,False,False,False
Cd40,-0.03850988985467956,0.8542339160295075,-0.0807146293472103,0.999987547004426,False,False,False
Slc35c2,-0.022460935460752528,0.9106351821798189,-0.235323439436124,0.999987547004426,False,False,False
Elmo2,0.14292800336389613,0.33591831396047944,-0.294558006949885,0.999987547004426,False,False,False
Wsb1,0.3540656795488239,0.024268180356031382,-0.0881435222789788,0.999987547004426,True,False,False
Ttpal,0.22989411321162742,0.3524173201465939,-0.334548173884995,0.999987547004426,False,False,False
Rhot1,0.3129993385343931,0.03296762823833679,-0.590552649645274,0.999987547004426,True,False,False
Rhbdl3,0.33123948905004785,0.7836857267426761,-0.425507113297513,0.999987547004426,False,False,False
Ada,-0.19469927679609025,0.5084080395382248,-0.660831078927943,0.999987547004426,False,False,False
Serinc3,0.3393888598081005,0.061289491053360554,0.0555339868794373,0.999987547004426,False,False,False
Pgs1,-0.18579884486013767,0.3048540435152031,0.565021185847231,0.999987547004426,False,False,False
Afmid,0.0725973872951737,0.8373045716031866,0.243997998154888,0.999987547004426,False,False,False
Pigt,-0.3039376861000046,0.10530217908823027,-0.372526701780148,0.999987547004426,False,False,False
Dbndd2,-0.1212588320545517,0.675538505433043,-0.215401180000648,0.999987547004426,False,False,False
Mmp9,0.20132387085376083,0.6233153652233544,0.648965971315254,0.999987547004426,False,False,False
Slc12a5,0.6968798785807426,0.3274826439370676,-0.754581173022809,0.999987547004426,False,False,False
Ghdc,0.17717227075489742,0.7001595768373712,-0.27551991664167,0.999987547004426,False,False,False
Pltp,1.1892210526998512,1.975364211625406e-12,-0.420566399671272,0.999987547004426,True,False,False
Slc12a7,0.9177107215953361,0.06911700834587631,-0.468695545510966,0.999987547004426,False,False,False
Zswim1,-0.0014272316038102786,0.9968028550036951,-0.387675735855097,0.999987547004426,False,False,False
Slc12a4,0.5363715147334165,0.11245739926513224,-0.479223656913226,0.999987547004426,False,False,False
Myo1c,0.37846563348398965,0.011563710838126157,-0.188590702163431,0.999987547004426,True,False,False
Crk,0.14272788338726192,0.4242869667565557,-0.205681153307988,0.999987547004426,False,False,False
Cox7c,0.05161040988897361,0.8438316543374227,0.125310121796991,0.999987547004426,False,False,False
Pitpna,0.5332508339678553,2.0470514105965186e-09,-0.509649428372092,0.999987547004426,True,False,False
Mlx,0.03850297899027249,0.8540959362123737,-0.197242195066378,0.999987547004426,False,False,False
Retreg3,-0.17566171588615379,0.5332325974233788,-0.670605741177296,0.999987547004426,False,False,False
Dhx58,0.05837823017882949,0.8016487527762965,-0.26464263465046,0.999987547004426,False,False,False
Rab5a,0.264415534747885,0.0291098006504892,0.383088144464907,0.999987547004426,True,False,False
Nkiras2,0.27070521960012894,0.14180894514051645,-0.338902984040581,0.999987547004426,False,False,False
Ppp2r5c,0.0827112398947507,0.5744918199960727,-0.229942446821818,0.999987547004426,False,False,False
Ift52,0.015095252282876465,0.9433056077304076,0.0274760575943338,0.999987547004426,False,False,False
Mybl2,-0.35264829513210816,0.23941571210229556,0.357057711883074,0.999987547004426,False,False,False
B4galt5,-0.03427599444041725,0.9077790338763603,-0.708726667013164,0.999987547004426,False,False,False
Ddx27,-0.06022476385970032,0.7810897459621176,-0.252836303799733,0.999987547004426,False,False,False
Cyth3,0.580915309424539,0.011921759194152951,0.608816041272451,0.999987547004426,True,False,False
Cyth4,0.01278419759598152,0.9544463775683181,-0.668814835864339,0.999987547004426,False,False,False
Rac3,-0.06907804238106655,0.9302109578027055,-0.153362156067343,0.999987547004426,False,False,False
Rrp7a,0.3777920803841528,0.02071790654769545,0.0756407788735771,0.999987547004426,True,False,False
Ints2,-0.3129851885858577,0.22120615845699154,-0.477754986870973,0.999987547004426,False,False,False
Med13l,0.026954210739786415,0.916958213383026,-0.101829106596882,0.999987547004426,False,False,False
Mafk,0.08584578522234917,0.7611941847330784,0.21049973157831,0.999987547004426,False,False,False
Med1,-0.11980155000268208,0.5169425450145597,-0.519037405479096,0.999987547004426,False,False,False
Erbb3,0.2521428167984594,0.7196808623932343,-0.534919190225795,0.999987547004426,False,False,False
Stard3,0.036928298326203465,0.8760463168528946,-0.254410577097713,0.999987547004426,False,False,False
Mfng,-0.046075113559201145,0.8712101917716568,-0.148399579223873,0.999987547004426,False,False,False
Vmp1,0.23918365721838955,0.035754580736417005,-0.602101646606716,0.999987547004426,True,False,False
Ro60,-0.6136562943193747,0.14180894514051645,0.0512945747695053,0.999987547004426,False,False,False
Pmp22,1.5828565609995313,8.19721021815309e-05,-0.15409098676293,0.999987547004426,True,False,False
Psmb6,0.21000539628402398,0.07206794137180891,-0.209423089426156,0.999987547004426,False,False,False
Spag7,0.12542010883690097,0.35806691954663417,-0.530290971697471,0.999987547004426,False,False,False
Pfn1,0.028762754577501073,0.8868069000390489,0.177758894644469,0.999987547004426,False,False,False
Tomm34,0.15341603944864987,0.265375889946346,-0.286919459989306,0.999987547004426,False,False,False
Ywhab,0.13922329989186655,0.24544372364095363,-0.634163285902285,0.999987547004426,False,False,False
Ksr1,-0.49129787544698617,0.21154334132390268,-0.539733074960833,0.999987547004426,False,False,False
Gpx3,1.5012840967708,0.014615871750501835,-0.48795567665834,0.999987547004426,True,False,False
Anxa6,-0.9064828790105812,1.722765548416716e-21,0.295985477275019,0.999987547004426,True,False,False
Il12rb2,-0.45691726433955676,0.001955965032536507,-0.0801774158339414,0.999987547004426,True,False,False
Zkscan6,-0.12460954606013791,0.6722390018875767,-0.250818693942232,0.999987547004426,False,False,False
Kpna2,0.15109649917406284,0.3144642383510103,-0.387376181047856,0.999987547004426,False,False,False
Vezf1,-0.19848425898807315,0.37813705428509076,-0.451569893981403,0.999987547004426,False,False,False
Srsf1,-0.06886344724160048,0.7146830735946748,-0.172806605870726,0.999987547004426,False,False,False
Abi3,0.25255496663186583,0.05902839108949394,-0.424464978818032,0.999987547004426,False,False,False
Kif3a,0.11518118435755262,0.7933970814084056,0.068081091365026,0.999987547004426,False,False,False
Septin8,0.7364751474992153,0.0516779195016203,-0.28777722305513,0.999987547004426,False,False,False
Mtmr4,-0.280384279703584,0.12505578669782297,-0.0656630298356298,0.999987547004426,False,False,False
Mrm1,0.45381142033634597,0.023274692969335584,-0.0568041467039109,0.999987547004426,True,False,False
Kansl1,-0.15304223700397446,0.3868159134363223,-0.386797619562484,0.999987547004426,False,False,False
Gid4,0.010361973696857615,0.9796590273505534,-0.187784742063693,0.999987547004426,False,False,False
Myo1b,-0.39382706469806394,0.0075732349395169945,0.296325259942339,0.999987547004426,True,False,False
Dhx40,0.17414014854081392,0.34354739720776595,0.522140246548545,0.999987547004426,False,False,False
Ypel2,-0.12254000446124626,0.8272455684931765,-0.509846411970093,0.999987547004426,False,False,False
C1qbp,0.05737898371128034,0.7457508315129342,-0.179340601283341,0.999987547004426,False,False,False
Slc13a3,0.9009297678810075,0.3519611861762731,-0.138288585516525,0.999987547004426,False,False,False
Kcnab3,1.1464130152761942,0.06024713090988722,-0.414082753441818,0.999987547004426,False,False,False
Chd3,0.01866106590279986,0.939247706463168,-0.251460423180214,0.999987547004426,False,False,False
Appbp2,0.023482148367046814,0.9165328062409371,-0.0743222085231912,0.999987547004426,False,False,False
Adora2b,0.28591466014359834,0.37550557301737303,1.03660096183129,0.999987547004426,False,False,False
Ncor1,-0.044198072935806916,0.787343958709173,-0.660124995146087,0.999987547004426,False,False,False
Trpv2,0.12103602886903328,0.4384014045247936,-0.263544634166439,0.999987547004426,False,False,False
Cenpv,0.12207999115711253,0.8311544286337258,-0.52475395248242,0.999987547004426,False,False,False
Trim37,0.02222334854676801,0.9377006463701534,-0.49097030664046,0.999987547004426,False,False,False
Gabarap,0.31701301754711647,0.006680079761192782,-0.441146284687923,0.999987547004426,True,False,False
Phf23,0.7344747521349853,1.5374741581441652e-06,-0.328227235446028,0.999987547004426,True,False,False
Acadvl,0.3555994301045399,0.007085587886529558,-0.19927071428313,0.999987547004426,True,False,False
G3bp1,0.09475433699143579,0.5626860253388135,-0.13683425981792,0.999987547004426,False,False,False
Atox1,0.23979743399629605,0.1957071293697924,-0.523002659561137,0.999987547004426,False,False,False
Sparc,1.3279869139544995,0.4183676599181452,-1.17690724250327,0.999987547004426,False,False,False
Mief2,0.4071547720117196,0.2718985738635159,-0.39224928513337,0.999987547004426,False,False,False
Tbx3,1.272576409429147,0.18433144238826257,-1.25978287920062,0.999987547004426,False,False,False
Tada2a,-0.8456700038920401,0.0005590832981873984,-0.188791714063383,0.999987547004426,True,False,False
Ikzf1,-0.1314248131168913,0.4420557718589712,0.401208302838907,0.999987547004426,False,False,False
Pnpo,-0.27715264878757156,0.08770829352655578,-0.323958812622596,0.999987547004426,False,False,False
Cog1,0.07224496739288246,0.7798666700232394,-0.37307624666929,0.999987547004426,False,False,False
Cbx1,-0.23807599638065965,0.11640083376339065,-0.185414899383733,0.999987547004426,False,False,False
Cdk5rap3,0.2089533046356261,0.12422975145521274,-0.476253674504396,0.999987547004426,False,False,False
Slc25a39,0.3894782464649187,0.00025650630523315455,-0.445776519057342,0.999987547004426,True,False,False
Aatf,-0.04687358958010609,0.8418995091147414,-0.308734594690804,0.999987547004426,False,False,False
Pex12,-0.578738359925907,0.027328784907419253,0.0680895413404556,0.999987547004426,True,False,False
Ndel1,0.7275556163873367,6.1652801428957e-07,-0.309778049025346,0.999987547004426,True,False,False
Slc25a35,-0.3394995327201618,0.0816526896740329,-0.186045147823637,0.999987547004426,False,False,False
Zbtb4,0.11203029941455579,0.787343958709173,-0.640344097561962,0.999987547004426,False,False,False
Tnfsfm13,1.3580439404714395,0.0002769107080408661,-0.646325394415845,0.999987547004426,True,False,False
Mpdu1,-0.03392130605705383,0.8765043608232096,-0.105345876258894,0.999987547004426,False,False,False
Fxr2,0.1113367448908713,0.6083782082079074,-0.301669182964419,0.999987547004426,False,False,False
Cd68,0.36777703020305763,0.0002977033147688243,-0.0810354408539524,0.999987547004426,True,False,False
Abca5,-0.8160216290701945,0.14740769145366894,-0.720141118479061,0.999987547004426,False,False,False
Smyd4,-0.5464484616301624,0.018325111591239212,-0.141705195445509,0.999987547004426,True,False,False
Lsp1,-0.4207138705041806,9.869175927340023e-06,-0.211564354088954,0.999987547004426,True,False,False
Avpi1,0.22316536297999542,0.03952956372298442,0.288311430055918,0.999987547004426,True,False,False
Rad51d,-0.19993734040568814,0.23463632238021853,-0.267519693097541,0.999987547004426,False,False,False
Pank3,0.04421025905252733,0.8919305080753869,-0.204699646797554,0.999987547004426,False,False,False
Mrpl58,0.06196297965717174,0.8003956818477835,-0.403406460658187,0.999987547004426,False,False,False
Fdxr,0.059441406443571744,0.8527799856217361,-0.18280836888011,0.999987547004426,False,False,False
Irf1,0.02077796626991001,0.9100907184393145,-0.0246475259373122,0.999987547004426,False,False,False
Slc22a5,0.177759072572135,0.6483973844767223,-0.196425609951973,0.999987547004426,False,False,False
Arrb1,0.4851072609967647,0.05608195614483211,-0.382042887222659,0.999987547004426,False,False,False
Tm4sf5,-0.3824999907221781,0.16392032595777256,-0.452562301355504,0.999987547004426,False,False,False
Cxcl16,0.1426374685719175,0.44644138562828406,-0.899374010037166,0.999987547004426,False,False,False
Pelp1,0.2023840681905529,0.6027877265613195,-0.371438792892364,0.999987547004426,False,False,False
Med11,0.07624792029012639,0.6447519070569219,-0.182034800781526,0.999987547004426,False,False,False
Ccl6,0.24283811606350417,0.2478781724822714,0.031899056504705,0.999987547004426,False,False,False
Ccl4,-1.1011691132632064,1.5690818954624846e-13,-0.30026888013808,0.999987547004426,True,False,False
Map2k3,0.13980003515226108,0.42407234269435157,0.147886072835331,0.999987547004426,False,False,False
Ywhah,-0.4860587943637014,1.9666983892264375e-05,-0.275360122760928,0.999987547004426,True,False,False
Sart3,0.014091948473365442,0.9589056635275797,-0.175057414074557,0.999987547004426,False,False,False
E2f2,-0.04204721885692295,0.8863868066953902,-0.883423019067477,0.999987547004426,False,False,False
Slfn3,-0.35864514705252887,0.5662671202043383,0.493734281111111,0.999987547004426,False,False,False
Nars2,0.18503986139264464,0.4963102285171315,-0.411125125768132,0.999987547004426,False,False,False
Slc35b4,0.20219539356892444,0.345273440202102,-0.0683814189206977,0.999987547004426,False,False,False
Dalrd3,0.06650251366645972,0.7349973614702412,-0.122030984623077,0.999987547004426,False,False,False
Fis1,0.2229384256107009,0.06147184395429591,-0.377054132923296,0.999987547004426,False,False,False
Plod1,0.38036960594741537,0.14740769145366894,-0.249331691155744,0.999987547004426,False,False,False
Rab3d,0.5558164819429986,0.0021830923572201785,-0.360724895838,0.999987547004426,True,False,False
Mfsd3,-0.047113565695242415,0.9180348992117567,-0.0885640433795079,0.999987547004426,False,False,False
Slc25a22,0.3456350299652947,0.039682620991251374,-0.09829815663152,0.999987547004426,True,False,False
Atp6ap1,0.24722245819343086,0.028360122203494265,-0.210668155814786,0.999987547004426,True,False,False
Dnase1l1,0.09946194545265574,0.669236970230596,-0.495530648561091,0.999987547004426,False,False,False
Ccl9,0.6218455763170477,2.9665988368825475e-06,-1.13073275347223,0.999987547004426,True,False,False
BC005537,-0.19507853677338463,0.29615960187903173,-0.0161103577516375,0.999987547004426,False,False,False
Isyna1,0.5189191969940117,2.872246263448028e-05,-0.720548940302758,0.999987547004426,True,False,False
Tmem160,0.23444307900688313,0.11541895004822553,-0.15667958798061,0.999987547004426,False,False,False
Rab5c,0.21109562934834286,0.3476476055140182,-0.220145404994456,0.999987547004426,False,False,False
Mdh2,0.021037597483598038,0.9180875654997306,-0.159445321317542,0.999987547004426,False,False,False
H13,0.29216960602770187,0.007858991617642657,0.406190791897517,0.999987547004426,True,False,False
Rnf145,-0.04281372509056113,0.8396501110246026,-0.408826646182352,0.999987547004426,False,False,False
Scn1b,3.102541747072986,0.00022548280347978397,-0.269860650935684,0.999987547004426,True,False,False
Atp6v1e1,0.34636727683907204,0.0014092331727285654,-0.227325544745236,0.999987547004426,True,False,False
Ppp1r12c,0.18260247897406762,0.20784970822363757,-0.355650333521855,0.999987547004426,False,False,False
Ahr,0.027666457702347467,0.9081790261227647,-0.0620713657441039,0.999987547004426,False,False,False
Map1s,-0.02964784513683004,0.9119943190587697,-0.545312096446717,0.999987547004426,False,False,False
Tmem129,-0.03794642838464917,0.9038772954863422,0.433749182161177,0.999987547004426,False,False,False
Atp6v0a1,-0.29928586643006505,0.24118829721990206,-0.440467910512576,0.999987547004426,False,False,False
Psmc3ip,-0.249292446271332,0.2553696170946159,-0.209255127166458,0.999987547004426,False,False,False
Noxo1,0.24414612962126594,0.8276446209779463,-0.524891760143569,0.999987547004426,False,False,False
Zfp687,-0.1510142242761421,0.6483745148389928,-0.0863471241344058,0.999987547004426,False,False,False
D8Ertd738e,0.34734151439850447,0.000795271051366131,-0.214156194072012,0.999987547004426,True,False,False
Calm3,0.3567794209953045,0.003919288923902993,-0.249404493357492,0.999987547004426,True,False,False
Cops3,0.029982521408603573,0.8780743788686124,-0.65534561212469,0.999987547004426,False,False,False
Fkbp8,0.2421452460074536,0.03959493835093211,-0.234239949111715,0.999987547004426,True,False,False
Ddx39b,-0.011670852521814348,0.9600845999905847,-0.315467896554856,0.999987547004426,False,False,False
Gipc1,0.21057699615059952,0.34734786924908306,-0.270924990856798,0.999987547004426,False,False,False
Plscr3,0.9557828677748986,2.4783021601923527e-08,-0.147306813154105,0.999987547004426,True,False,False
Ptger1,-0.0344687434694821,0.9747774580613068,-0.142072826701221,0.999987547004426,False,False,False
Arhgef25,1.4101004852864554,0.08133837108677316,0.0176233092440414,0.999987547004426,False,False,False
Xab2,-0.003867522054768926,0.9868401228507852,-0.324680235738875,0.999987547004426,False,False,False
Cdc37,0.10893988439052454,0.4437566414872671,-0.915051122194754,0.999987547004426,False,False,False
Trip10,1.0517553606520256,4.1339310728109095e-09,-0.797046507442222,0.999987547004426,True,False,False
Cd70,-1.0234694267729827,0.06685478245353407,-0.618854995681343,0.999987547004426,False,False,False
Cops6,0.28250262080125466,0.009411264644041678,-0.139591463833391,0.999987547004426,True,False,False
Ap4m1,-0.34988665747682396,0.14519136015454154,-0.164485965450236,0.999987547004426,False,False,False
Rcn3,0.5732951392888237,5.677560036587068e-05,-0.591157233069297,0.999987547004426,True,False,False
Arid3a,-0.4576648279918835,0.05249023161876137,-1.01475308060563,0.999987547004426,False,False,False
Ubxn6,0.30120881442666,0.0698744357917098,-0.247376670260443,0.999987547004426,False,False,False
Mydgf,0.17934815372570453,0.18140646826640544,-0.0212295037952934,0.999987547004426,False,False,False
Ccdc12,-0.273920261802409,0.04117802257749922,-0.164142668217224,0.999987547004426,True,False,False
Fmc1,0.10752092179966798,0.6316055601313946,0.115458649516642,0.999987547004426,False,False,False
Akt3,-0.4692244249351468,0.05902203649670352,-0.0603012467258131,0.999987547004426,False,False,False
Mrpl24,0.07383830451004592,0.6517809863823892,-0.225951634255436,0.999987547004426,False,False,False
Gle1,0.05206703224889813,0.8284954536119026,-0.221688552985501,0.999987547004426,False,False,False
Lyst,-0.3243486475579514,0.01112011338312533,-0.193420208212785,0.999987547004426,True,False,False
Slc35e1,0.03870995207213226,0.9092300718927506,0.378494009780692,0.999987547004426,False,False,False
Tmc4,-0.32781831812672324,0.5085970804051467,-0.344412945161928,0.999987547004426,False,False,False
Polr2i,0.13853711209028763,0.527458040984295,-0.122174471279928,0.999987547004426,False,False,False
Rmnd1,-0.0025117316009627875,0.9929305088784874,-0.263290625163045,0.999987547004426,False,False,False
Esr1,-0.22596526269627193,0.6090799771269764,-0.470595579340002,0.999987547004426,False,False,False
Fbxo5,-0.32935563769804593,0.1375922840466407,0.730397492516155,0.999987547004426,False,False,False
Mtrf1l,-0.2585050033360193,0.3908949145007999,0.509784414251028,0.999987547004426,False,False,False
Hdac2,0.22524779487701224,0.11118399948185198,0.0564910926335793,0.999987547004426,False,False,False
Rwdd1,0.05994532048771395,0.7495490935022182,-0.061911020341908,0.999987547004426,False,False,False
Stxbp5,0.06802246498505764,0.9084160251374889,0.268685885405679,0.999987547004426,False,False,False
Hint3,-0.17499194700982,0.4340917848950667,-0.185637707513953,0.999987547004426,False,False,False
Trmt11,-0.26999033406138606,0.1696288223396716,-0.0405505974463862,0.999987547004426,False,False,False
Katna1,-0.05013561074816839,0.8338855960464233,-0.119664516361345,0.999987547004426,False,False,False
Pcmt1,0.043679916668193194,0.8299604978448586,0.0930088390020085,0.999987547004426,False,False,False
Mtres1,0.2895582932371607,0.2904210462355308,-0.300176875660539,0.999987547004426,False,False,False
Sec63,0.0825271047412293,0.6907905910695799,-0.0509001934183937,0.999987547004426,False,False,False
Snx3,0.12273707291494572,0.3132061972299859,0.0163659206658107,0.999987547004426,False,False,False
Aig1,-0.32085844458778257,0.02071790654769545,0.573965989455409,0.999987547004426,True,False,False
Adat2,-0.17877837694181561,0.6961305461244257,-0.345174775441644,0.999987547004426,False,False,False
Pex3,-0.1302149879751271,0.5379906266238106,0.0702540520688126,0.999987547004426,False,False,False
Fuca2,0.04378706473977667,0.8091476194303201,0.15175288784505,0.999987547004426,False,False,False
Ltv1,0.22353913758116525,0.1501814140638892,-0.0706299979326346,0.999987547004426,False,False,False
Utrn,-0.20569305229895524,0.2113366138339192,0.170658757088037,0.999987547004426,False,False,False
Smpd2,0.30172701331907853,0.12270500881224551,-0.327151788108855,0.999987547004426,False,False,False
Mical1,-0.08259308077220459,0.627773513800788,-0.19186187975189,0.999987547004426,False,False,False
Rab32,0.016482455919492177,0.9428032400273331,0.790799276120826,0.999987547004426,False,False,False
Gtf3c6,0.18572468584526935,0.22820173650785577,-0.124381802225036,0.999987547004426,False,False,False
Slc16a10,0.15123213311783879,0.7588165640577957,-0.10109839405302,0.999987547004426,False,False,False
Rev3l,-0.2731060835358935,0.19312152140339223,0.003134438414456,0.999987547004426,False,False,False
Traf3ip2,-0.9896986942775944,1.205315508431073e-06,0.220901246525095,0.999987547004426,True,False,False
Fyn,0.18734645895441854,0.22371544049900283,-0.0147155866649662,0.999987547004426,False,False,False
Tube1,-0.06336932576298657,0.9100907184393145,-0.106453121502192,0.999987547004426,False,False,False
Prep,0.08214759282947993,0.6616721319923564,-1.04607942320196,0.999987547004426,False,False,False
Tnfaip3,0.08427735529412794,0.7729893217054505,-0.722261600594943,0.999987547004426,False,False,False
Arfgef3,-0.5025759040355858,0.4877511866845805,0.383168486807638,0.999987547004426,False,False,False
Hebp2,0.49615266006759257,0.4195363201062939,-0.0324288984389183,0.999987547004426,False,False,False
Reps1,-0.15545911846637767,0.44858444712692613,0.378395215001947,0.999987547004426,False,False,False
Asf1a,0.017941713159110216,0.9369310558689741,-0.46129341852044,0.999987547004426,False,False,False
Gopc,-0.18586146155433378,0.3753964904687719,-0.0221075856241786,0.999987547004426,False,False,False
Qrsl1,-0.23700662159898322,0.27985094738521943,0.0497880630500056,0.999987547004426,False,False,False
Rtn4ip1,-0.024743664104150687,0.9446828899320698,-0.637873805394101,0.999987547004426,False,False,False
Crybg1,-0.13213809163047568,0.5719979451330812,-0.651625739596091,0.999987547004426,False,False,False
Vta1,0.18189196425129334,0.1689374347227025,-0.0971011202385244,0.999987547004426,False,False,False
Smpdl3a,-0.035677315566912164,0.8812730025215434,0.13177877942638,0.999987547004426,False,False,False
Reep3,0.5800374329705056,1.5516506290971448e-07,0.240626433768668,0.999987547004426,True,False,False
Pkib,-0.4398157895743723,8.187346997197867e-06,0.427003825584512,0.999987547004426,True,False,False
Serinc1,0.09829549426088494,0.6083782082079074,-0.109760097388946,0.999987547004426,False,False,False
Hsf2,0.009503206603950529,0.9834468511434243,-0.526460097650715,0.999987547004426,False,False,False
Echdc1,-0.916964018223529,3.7914892004741955e-10,-0.124224737772062,0.999987547004426,True,False,False
Dcbld1,0.6310223465301852,0.5034163028791628,-0.870184994917305,0.999987547004426,False,False,False
Ccdc59,-0.16700710814098055,0.28241716951812557,0.762050445329253,0.999987547004426,False,False,False
Ppp1r12a,-0.22096595364425767,0.11582451962871859,0.761925362289198,0.999987547004426,False,False,False
P4ha1,0.17704633067570305,0.4340917848950667,0.389022260984524,0.999987547004426,False,False,False
Septin10,0.04207305496764025,0.9022197998883336,-0.115412969948798,0.999987547004426,False,False,False
Lims1,0.03723315041043762,0.8275220913106303,-0.272719525235003,0.999987547004426,False,False,False
Zwint,0.17856931815023142,0.17350347705555585,-0.0419227592492781,0.999987547004426,False,False,False
Ube2d1,0.44838893813001673,3.1529810011270856e-05,-0.030914064782495,0.999987547004426,True,False,False
Cdk1,-0.3844312532112477,0.031694969666668016,-0.028911803548282,0.999987547004426,True,False,False
Atp2b1,0.2576308464137111,0.13648462575136056,0.397877566083685,0.999987547004426,False,False,False
Arid5b,-0.18918083810165953,0.1991650513624701,-0.0627999747695762,0.999987547004426,False,False,False
Actr6,-0.15050816406226977,0.4524816527443202,0.0239600429765519,0.999987547004426,False,False,False
Poc1b,0.2087694296219887,0.4209810442106459,0.402909448945342,0.999987547004426,False,False,False
Dusp6,0.037846651311225304,0.8884734723895006,-0.209876048939612,0.999987547004426,False,False,False
Tmpo,-0.10028314810933969,0.5500532979452145,-0.482747274108235,0.999987547004426,False,False,False
Psen1,0.17363880165483306,0.20949307231004102,-0.129752641576816,0.999987547004426,False,False,False
Sgk1,0.6254742176135921,8.429997100403282e-07,-0.103475135290774,0.999987547004426,True,False,False
Cep290,-0.17629579171605836,0.47025916731645956,0.0455160292944337,0.999987547004426,False,False,False
Hbs1l,0.011883363400383045,0.9646807309233099,0.337312537768115,0.999987547004426,False,False,False
Epb41l2,0.0026377373006690004,0.9913965726075321,-0.188635287704373,0.999987547004426,False,False,False
Apaf1,0.18410893352494836,0.41378799152803114,-0.268534534651169,0.999987547004426,False,False,False
Myb,-0.148266451769983,0.8172442394948223,-0.0079762219526537,0.999987547004426,False,False,False
Med23,-0.08614557988836527,0.7843056678010846,-0.0476929656842309,0.999987547004426,False,False,False
Ahi1,-0.10944509011641074,0.7705121160133113,0.263032161047875,0.999987547004426,False,False,False
Nedd1,0.06245674976511599,0.7706080944543638,-0.218212496353431,0.999987547004426,False,False,False
Pde7b,-0.24058254929495307,0.7448016535781788,-0.366390807153201,0.999987547004426,False,False,False
Mtfr2,-0.054728252046083385,0.9256578016117281,-0.451728457280911,0.999987547004426,False,False,False
Map7,0.1334894789434853,0.7291928148749905,0.0122064147418008,0.999987547004426,False,False,False
Stx7,-0.03212869407251605,0.8470272407534087,-0.511479204322439,0.999987547004426,False,False,False
Pex7,-0.04033056118512049,0.8513079612758008,-0.520560417051374,0.999987547004426,False,False,False
Ifngr1,0.23472890243623376,0.1034525699980012,0.394242302741824,0.999987547004426,False,False,False
Vnn3,0.6704559694873528,0.2709621591873317,0.856359633547576,0.999987547004426,False,False,False
Hal,-0.6622764925481592,0.11855387772529395,0.0020223567786716,0.999987547004426,False,False,False
Snrpf,0.19285616822567378,0.2697723302939971,0.447812494463093,0.999987547004426,False,False,False
Usp44,-0.42202604911222263,0.6887668377213759,-0.116701680106964,0.999987547004426,False,False,False
Ndufa12,0.44907559535778485,0.0004509928296477058,-0.185038133607973,0.999987547004426,True,False,False
Tmcc3,-0.11942285929384595,0.5115360912941209,-0.447720722835493,0.999987547004426,False,False,False
Cep83,-0.25737635536684467,0.06977180224096559,-0.0954409519647239,0.999987547004426,False,False,False
Socs2,-0.7265623161507138,8.967109983930386e-07,-0.0371204258899107,0.999987547004426,True,False,False
Nudt4,0.28746993892307493,0.1051665736549365,-0.450789936285216,0.999987547004426,False,False,False
Nuak1,0.6567282067617718,0.1326105322384863,-0.333457822163468,0.999987547004426,False,False,False
Tcp11l2,0.14684413923560316,0.5214020045096595,0.688111630372275,0.999987547004426,False,False,False
Cry1,0.10458045185702934,0.7062544507800047,0.275075803764938,0.999987547004426,False,False,False
Hsp90b1,0.1849224003610717,0.19770412207720603,-0.108683437721826,0.999987547004426,False,False,False
Washc3,-0.059799333991483,0.7848354323232084,-0.0312591013007619,0.999987547004426,False,False,False
Dram1,1.5574993824019856,8.502245033336574e-10,0.10503025118538,0.999987547004426,True,False,False
Sirt1,-0.340497391989304,0.14847660048788763,-0.384538787269576,0.999987547004426,False,False,False
Herc4,-0.2631552716193053,0.053544474505958575,0.0671325991014413,0.999987547004426,False,False,False
Hnrnph3,-0.17962843704488252,0.2592857152362287,-0.247072375402356,0.999987547004426,False,False,False
Rufy2,-0.35619996027457707,0.07625191514642642,-0.319723777224851,0.999987547004426,False,False,False
Pbld2,-0.08963916287293874,0.9452464358033107,-0.191509371297149,0.999987547004426,False,False,False
Ccar1,-0.21910567598619815,0.10202887617271417,-0.340506323544878,0.999987547004426,False,False,False
Ddx21,-0.16218760193773404,0.3962720170572755,0.0080608133722162,0.999987547004426,False,False,False
Ddx50,-0.06724542537883318,0.6850103762569304,-0.200218014840852,0.999987547004426,False,False,False
Srgn,-0.06219534475734087,0.6899599985615088,0.430293773481755,0.999987547004426,False,False,False
Vps26a,0.5046801093130182,1.8363373086621144e-05,0.602502618760385,0.999987547004426,True,False,False
Supv3l1,-0.1946922170826126,0.4209315599261936,0.0088693650540516,0.999987547004426,False,False,False
Aifm2,0.3357791714414974,0.47094189476142684,1.07742289538982,0.999987547004426,False,False,False
Macroh2a2,0.0606244725894968,0.9256578016117281,-0.309632981012017,0.999987547004426,False,False,False
Tysnd1,0.15856834183922505,0.6120561423524931,0.24489910928617,0.999987547004426,False,False,False
Sar1a,0.2127625588897973,0.11064416454233902,-0.0695818726498594,0.999987547004426,False,False,False
Ppa1,-0.10417871242820223,0.6083782082079074,-0.202865697877328,0.999987547004426,False,False,False
Eif4ebp2,0.06212645746088033,0.7693350068227236,-0.453564666992158,0.999987547004426,False,False,False
Pald1,0.9631571070456195,0.0521973648621185,0.404543895422035,0.999987547004426,False,False,False
Sgpl1,0.42449166555910006,0.0012149630540735994,-0.310587290983071,0.999987547004426,True,False,False
Slc29a3,-0.0415703731552078,0.8513792839875596,-0.504842509483784,0.999987547004426,False,False,False
Vsir,0.287164613010871,0.013717140311698902,-0.503041584653373,0.999987547004426,True,False,False
Slc16a7,-0.030356733864560413,0.937550904634815,-0.201162526487166,0.999987547004426,False,False,False
Lrig3,0.31644760730784177,0.7925740530222622,0.329740642748496,0.999987547004426,False,False,False
Anapc16,-0.2948991188713222,0.04248346033279739,0.260279611660076,0.999987547004426,True,False,False
Ddit4,-0.2549699048153728,0.6608300737217673,0.311430483739596,0.999987547004426,False,False,False
Dnajb12,0.20765404910287363,0.2998540934611998,-0.0288285437030575,0.999987547004426,False,False,False
Micu1,-0.4505336160692043,0.027897786529310954,-0.200151816730372,0.999987547004426,True,False,False
Cand1,0.0668649827171698,0.7942636914623343,-0.114692685587787,0.999987547004426,False,False,False
Tbk1,0.13453612471192966,0.4540458794875629,-0.302526103697871,0.999987547004426,False,False,False
Pno1,-0.010305008452619703,0.9649786574892784,0.58933215234746,0.999987547004426,False,False,False
Usp15,-0.013066002685441155,0.9544599061375582,-0.242552866632586,0.999987547004426,False,False,False
Vps54,-0.04700814793278155,0.8681872384911055,0.240497265999365,0.999987547004426,False,False,False
Tbc1d15,0.04403958295678744,0.8254109870689591,0.261128889940024,0.999987547004426,False,False,False
Rab21,0.18806421106003623,0.1758449807725283,0.233112798808271,0.999987547004426,False,False,False
2310011J03Rik,0.16329681608058472,0.28696405070913383,-0.389658978761179,0.999987547004426,False,False,False
Peli1,-0.11231265237551864,0.518593190672611,-0.17505234899704,0.999987547004426,False,False,False
Lgr5,-0.385405588715436,0.46749772568954623,0.326022340955677,0.999987547004426,False,False,False
Dock2,-0.23983301181741362,0.03973646251723488,-0.82760179959388,0.999987547004426,True,False,False
Rab1a,0.424446408317676,0.0001290928348874326,-0.0245841650002205,0.999987547004426,True,False,False
Gamt,1.9491528030234884,1.5875295234769817e-12,-0.641204082043503,0.999987547004426,True,False,False
Actr2,-0.07476971857606282,0.6512378233570215,0.492268273939747,0.999987547004426,False,False,False
Ndufs7,0.1254447519245756,0.44812655326272816,-0.512692700801162,0.999987547004426,False,False,False
Kcnmb1,-0.2191797024603993,0.7743379602352556,-0.439607406244643,0.999987547004426,False,False,False
Pwwp3a,-0.07824918355404384,0.8138478842544358,-0.79642324575919,0.999987547004426,False,False,False
Uqcr11,0.362057048804984,0.019047125989405417,0.192209942095303,0.999987547004426,True,False,False
Cnot2,-0.0205886636401713,0.9162410240719927,0.359382370341236,0.999987547004426,False,False,False
Frs2,-0.21708035981874382,0.38044956478977465,0.033072930750377,0.999987547004426,False,False,False
Adora2a,0.12824555708718668,0.746542213219551,-0.399547188654707,0.999987547004426,False,False,False
Snrpd3,0.08853745404046312,0.570682924852482,-0.504532078855585,0.999987547004426,False,False,False
Cpm,-0.017353914648045272,0.9896574571169765,-0.637488377988646,0.999987547004426,False,False,False
Mdm2,0.1678074505896366,0.42359083878328396,-0.023762237849092,0.999987547004426,False,False,False
E2f7,-0.7629286817602484,0.006101401075450513,-0.677782628710438,0.999987547004426,True,False,False
Csrp2,1.0851624911890367,1.883652728234946e-05,-0.502056825310004,0.999987547004426,True,False,False
Osbpl8,0.031269606517851135,0.8763912114081008,-0.212496911904346,0.999987547004426,False,False,False
Mknk2,0.3137027146067957,0.01997633081995676,-0.413727345656111,0.999987547004426,True,False,False
Cabin1,-0.026331956597108356,0.9102239888986954,0.10131641407192,0.999987547004426,False,False,False
Ap3d1,-0.10615967737593343,0.5633375366819044,-0.352513745246384,0.999987547004426,False,False,False
Phlda1,0.4315196533997635,0.3644775821682235,0.127398378200313,0.999987547004426,False,False,False
Mdm1,0.012791941273373844,0.9810900168727218,0.0220005045581715,0.999987547004426,False,False,False
Timm13,0.18044554706710245,0.22318071775144016,-0.167388731595915,0.999987547004426,False,False,False
Vps13d,-0.22200924655677637,0.4195363201062939,-0.785757047974212,0.999987547004426,False,False,False
Llph,0.07389675515168999,0.655449720469276,-0.331468546987787,0.999987547004426,False,False,False
Tmbim4,0.4546684763817755,0.0002836227268895479,-0.24456786865775,0.999987547004426,True,False,False
Irak3,1.3813288518539872,5.008715877676767e-07,0.380752937323624,0.999987547004426,True,False,False
Helb,0.1638455575530876,0.644499271030015,-0.136054549308371,0.999987547004426,False,False,False
Prmt2,0.2719333737040455,0.3425932635838852,-0.355388190484967,0.999987547004426,False,False,False
Hmg20b,0.3003751465697989,0.11289120576146433,-0.126775338314859,0.999987547004426,False,False,False
Fzr1,0.3260675061323389,0.009674614339505283,-0.207753645684587,0.999987547004426,True,False,False
Ncln,0.31537673869765126,0.02609876438737811,-0.0550399717092276,0.999987547004426,True,False,False
Hcfc2,-0.21195050264595994,0.47473497259043285,0.373574055927727,0.999987547004426,False,False,False
Nfyb,-0.07666240818156023,0.7262750118577076,0.398646782062995,0.999987547004426,False,False,False
Ppm1m,0.04132891615249627,0.8395607742673891,0.324463447809909,0.999987547004426,False,False,False
Nopchap1,-0.2698310852853932,0.01974609654209682,-0.867280907454113,0.999987547004426,True,False,False
Aldh1l2,-0.009299041649026219,0.9934278333410155,-0.216388716729639,0.999987547004426,False,False,False
Wdr82,-0.20555822966321136,0.2822002730474325,0.0536466318516711,0.999987547004426,False,False,False
Pofut2,0.3301452020218926,0.02513715430053134,-0.30121401029036,0.999987547004426,True,False,False
Slc36a1,0.25931852722349,0.5774940056973609,-0.388191111428193,0.999987547004426,False,False,False
Appl2,0.12252613422578165,0.6040475421327323,-0.474595113491459,0.999987547004426,False,False,False
Sumo3,0.0027913929116838844,0.9881534888094989,-0.239703890871909,0.999987547004426,False,False,False
Hint1,0.038890955114673255,0.8609976874385042,-0.253924349690076,0.999987547004426,False,False,False
Fbxw11,0.14016947391193388,0.391752188123827,1.07584593857685,0.999987547004426,False,False,False
Stk10,-0.29510804053513523,0.07038222495772754,0.448462858036851,0.999987547004426,False,False,False
Papolg,-0.2712872188516579,0.13759212611757762,-0.140267152965526,0.999987547004426,False,False,False
Rel,-0.09537349768926272,0.6509939188256393,1.08816645246945,0.999987547004426,False,False,False
Pfkl,0.27974241788268106,0.05255305931882453,-0.302100825237497,0.999987547004426,False,False,False
Il9r,-0.4260756732459454,0.554008225167889,-0.671074540933493,0.999987547004426,False,False,False
Pus10,-0.0761848111754835,0.7446013033385988,0.0432445710813392,0.999987547004426,False,False,False
Rhbdf1,0.12352922132837582,0.9152508864719053,-0.054491267678821,0.999987547004426,False,False,False
Pex13,0.014702169675235747,0.947803390820747,0.580826818924062,0.999987547004426,False,False,False
Cfap410,-0.007324715850943471,0.983105680608857,-0.2890753941825,0.999987547004426,False,False,False
Mpg,-0.0980507030303171,0.7627232312277836,-0.326257768894711,0.999987547004426,False,False,False
Ahsa2,0.4284609443768489,0.009808912082585296,-0.226243559256078,0.999987547004426,True,False,False
Nprl3,-0.07675379997138848,0.7588165640577957,-0.111396571467377,0.999987547004426,False,False,False
Xpo1,-0.2506236386425901,0.09393675367654793,0.623433010809515,0.999987547004426,False,False,False
Cdc34,0.14201329195240692,0.3729249096426633,0.0021809948216899,0.999987547004426,False,False,False
Tpgs1,0.1207167285034156,0.5695995806598169,-0.186594088010543,0.999987547004426,False,False,False
Chac2,-0.052406480062282004,0.8919305080753869,-0.150444030075763,0.999987547004426,False,False,False
Erlec1,0.22485561992458894,0.42933276151587135,-0.084174671457971,0.999987547004426,False,False,False
Sptbn1,0.321319896930465,0.1846500265033969,-0.897223399468268,0.999987547004426,False,False,False
Wdpcp,-0.3332902894795392,0.6069673090925067,-0.0789712858074942,0.999987547004426,False,False,False
Prss57,-0.8852665857305121,0.07252793501853973,-0.324710890599748,0.999987547004426,False,False,False
Fstl3,1.890487603639591,0.012864514041159632,-0.232225250324674,0.999987547004426,True,False,False
Ccng1,0.18289095321705592,0.2315374013810208,-0.194778724460317,0.999987547004426,False,False,False
Nudcd2,-0.19049107424275907,0.30751325540603647,-0.0175920148800124,0.999987547004426,False,False,False
Polrmt,-0.11010754455763043,0.7767137765539456,-0.0792069372141162,0.999987547004426,False,False,False
Hmmr,-0.5209269178199899,0.04275893122476458,0.0714127520780536,0.999987547004426,True,False,False
Slc22a4,1.0752897790417375,0.009370106366110574,-0.737101338738326,0.999987547004426,True,False,False
Cyfip2,0.0532698352903342,0.8123349757195056,-0.705804766013195,0.999987547004426,False,False,False
Mgat1,-0.027090690772689587,0.9164578457591417,-0.385667451198612,0.999987547004426,False,False,False
Ppp2ca,0.143029205501825,0.2706346329292735,-0.0936603874430313,0.999987547004426,False,False,False
Hnrnpab,-0.015235965185294739,0.9388604190334692,-0.198898015232944,0.999987547004426,False,False,False
Phykpl,0.10982882532960127,0.6623686224322364,-0.194744144169324,0.999987547004426,False,False,False
Hspa4,0.1927754422669516,0.13715631178088117,-0.182806587919806,0.999987547004426,False,False,False
Gfpt2,1.5396573635986406,1.3445123260016832e-05,-0.62573163068136,0.999987547004426,True,False,False
Mapk9,-0.11457397541002319,0.5133152295953626,-0.198042027482078,0.999987547004426,False,False,False
Canx,0.21647379986134163,0.13888386525973775,-0.96279754901355,0.999987547004426,False,False,False
Rack1,-0.10672443115986067,0.47442484267936896,0.104073630636496,0.999987547004426,False,False,False
Rufy1,-0.054627729091837926,0.8032702913169854,-0.771318102240037,0.999987547004426,False,False,False
Rnf130,-0.09753762789701516,0.49625553779351517,-0.384531391144217,0.999987547004426,False,False,False
Ltc4s,0.030839296911013336,0.9721198100126763,-0.589845359262912,0.999987547004426,False,False,False
Rad50,-0.26804008167354865,0.09572775807230396,-0.261021752077727,0.999987547004426,False,False,False
Mrnip,-0.12648594818593292,0.8438316543374227,-0.0925269962341124,0.999987547004426,False,False,False
Sar1b,0.1541778828482248,0.2511837317045525,-0.400071397745083,0.999987547004426,False,False,False
Pdlim4,1.3570893762143938,7.178362030844269e-13,-0.995599710980078,0.999987547004426,True,False,False
Cdkl3,-0.394412043111303,0.3745446955494054,-0.194700039604491,0.999987547004426,False,False,False
Ube2b,0.09967803650933585,0.5084252258543891,-0.0202884720712015,0.999987547004426,False,False,False
Cdkn2aipnl,0.028154751922116954,0.9053113181564424,-0.323306044352354,0.999987547004426,False,False,False
Kremen1,0.3939801875400239,0.2634609142512274,-0.0157691614469764,0.999987547004426,False,False,False
Nefh,0.11700378615544015,0.9211670057273461,0.100091275541964,0.999987547004426,False,False,False
Med7,-0.24268714053996893,0.13016225042252572,0.725132619726034,0.999987547004426,False,False,False
Havcr2,-0.26796809763183194,0.08130303767854036,-0.390157455691615,0.999987547004426,False,False,False
Tnip1,-0.06178439864180854,0.7919921611243116,-0.240830116718207,0.999987547004426,False,False,False
Upp1,0.7944917940877514,0.12130045252718052,-0.192246121301158,0.999987547004426,False,False,False
Slu7,-0.06893284739032728,0.6792937756498815,0.0973783086507796,0.999987547004426,False,False,False
Ascc2,-0.09764848211473905,0.6622598036963419,-0.16868057398601,0.999987547004426,False,False,False
Hus1,-0.19010873287017155,0.5085611472118474,-0.258011921754704,0.999987547004426,False,False,False
Pttg1,0.03582034472528063,0.8812730025215434,-0.339463924750677,0.999987547004426,False,False,False
Zfp607a,-0.15542140605488738,0.6617555395456521,-0.576842005506307,0.999987547004426,False,False,False
Tns3,-0.1391568726786922,0.5932641482853593,0.315274031253483,0.999987547004426,False,False,False
Btg2,0.051690187541354196,0.8441040082191579,0.12028523848883,0.999987547004426,False,False,False
Castor1,0.34833564928981375,0.11289120576146433,-0.300958407819562,0.999987547004426,False,False,False
Pes1,0.06499394279815582,0.7461152727076329,-0.136295845375669,0.999987547004426,False,False,False
Tcn2,0.6876396769699149,5.931154439692218e-08,0.422029936504529,0.999987547004426,True,False,False
Myo1g,0.031088239810455078,0.882298667357637,0.310241271794491,0.999987547004426,False,False,False
Arf5,0.19920082482671272,0.1602163817261112,-0.206522497083624,0.999987547004426,False,False,False
2310033P09Rik,0.34867466544932396,0.01866631323330186,0.0460839251356751,0.999987547004426,True,False,False
Guk1,0.39875606890351617,0.0022123639510377414,-0.194600602048007,0.999987547004426,True,False,False
Rnf185,-0.07910056008738509,0.7857101861958432,-0.150583660514676,0.999987547004426,False,False,False
Limk2,-0.13041867029535256,0.6761175502338667,-0.330822902939964,0.999987547004426,False,False,False
Patz1,-0.11970795830554405,0.5797162081198525,-0.249022844613251,0.999987547004426,False,False,False
Eif4enif1,-0.11660428752146403,0.556513096295469,-0.224588144485896,0.999987547004426,False,False,False
Trim11,0.2324101981283535,0.1781760142856298,-0.0506336095100561,0.999987547004426,False,False,False
Ogdh,0.018292036790623942,0.9396693051568609,-0.176493757877815,0.999987547004426,False,False,False
Drg1,0.13358837054551512,0.3167279267165252,-0.266224494603142,0.999987547004426,False,False,False
Rtn4,-0.04981679659909008,0.8396501110246026,0.848524862881442,0.999987547004426,False,False,False
Rps27a,-0.1735025390833121,0.3815098998361314,0.15599811571965,0.999987547004426,False,False,False
Cfap36,0.24684752122065892,0.17995208676770488,-0.68880501453111,0.999987547004426,False,False,False
Ppp4r3b,-0.27986159676024464,0.021214075756643875,0.0891012427196998,0.999987547004426,True,False,False
Pnpt1,0.08066616592544487,0.7088027727089162,-0.0844659994061567,0.999987547004426,False,False,False
Pold2,-0.2791239442475326,0.25379814155416613,-0.198912291218771,0.999987547004426,False,False,False
Zkscan17,0.04203917775985897,0.9081790261227647,-0.170404161598189,0.999987547004426,False,False,False
Polm,-1.1377083629791578,0.014057710917510746,0.162285771123628,0.999987547004426,True,False,False
Dbnl,-0.317074711792492,0.009411264644041678,0.108590181067989,0.999987547004426,True,False,False
Mrps24,0.09513507440064088,0.5977966700994746,-0.31862266787912,0.999987547004426,False,False,False
Ccdc117,-0.47313777044338307,0.011032740141677386,-0.167535525859901,0.999987547004426,True,False,False
Dynll2,0.0778767506299724,0.7405194194092012,-0.701695180006455,0.999987547004426,False,False,False
Xbp1,0.11609083952698304,0.4450991593630234,-0.198606865142811,0.999987547004426,False,False,False
Supt4a,-0.02499862912702275,0.8911642413488569,-0.356299112246659,0.999987547004426,False,False,False
Septin4,0.3362054544929324,0.5329239850109297,-0.640969097542025,0.999987547004426,False,False,False
Btnl10,0.054239801598739514,0.9649786574892784,-0.531101979220633,0.999987547004426,False,False,False
2810021J22Rik,-0.4880433402613844,0.32665132619516213,-0.190975407137535,0.999987547004426,False,False,False
Ska2,-0.5346461156874303,0.0014942726952814163,-0.398822862019372,0.999987547004426,True,False,False
Smg8,-0.18354156974664043,0.6421720685357508,-0.469822753760215,0.999987547004426,False,False,False
Rnf187,0.10466744734804692,0.4920394910405501,-0.455840989650349,0.999987547004426,False,False,False
Mrpl22,0.14300232899853033,0.5408153217052271,-0.609738683646464,0.999987547004426,False,False,False
Rps6kb1,-0.1418679246597032,0.3894835308772482,-0.310474593173695,0.999987547004426,False,False,False
Galnt10,0.38474510876075146,0.07620523936892584,-0.284506902846331,0.999987547004426,False,False,False
Rnft1,0.5759486771519241,3.605393908655515e-05,-0.350404880182873,0.999987547004426,True,False,False
Mfap3,-0.034260234668329795,0.8747743093314589,-0.345224080379457,0.999987547004426,False,False,False
Ppm1d,-0.05177772147986985,0.860984954881271,-0.350624791357231,0.999987547004426,False,False,False
Znhit3,-0.05783673232807611,0.8126994791639944,-0.824103523865312,0.999987547004426,False,False,False
Prpsap2,0.09341649589314228,0.6318796375574474,-0.470328350249678,0.999987547004426,False,False,False
Ggnbp2,0.0225507938698709,0.9104677433261092,-0.261539951350545,0.999987547004426,False,False,False
Llgl1,0.09431742386187157,0.8016487527762965,-0.1703572553044,0.999987547004426,False,False,False
Drg2,0.0185583757483078,0.9377006463701534,-0.257004234258661,0.999987547004426,False,False,False
Srebf1,-0.08762826931619588,0.7357953022376669,-0.579460255106369,0.999987547004426,False,False,False
Tom1l1,-0.18515988891093055,0.8071006882606233,-0.198699870885999,0.999987547004426,False,False,False
Stxbp4,-0.11889667568166926,0.8754704088337218,-0.384032136814302,0.999987547004426,False,False,False
Elac2,0.06843523314229044,0.8204997758738692,-0.453872802998045,0.999987547004426,False,False,False
Pctp,0.37016087428208444,0.04096402971925386,-0.615015408934325,0.999987547004426,True,False,False
Polr1f,0.04974364576957711,0.8016487527762965,0.401524670785648,0.999987547004426,False,False,False
Atxn7l1,-0.016905352767713884,0.9320507260262789,0.320064875102863,0.999987547004426,False,False,False
Pdia6,0.28246797475860624,0.008798935828788063,-0.153070715694724,0.999987547004426,True,False,False
Nampt,0.002106277579522253,0.9941026950334206,-0.374471722744328,0.999987547004426,False,False,False
Pik3cg,-0.24888530192412534,0.1734533111413704,0.470614125059129,0.999987547004426,False,False,False
Nbas,-0.1649252354340986,0.6628821502489874,0.0873744525943048,0.999987547004426,False,False,False
Tspan13,0.31579306961028947,0.005345000488782867,0.821134464119404,0.999987547004426,True,False,False
Rock2,-0.24415392564214516,0.10853878861022115,1.00166941270486,0.999987547004426,False,False,False
Cyria,0.024387547497688462,0.9008178471331518,-0.318446360986853,0.999987547004426,False,False,False
Snx13,-0.36565264205733894,0.018209663002289208,0.014288995806095,0.999987547004426,True,False,False
Pum2,-0.31833146340679247,0.08231005356006048,0.678361836923675,0.999987547004426,False,False,False
Nrcam,-0.17183037654668099,0.8469604413830165,0.234293018691821,0.999987547004426,False,False,False
Rgs9,-0.42018435419555017,0.5478464531184722,-0.428103346664504,0.999987547004426,False,False,False
Hs1bp3,-0.136623767623079,0.8076545382820631,-0.420527238528383,0.999987547004426,False,False,False
Smc6,-0.1146827250622416,0.3930091390346833,-0.0794360421100624,0.999987547004426,False,False,False
Amz2,0.13773273571837788,0.4385479558400426,-1.11135001705975,0.999987547004426,False,False,False
Gna13,-0.08791431374179903,0.6509939188256393,-0.0979955759200548,0.999987547004426,False,False,False
Prkar1a,0.14537554359885443,0.31168317616279867,0.0196956885351032,0.999987547004426,False,False,False
Abca8b,0.9343877354592993,0.19691416823744923,-0.223027758343687,0.999987547004426,False,False,False
Rdh14,-0.07616906514655757,0.754823532161014,-0.0512585232468012,0.999987547004426,False,False,False
Map2k6,-0.160968506000615,0.5251708981133513,-0.39609813662377,0.999987547004426,False,False,False
Trappc12,-0.0209471410661262,0.92928530452841,-0.115488564026954,0.999987547004426,False,False,False
Adi1,0.12278720974116128,0.508196519237532,-0.191224065233287,0.999987547004426,False,False,False
Rnaseh1,-0.09552104189566538,0.6588060087371257,-0.189036727372583,0.999987547004426,False,False,False
Ubxn2a,-0.07171753291087522,0.7418793833921049,-0.103450124720097,0.999987547004426,False,False,False
Fkbp1b,1.48442018418681,1.411124122100352e-10,-0.123329456433035,0.999987547004426,True,False,False
Itsn2,-0.24476972269685077,0.07528371131368018,-1.07151892877415,0.999987547004426,False,False,False
Rsad2,0.16790042531113888,0.43674263422836024,-0.970955947940177,0.999987547004426,False,False,False
Rnf144a,0.6110570901794611,0.40234349217068965,-0.425686158988563,0.999987547004426,False,False,False
Ncoa1,0.1096178087878111,0.5733091667037783,-0.486698949440928,0.999987547004426,False,False,False
Dus4l,-0.37569678935491335,0.23380699075823883,0.0068824014666857,0.999987547004426,False,False,False
Rrm2,-0.13220389895046097,0.49387692127687793,-0.571069395239443,0.999987547004426,False,False,False
Bcap29,-0.0166996873085059,0.9340251479621773,0.466586570829709,0.999987547004426,False,False,False
Cenpo,0.25148540840180045,0.2612248406936571,-0.0845471549372911,0.999987547004426,False,False,False
Klf11,0.5094485852653716,0.028902628375284414,-0.012371464994958,0.999987547004426,True,False,False
Adcy3,0.21646823355203992,0.8072865171559497,-0.518870955547941,0.999987547004426,False,False,False
Grhl1,0.04509648982481916,0.9633059304282224,-0.0870350845623014,0.999987547004426,False,False,False
Dnajc27,-0.3462489769133706,0.32760827551829175,-0.280962178211968,0.999987547004426,False,False,False
Efr3b,-0.3645866024553849,0.691979181165718,-0.460430288889451,0.999987547004426,False,False,False
Cbll1,-0.22413255956568615,0.1781760142856298,0.053548083672025,0.999987547004426,False,False,False
Pomc,-0.36191445088946567,0.5251708981133513,-0.378346521627671,0.999987547004426,False,False,False
Dnmt3a,0.05647887362836244,0.7482204490228769,-0.350480868469044,0.999987547004426,False,False,False
Dld,0.015680553588174505,0.9380563495847658,0.0658830041214804,0.999987547004426,False,False,False
Kif3c,-0.2894687164891643,0.4911396019080136,-0.435055750535224,0.999987547004426,False,False,False
Rab10,0.15159965017670032,0.26667132928623055,-0.728446022085984,0.999987547004426,False,False,False
Ddx52,-0.09626258926473803,0.6390410257259573,0.139206960394996,0.999987547004426,False,False,False
Taf15,-0.5453903376818081,0.031248368655932945,-0.143535110720318,0.999987547004426,True,False,False
Cdc27,-0.06693342452364551,0.7695102517101734,-0.679349557525339,0.999987547004426,False,False,False
Itgb3,0.5027415074722262,0.03503370634147595,-0.536414002792494,0.999987547004426,True,False,False
Nle1,-0.23525413930991187,0.5641577968544857,-0.264466809355976,0.999987547004426,False,False,False
Mrc2,0.14000321993076958,0.8329039300414652,-0.135607927770755,0.999987547004426,False,False,False
Rffl,0.1907515309762077,0.6192393091031965,-0.669948003883584,0.999987547004426,False,False,False
Lig3,-0.0415548462976559,0.9085461878151344,-0.359123047317969,0.999987547004426,False,False,False
Cct6b,0.14370417222684936,0.913402054843259,-0.257212336272969,0.999987547004426,False,False,False
Map3k3,-0.07827410048053846,0.6892461933427805,-0.238539429591278,0.999987547004426,False,False,False
Ftsj3,0.006262201425840378,0.9850205181943134,-0.292384539352451,0.999987547004426,False,False,False
Rnf135,-0.38550457752213046,0.039655815338725364,-0.333111124633135,0.999987547004426,True,False,False
Adap2,0.25565264174159846,0.28222787513415404,-0.407314739750458,0.999987547004426,False,False,False
Ern1,0.27427125857044204,0.35806691954663417,-0.480053879432595,0.999987547004426,False,False,False
Nf1,-0.3222584131667941,0.25343594473466097,-0.376232439888679,0.999987547004426,False,False,False
Pecam1,-0.6240649298066406,2.5311683428371474e-06,-0.549257622397207,0.999987547004426,True,False,False
Polg2,0.009326150015393237,0.980736258761841,-0.166277369158509,0.999987547004426,False,False,False
Ddx5,-0.21882594789435406,0.14749662748375222,-0.133598820002469,0.999987547004426,False,False,False
Psmd12,0.24671125026173052,0.04144979608839406,-0.346044663335746,0.999987547004426,True,False,False
Helz,-0.3060131070398683,0.05079186393742567,-0.312734257361236,0.999987547004426,False,False,False
Cep112,1.2569772823313947,0.027842222932512286,-0.739347319860388,0.999987547004426,True,False,False
Grin2c,-0.5777614878466929,0.5891608265043865,-0.719067922605861,0.999987547004426,False,False,False
Nt5c,-0.018561563435895028,0.9310590949111716,-0.357767990146302,0.999987547004426,False,False,False
Jpt1,0.2734471048989922,0.006108536060978513,-0.169777456000875,0.999987547004426,True,False,False
Sumo2,0.0240105503039243,0.8949585320235067,-0.338027584201349,0.999987547004426,False,False,False
Nup85,0.012328026629419396,0.9600845999905847,-0.358055593257938,0.999987547004426,False,False,False
Cluh,-0.13071991925790596,0.6859663294974223,-0.437133759402598,0.999987547004426,False,False,False
Slc25a19,0.30939823784000653,0.04173478994696405,-0.360575506841217,0.999987547004426,True,False,False
Pafah1b1,-0.027642663424867875,0.9116369920499372,-0.243808784498522,0.999987547004426,False,False,False
Tmem94,0.4388196832753107,0.07244452586175397,-0.696579805818907,0.999987547004426,False,False,False
Recql5,-0.20959987835357222,0.48746123646960937,-0.294821711836837,0.999987547004426,False,False,False
Sap30bp,0.040622823625374775,0.8540959362123737,-0.189812606892307,0.999987547004426,False,False,False
Galk1,0.6083916249967688,0.0009439273410993378,-0.257909077099003,0.999987547004426,True,False,False
Unk,0.12220142659080618,0.6558460879802914,-0.26960617966803,0.999987547004426,False,False,False
Trim47,1.901575340553132,0.02842093710836464,-0.206070268154463,0.999987547004426,True,False,False
Mrpl38,0.20904108382169748,0.2668807110203912,0.819719058603035,0.999987547004426,False,False,False
Fbf1,-0.10558923332447964,0.8320545707571814,-0.373871026701267,0.999987547004426,False,False,False
Ten1,0.13088092674550322,0.45940332368178716,-0.339984987212434,0.999987547004426,False,False,False
Srp68,0.06393129366747421,0.7813142189719305,0.301185947974999,0.999987547004426,False,False,False
Tsen54,0.08611484585162062,0.7666098917180668,-0.163654453879715,0.999987547004426,False,False,False
Llgl2,-0.06442059770204542,0.9313195536873433,0.0812820567092771,0.999987547004426,False,False,False
Ncbp3,-0.22958724934200886,0.1781629930126115,-0.635737619144182,0.999987547004426,False,False,False
Camkk1,-0.42058313696563615,0.2925952401354284,-0.549771039655973,0.999987547004426,False,False,False
Atp2a3,-0.27345362054564354,0.1396435319445343,-0.301191253254978,0.999987547004426,False,False,False
Ankfy1,-0.26070206154843967,0.18231661960606424,0.0495757668354226,0.999987547004426,False,False,False
Ube2g1,0.24508687058264497,0.04904427799951259,-0.0485431303703772,0.999987547004426,True,False,False
Spns3,-0.2984465327993259,0.06678597744894263,-1.9225520706903,0.999987547004426,False,False,False
Ube2o,-0.22814490076147895,0.5962388892456262,-0.455503600610079,0.999987547004426,False,False,False
Txndc17,0.32026907908456725,0.02284574942116956,-0.46075886108123,0.999987547004426,True,False,False
Rhbdf2,0.6837433112392729,0.012780668827135721,0.159130536042626,0.999987547004426,True,False,False
4933427D14Rik,-0.22401301835690246,0.5412633576315102,-0.0591073835807912,0.999987547004426,False,False,False
Pimreg,-0.6813912957198344,0.02038182808167526,-0.882018648558831,0.999987547004426,True,False,False
Cygb,1.5454519826856337,1.8162306366405858e-20,-0.57889599473418,0.999987547004426,True,False,False
Mxra7,1.0468982329113676,0.031243556307591985,-0.661686516393814,0.999987547004426,True,False,False
Rabep1,-0.02729673757103876,0.895404295441151,-0.326030619287955,0.999987547004426,False,False,False
Sec14l1,0.5743893644099987,0.0008925542129552517,-0.553256014992711,0.999987547004426,True,False,False
Mink1,-0.15468783859890098,0.5251708981133513,-0.335218707113262,0.999987547004426,False,False,False
Pld2,0.3249170984000595,0.1574692288926571,-0.322829630087596,0.999987547004426,False,False,False
Slc46a1,0.8529751998130801,0.10896894502448135,-0.690560523826074,0.999987547004426,False,False,False
Eral1,-0.17109986402135566,0.41440127730494486,-0.668150649332953,0.999987547004426,False,False,False
Dhrs13,-0.6319589823805267,0.04173478994696405,-0.203527482019693,0.999987547004426,True,False,False
Coro6,-1.1320788760496259,0.2660402184249967,-0.737503557064281,0.999987547004426,False,False,False
Cpd,0.012326001905462682,0.9881644754127993,-0.268571615732646,0.999987547004426,False,False,False
Timm22,0.05674806987205854,0.7983087543565878,-0.462891854942935,0.999987547004426,False,False,False
Nxn,0.09505995295996682,0.9130227748639143,-0.424269934138485,0.999987547004426,False,False,False
Rflnb,0.7532007912835764,0.23771177082592418,-0.323972531726516,0.999987547004426,False,False,False
Rph3al,-0.46684931467632007,0.6586577689459255,-1.15673052850404,0.999987547004426,False,False,False
Ywhae,0.21271131923065031,0.055768781217102104,0.613744413366999,0.999987547004426,False,False,False
Prpf8,-0.35503018548478327,0.05462822319240796,-0.283138890907125,0.999987547004426,False,False,False
Nme2,0.19222879404380636,0.23662023493175174,-0.243340475173293,0.999987547004426,False,False,False
Spag9,0.18076734344329742,0.19068245650780238,0.451078206520594,0.999987547004426,False,False,False
Luc7l3,-0.2897020121501482,0.06603830117063895,-0.0982369494687205,0.999987547004426,False,False,False
Ankrd40,0.08107172718653076,0.7257430960026608,-0.450066704008336,0.999987547004426,False,False,False
Abcc3,1.1955211832919697,0.10257125561123608,-0.407401744151167,0.999987547004426,False,False,False
Xylt2,0.20146121010938098,0.5910481557503525,-0.127129145989083,0.999987547004426,False,False,False
Lrrc59,0.4452157971507459,0.01159600986327619,-0.284940119127943,0.999987547004426,True,False,False
Slc35b1,0.07766397779881086,0.6560678881686518,-0.151845760043435,0.999987547004426,False,False,False
Snx11,-0.10294908955569339,0.6659510446810368,-0.132892798632696,0.999987547004426,False,False,False
Scrn2,0.1431840844061802,0.7323083925131216,-0.562746527373445,0.999987547004426,False,False,False
Fbxl20,0.2560548880464031,0.1466366565498878,0.2093560774379,0.999987547004426,False,False,False
Dlg4,0.02842758117017821,0.9510262550036227,-0.759637327736672,0.999987547004426,False,False,False
Dvl2,0.1161292833905041,0.7150894674205417,-0.276920646205745,0.999987547004426,False,False,False
Gucy2e,-0.35665216838295866,0.6612837741737704,-0.873189359576173,0.999987547004426,False,False,False
Aloxe3,-0.4116120865505191,0.18645189080894592,-0.485885008377784,0.999987547004426,False,False,False
Per1,0.43767939338483475,0.34617271911146197,-0.239407129278908,0.999987547004426,False,False,False
Vamp2,0.2962916403754668,0.04683203520453868,-0.363147755530046,0.999987547004426,True,False,False
Tmem107,0.2278291997053378,0.6301849674128941,-0.253481217546098,0.999987547004426,False,False,False
Aurkb,-0.19407302086691364,0.3193209941258263,-0.628978286697115,0.999987547004426,False,False,False
Ctc1,0.42692664293160687,0.006189375692342671,-0.357262239391218,0.999987547004426,True,False,False
Pfas,-0.018081449385215328,0.9762718142877178,-0.640267908665258,0.999987547004426,False,False,False
Stx8,0.18374008072914125,0.28222787513415404,-0.437479190440824,0.999987547004426,False,False,False
Adprm,-0.2206523443951971,0.252852102226004,-0.944453483151805,0.999987547004426,False,False,False
Top2a,-0.6098816277630194,6.255729319808719e-08,-0.414749665284453,0.999987547004426,True,False,False
Acly,0.16637653132740224,0.32741573455688455,-0.453269983164518,0.999987547004426,False,False,False
Kat2a,0.3230425519537591,0.24961764555338672,-0.0141131541718931,0.999987547004426,False,False,False
Stat5b,-0.14574271567936345,0.4423454943861242,-0.346757438812894,0.999987547004426,False,False,False
Tmem101,-0.0691391965674276,0.8249273031631469,-0.340513086069855,0.999987547004426,False,False,False
Lsm12,-0.09327466750509654,0.5845675617388935,-0.166162227504432,0.999987547004426,False,False,False
Ubtf,-0.12082248496402295,0.4706079948244928,-0.392975868398504,0.999987547004426,False,False,False
Ccdc43,0.0973578337706223,0.6911332563823739,-0.232826622286911,0.999987547004426,False,False,False
Eftud2,-0.004881916803765318,0.983631551734873,-0.360894864360297,0.999987547004426,False,False,False
Dcakd,0.11063367878938238,0.7313572056100835,-0.321862271358916,0.999987547004426,False,False,False
Nmt1,0.29568435154524797,0.024157419983763036,-0.402009179938934,0.999987547004426,True,False,False
Plcd3,1.6855984337083267,1.868539806682747e-05,-0.695722446742409,0.999987547004426,True,False,False
Map3k14,0.053614878044437,0.8072865171559497,-0.24174080703681,0.999987547004426,False,False,False
Gosr2,-0.03103303262690274,0.8931513858747265,0.156801937458753,0.999987547004426,False,False,False
Klhl28,-0.1113436693116792,0.6736664572736208,-0.144408369356459,0.999987547004426,False,False,False
Fkbp3,0.1151565753475489,0.5343930393429738,-0.219975458096537,0.999987547004426,False,False,False
Scfd1,-0.0036322222503711444,0.9866642934350298,-0.114771563321007,0.999987547004426,False,False,False
Strn3,0.12566635619060054,0.5145377259460359,-0.0766103549116623,0.999987547004426,False,False,False
Ap4s1,0.024855392500665773,0.9157818179478258,0.278824449388914,0.999987547004426,False,False,False
Dtd2,-0.14938269732823198,0.583565369672314,0.372992335543868,0.999987547004426,False,False,False
Ston2,-0.6167748427402387,0.0008925542129552517,-0.452949413217941,0.999987547004426,True,False,False
Gtf2a1,0.01592572230801629,0.9589056635275797,-0.0901941469300827,0.999987547004426,False,False,False
Sel1l,-0.01003922267650653,0.967761846927983,0.700081059800998,0.999987547004426,False,False,False
Pole2,-0.08513739173375542,0.7387189005032682,-0.0237168118608864,0.999987547004426,False,False,False
Klhdc2,0.1459390212171815,0.4308053175633455,0.238448708075249,0.999987547004426,False,False,False
Nemf,-0.09630505090117902,0.5029565443236671,-0.718136010984155,0.999987547004426,False,False,False
Sec23a,0.4707705749790996,0.034903294297373724,-0.0419271510921408,0.999987547004426,True,False,False
Trappc6b,0.06146005844991945,0.7387189005032682,-0.0705830093339248,0.999987547004426,False,False,False
Pnn,-0.1131071473830514,0.43036339781413196,-0.0239533227056263,0.999987547004426,False,False,False
Galc,0.695647178690341,0.01200648156277015,-0.224421526265091,0.999987547004426,True,False,False
Spata7,0.14886271863653103,0.828380187182325,-0.454084751081608,0.999987547004426,False,False,False
Ptpn21,-0.8651199045582852,0.05011339773588018,0.0460262320826272,0.999987547004426,False,False,False
Zc3h14,0.11970332965976521,0.44762858137607814,-0.19964834656298,0.999987547004426,False,False,False
Ttc8,-0.34899771460831397,0.24415177317659983,0.108950407076164,0.999987547004426,False,False,False
Polr2h,0.20634129109097105,0.20972976242180694,-0.329507673969973,0.999987547004426,False,False,False
Ppp2r3c,0.17068897928366736,0.3057685045998981,-0.288332983549076,0.999987547004426,False,False,False
Prorp,0.5377355232392742,0.007187121366482883,0.551216425880409,0.999987547004426,True,False,False
Psma6,0.16203936095143673,0.20708973006804637,0.31958593772026,0.999987547004426,False,False,False
Nfkbia,0.23848349976173894,0.0463088876016639,0.0158877216727689,0.999987547004426,True,False,False
Ralgapa1,-0.3029320208919542,0.040603448683532745,0.221084146586096,0.999987547004426,True,False,False
Mbip,-0.25665975138507435,0.1764355580295044,0.670643969582969,0.999987547004426,False,False,False
Sptlc2,0.13132680618055734,0.35704273699906147,-0.075439686810455,0.999987547004426,False,False,False
Vipas39,0.14107505603787368,0.46956115316902286,-0.119634450869388,0.999987547004426,False,False,False
Snw1,-0.13587774842781414,0.3126650095628666,-0.134848636542047,0.999987547004426,False,False,False
Slirp,0.1458694574713227,0.5247282115729578,-0.159389681354697,0.999987547004426,False,False,False
Adck1,0.06508326822870927,0.8145751696273819,-0.0594574809824397,0.999987547004426,False,False,False
Mthfd1,-0.11041906273994564,0.628331431680831,-0.0619300742200419,0.999987547004426,False,False,False
Sgpp1,0.12398599544582484,0.46509694910177424,-0.548928566368815,0.999987547004426,False,False,False
Akap5,0.6352160088324865,0.03039350430818225,0.681096184997777,0.999987547004426,True,False,False
Sptb,0.3077877994361578,0.7318692760192486,-0.0036723157265523,0.999987547004426,False,False,False
Atl1,-0.2510489848227543,0.6990507531239175,0.788168836064634,0.999987547004426,False,False,False
Nin,-0.14757082953610223,0.5805280029835371,-0.116118182285692,0.999987547004426,False,False,False
Pygl,0.7991795006433099,2.7438954806751983e-09,-0.389193240712666,0.999987547004426,True,False,False
Tmx1,0.2364839515138913,0.07360020678890106,0.1477502611754,0.999987547004426,False,False,False
Actr10,0.15094484085377766,0.2691717342992144,-0.16310275309554,0.999987547004426,False,False,False
Timm9,-0.2920700035726737,0.11008841612266204,-0.349927921839981,0.999987547004426,False,False,False
Rtn1,-0.04129309009751485,0.8488922677596566,0.175554247644891,0.999987547004426,False,False,False
Lrrc9,0.3798511467884438,0.6077099875112318,0.100704568724251,0.999987547004426,False,False,False
Dhrs7,-0.0402372914103241,0.8539221026985198,0.383547369472133,0.999987547004426,False,False,False
Clmn,0.47678359561057304,0.4603738736609844,-0.0906052241764916,0.999987547004426,False,False,False
Mnat1,-0.26554246667125403,0.15010033053421942,-0.295987122022177,0.999987547004426,False,False,False
Prkch,-0.11788311113386839,0.5821328809949681,0.644387088036076,0.999987547004426,False,False,False
Hif1a,0.21488126427817253,0.2250144806497115,-0.14453289970419,0.999987547004426,False,False,False
Papola,-0.08299623020360902,0.5483936007571033,-0.378536100620924,0.999987547004426,False,False,False
Pals1,0.19385099101406275,0.5120546263478523,-0.165976585077134,0.999987547004426,False,False,False
Snapc1,0.40167282155498973,0.022092317696988138,0.721194433613732,0.999987547004426,True,False,False
Atp6v1d,0.15273878669434143,0.24381452628866948,-0.165342395554575,0.999987547004426,False,False,False
Vrk1,0.02404351907813915,0.8979674689498411,0.352899324214074,0.999987547004426,False,False,False
Eif2s1,0.1258521526430842,0.37285683275776044,0.0063684327514526,0.999987547004426,False,False,False
Pigh,-0.41151589453818505,0.04117802257749922,-0.22251601189001,0.999987547004426,True,False,False
Rdh12,-0.9582795999386245,0.0005277687989625291,0.716794847904495,0.999987547004426,True,False,False
Vti1b,0.23900570867994833,0.03970099200444437,-0.0739388970018524,0.999987547004426,True,False,False
Arg2,1.0301619834972562,0.005834865981083875,0.156068138953843,0.999987547004426,True,False,False
Zfp36l1,0.09036752889816171,0.7195534764954363,-0.398941399426629,0.999987547004426,False,False,False
Susd6,-0.12404699052224545,0.5406620696621045,0.898704183552733,0.999987547004426,False,False,False
Srsf5,0.09563001754925655,0.5805789345102653,-0.140584250457731,0.999987547004426,False,False,False
Slc10a1,0.1649484978916853,0.8639427955640766,-0.0374547983745375,0.999987547004426,False,False,False
Pacs2,0.10791750698917899,0.669236970230596,-0.477931276460905,0.999987547004426,False,False,False
Mta1,0.3430040740297606,0.25348990868983956,-0.296293444174921,0.999987547004426,False,False,False
Wdr37,-0.19287820101684333,0.3114590441791654,-0.380712353802098,0.999987547004426,False,False,False
Zmynd11,-0.15474280455882775,0.3179024321737746,-0.167517235103991,0.999987547004426,False,False,False
Esyt2,-0.34598070983128354,0.07128371151797838,0.766637645407811,0.999987547004426,False,False,False
Efcab11,-0.1165742264072547,0.8230382157583792,-0.217006857270822,0.999987547004426,False,False,False
Tdp1,0.15251166330667923,0.5264302586660712,-0.0737512236337734,0.999987547004426,False,False,False
Psmc1,0.34929052294574725,0.0013036261167738603,0.882873703293091,0.999987547004426,True,False,False
Nrde2,-0.11831357714610366,0.705152701220548,-0.231246335199064,0.999987547004426,False,False,False
Rps6ka5,0.052254967195875135,0.8709094217903383,-0.0627223618514314,0.999987547004426,False,False,False
Dglucy,-0.14427940786639454,0.4988020341435924,0.630387782710269,0.999987547004426,False,False,False
Tc2n,-0.45108328022523286,0.5625054730175445,-0.46205344626245,0.999987547004426,False,False,False
Atxn3,0.12169225442816287,0.49922354172329025,-0.0725077456752672,0.999987547004426,False,False,False
Lgmn,0.0389228098518888,0.8632505702602421,0.738981907057653,0.999987547004426,False,False,False
Golga5,-0.0019888183202550116,0.9938171208997106,-0.206193278741677,0.999987547004426,False,False,False
Pitrm1,0.05876884204909995,0.8329039300414652,0.252195549144183,0.999987547004426,False,False,False
Chga,-0.2432818270281052,0.8522563416774248,-0.192212303772516,0.999987547004426,False,False,False
Pfkp,0.5910487244209592,0.0001642056692306195,0.276527127354368,0.999987547004426,True,False,False
Asb2,-0.34418714245002663,0.0016903012756955956,-0.674421302959168,0.999987547004426,True,False,False
Otub2,-0.07564640258261653,0.9340251479621773,-0.472016561520368,0.999987547004426,False,False,False
Akr1c13,0.8950974620870457,2.2088445580551476e-05,-0.416836331828661,0.999987547004426,True,False,False
Net1,-0.005719504358796426,0.9897598185618389,-0.21179942143751,0.999987547004426,False,False,False
Tshz3,-0.6285009934449362,0.5002976060252422,-0.392323264580211,0.999987547004426,False,False,False
Gdi2,-0.13504532068969033,0.3461913645228981,0.619604210339996,0.999987547004426,False,False,False
Dcaf4,0.18416533451669825,0.41119629902351584,-0.322919287394939,0.999987547004426,False,False,False
Numb,0.17077590492890915,0.4808969133911702,-0.406624542970885,0.999987547004426,False,False,False
Acot2,-0.048674055723510044,0.9255960633930046,0.122465882516654,0.999987547004426,False,False,False
Fam161b,-0.421979597671451,0.5317351102353939,-0.102530709668729,0.999987547004426,False,False,False
Entpd5,-0.37377161406579623,0.3563541259481882,-0.296331930842829,0.999987547004426,False,False,False
Aldh6a1,0.37158852987983443,0.29092274433112486,-0.288865066779548,0.999987547004426,False,False,False
Vsx2,-0.43386893047436303,0.6602514196249673,-0.554949342145949,0.999987547004426,False,False,False
Abcd4,-0.41099978922651215,0.1900614686020744,-0.287239201080586,0.999987547004426,False,False,False
Isca2,0.19600057217906786,0.16307502330176113,-0.318686588474827,0.999987547004426,False,False,False
Npc2,0.41630243907686815,3.9563576042142806e-05,0.34340817307866,0.999987547004426,True,False,False
Fcf1,0.11873757101769657,0.4602230895674892,-0.046183253274517,0.999987547004426,False,False,False
Ylpm1,-0.4398111746277088,0.012786892369120397,-0.0809771441209639,0.999987547004426,True,False,False
Mlh3,-0.574908968360696,0.029397345439249982,-0.200048149102736,0.999987547004426,True,False,False
Tmed10,0.232303038261352,0.04131276427868984,-0.145446596142412,0.999987547004426,True,False,False
Fos,0.29309444592767125,0.467210714569237,-0.235309016796006,0.999987547004426,False,False,False
Tgfb3,0.05021696712040985,0.9665953035677323,-0.564210938974888,0.999987547004426,False,False,False
Gpatch2l,0.018988997873080418,0.9406144274290104,-0.0196328353547743,0.999987547004426,False,False,False
Ccnk,-0.2745835369008925,0.5134958690946858,-0.224432855184379,0.999987547004426,False,False,False
Evl,-0.8342379437584329,1.8562190324502573e-10,0.2117152097498,0.999987547004426,True,False,False
Yy1,-0.24785120000453353,0.213072593047396,-0.118372066577326,0.999987547004426,False,False,False
Slc25a29,-0.2563580886636293,0.5974486582031037,-0.0487460966269033,0.999987547004426,False,False,False
Zfp839,-0.2758157911351203,0.2192691004074329,0.0353313677676459,0.999987547004426,False,False,False
Fdft1,-0.8857974301100866,7.583745975522358e-08,-0.286636956701383,0.999987547004426,True,False,False
Tecpr2,0.3950825338536557,0.5047617870343623,-0.0295072638496281,0.999987547004426,False,False,False
Traf3,-0.16580901394381165,0.47970254806982,-0.49802662464159,0.999987547004426,False,False,False
Cdc42bpb,-0.537924203219364,0.4526066914839464,-0.462232396822013,0.999987547004426,False,False,False
Exoc3l4,0.32753248094096554,0.7294190095792671,-0.58461535716686,0.999987547004426,False,False,False
Eif5,-0.09829981493296373,0.5120546263478523,-0.0587217687151966,0.999987547004426,False,False,False
Ppp1r13b,-0.269257953308906,0.2452530610621337,-0.320453093341978,0.999987547004426,False,False,False
Zfyve21,0.5628544724951928,0.01729828448912574,-0.281621329518849,0.999987547004426,True,False,False
Klc1,0.17881768330093065,0.35543767128408066,-0.112213706005955,0.999987547004426,False,False,False
Gpr132,0.12146700109623743,0.4456229055090194,0.366980349985447,0.999987547004426,False,False,False
Ggps1,0.10486287270797054,0.5633375366819044,-0.0789787467022727,0.999987547004426,False,False,False
Gpr137b,-0.27447620861754823,0.09328021772475494,0.59886041670521,0.999987547004426,False,False,False
Mtr,-0.1881408840563884,0.4283968453407475,0.142287012409144,0.999987547004426,False,False,False
Aoah,0.6286047802352618,0.3781644303217838,0.0689489732007909,0.999987547004426,False,False,False
Trim27,0.08908950036156316,0.6259097886070033,-0.0449150003935195,0.999987547004426,False,False,False
Zkscan3,-0.3398204163582619,0.023336230634663536,-0.316704871074596,0.999987547004426,True,False,False
Carmil1,-0.5132548448038525,0.004964372399499896,-0.482392161774293,0.999987547004426,True,False,False
Mrs2,-0.1513410880982704,0.49005536113080483,-0.204558966066676,0.999987547004426,False,False,False
Irf4,-0.9005048792344683,7.763969283059317e-09,0.405874991135318,0.999987547004426,True,False,False
Exoc2,0.12920838610842195,0.5312419779524485,0.226791590878713,0.999987547004426,False,False,False
Tfap2a,0.1917270005247962,0.8797681280692617,-0.473577581395639,0.999987547004426,False,False,False
Gcnt2,-0.10406488046530504,0.5240789921888226,0.119798692640723,0.999987547004426,False,False,False
Tmem14c,0.1256941238198261,0.3828262394130833,-0.0939650825042673,0.999987547004426,False,False,False
Nedd9,-0.47120762347395984,1.1322399218530857e-05,-0.657612650786668,0.999987547004426,True,False,False
Edn1,0.250946097625816,0.8502277183319166,-0.967452925262618,0.999987547004426,False,False,False
Tbc1d7,0.04876692825066677,0.9001892352548103,0.461919224303288,0.999987547004426,False,False,False
Mcur1,-0.10812655900434452,0.5423150362114776,-0.361668439902766,0.999987547004426,False,False,False
Nup153,-0.23318882991706008,0.1452126850309941,-0.137150807635736,0.999987547004426,False,False,False
Kif13a,0.33668296065330544,0.2177563891042255,0.124376826199285,0.999987547004426,False,False,False
Tpmt,0.12638844979726646,0.8021558333832175,0.71645264445763,0.999987547004426,False,False,False
Dek,0.09620695185484988,0.5452929893798496,-0.29168630460667,0.999987547004426,False,False,False
Susd3,-0.09487395929604496,0.6226011117642496,0.130865301363368,0.999987547004426,False,False,False
Ippk,0.026892691566191677,0.956606751079843,-0.208488052101051,0.999987547004426,False,False,False
Cenpp,-0.24007006968614714,0.47968863046013127,-0.113647771195533,0.999987547004426,False,False,False
Spin1,0.0297641311719265,0.9092401540612629,-0.691351112099325,0.999987547004426,False,False,False
Wrnip1,-0.0751412093930528,0.7827108259889447,-0.171057781696223,0.999987547004426,False,False,False
Ripk1,0.023640605256320883,0.9209236403136564,0.583469268203238,0.999987547004426,False,False,False
Prpf4b,-0.1628720759072635,0.2713126325276683,-0.171397866198655,0.999987547004426,False,False,False
Eci2,0.062085482558345916,0.7511902542467633,-0.751396657756619,0.999987547004426,False,False,False
Rpp40,0.7018943889713963,0.007013980989049031,-0.0814849760611347,0.999987547004426,True,False,False
Fars2,0.017884148721900122,0.9523599453134791,-0.138027232794744,0.999987547004426,False,False,False
Ly86,-0.26782135075842906,0.02071790654769545,0.559108023324517,0.999987547004426,True,False,False
Ssr1,-0.008751365630957724,0.9642824747004864,0.050447303646175,0.999987547004426,False,False,False
Riok1,-0.05776001900802117,0.7690848430384597,-0.510241898915164,0.999987547004426,False,False,False
Snrnp48,-0.29825607588582875,0.03137069572547678,0.141520222181834,0.999987547004426,True,False,False
Slc35b3,0.03458995949666843,0.8911534350883968,-0.267413290961838,0.999987547004426,False,False,False
Sema4d,0.06129025969803677,0.728969324897342,-0.613527334693803,0.999987547004426,False,False,False
Gadd45g,-0.019085107703376406,0.9396693051568609,-0.779672879114569,0.999987547004426,False,False,False
Syk,0.41421677856870176,0.0006491091069318653,0.438945753742241,0.999987547004426,True,False,False
Aopep,-0.020664741462979506,0.9598808643162137,-0.250205025076556,0.999987547004426,False,False,False
Auh,0.2600230772940958,0.08774167685588177,-0.16491130666386,0.999987547004426,False,False,False
Fancc,-0.4398253927253405,0.061995903554376966,0.141919187623722,0.999987547004426,False,False,False
Ptch1,-0.596707231248273,0.027328784907419253,0.520016505542868,0.999987547004426,True,False,False
Sptlc1,-0.13470901462134185,0.4606247158721066,-0.146991517788908,0.999987547004426,False,False,False
Ercc6l2,0.03981525938421708,0.9129163487237765,-0.140532973270572,0.999987547004426,False,False,False
Sfxn1,-0.022311113663298403,0.9154687965190778,-0.229757065995763,0.999987547004426,False,False,False
Habp4,0.2385754896912438,0.33653893428103415,-0.645870190132466,0.999987547004426,False,False,False
Ctsl,0.7829905006628284,3.7043333831186545e-09,0.497270203624752,0.999987547004426,True,False,False
Zfp346,-0.0006036987728554865,0.9985588104024989,-0.308827530917691,0.999987547004426,False,False,False
Prxl2c,0.2303884685804353,0.18768994928615834,-0.294123771908582,0.999987547004426,False,False,False
Cdk20,-0.22566458542949097,0.6825140286297041,0.225438298124842,0.999987547004426,False,False,False
Lman2,0.11807923764386835,0.4062478484816344,-0.267334344591402,0.999987547004426,False,False,False
Mxd3,-0.5273131631286209,0.021500363585256508,-0.743790416128056,0.999987547004426,True,False,False
Prelid1,0.08844725409889174,0.5571437385490491,0.275361274202599,0.999987547004426,False,False,False
Nsd1,-0.2763968288718393,0.03393480458521009,-0.293214052264188,0.999987547004426,True,False,False
Pdlim7,0.7808460903627534,0.035836922391402716,-0.118007344015609,0.999987547004426,True,False,False
Ddx41,0.12480423749741483,0.5400614388754934,-0.16701094775016,0.999987547004426,False,False,False
Fam193b,-0.025739632226203946,0.9396693051568609,-0.161843380671085,0.999987547004426,False,False,False
Pcbd2,0.008813368558036933,0.9725869923464415,-0.241463655418594,0.999987547004426,False,False,False
Txndc15,0.2276331083078615,0.1410283867449201,-0.683046259647923,0.999987547004426,False,False,False
Ddx46,-0.1713642723352322,0.2556213723236649,-0.414344005265072,0.999987547004426,False,False,False
Caml,0.16293674229538307,0.4283968453407475,-0.290052503313034,0.999987547004426,False,False,False
B4galt7,-0.0455920970959515,0.9092401540612629,-0.394114415606874,0.999987547004426,False,False,False
Zfp729a,-0.8094864488413853,2.1529672353515994e-09,-0.22188658838464,0.999987547004426,True,False,False
Mterf3,-0.0022953810129055213,0.9920311139317715,-0.192356153144354,0.999987547004426,False,False,False
Uqcrb,0.11032788974749826,0.5638131498717204,-0.276100350469727,0.999987547004426,False,False,False
Fastkd3,-0.6283235273118501,0.0015505011129505377,1.90844577349235,0.999987547004426,True,False,False
Cetn3,-0.11526686744134482,0.46513979676390876,0.299088689090255,0.999987547004426,False,False,False
Smad5,-0.04017116190370047,0.9106351821798189,-0.398467677555169,0.999987547004426,False,False,False
Ccnh,0.1420241371404876,0.414885052149207,0.183239378175941,0.999987547004426,False,False,False
Rasa1,-0.10992752403641336,0.6338252152082048,0.0513571333395078,0.999987547004426,False,False,False
Gkap1,0.47976007435384704,0.19902585503323184,-0.193899397215373,0.999987547004426,False,False,False
Golm1,-0.05299168551103829,0.9104677433261092,0.276457686294809,0.999987547004426,False,False,False
Agtpbp1,-0.2587859923682652,0.26475428060989936,-0.261300110873027,0.999987547004426,False,False,False
Dapk1,1.0581276658012917,2.0498507533993967e-05,-0.174040779655048,0.999987547004426,True,False,False
Cep72,0.4005183140641137,0.3010118784871336,-0.0660423659851173,0.999987547004426,False,False,False
Ahrr,0.25330712497749114,0.5260928115067782,-0.726040564992962,0.999987547004426,False,False,False
Pdcd6,0.254301024698082,0.016660046596688547,-0.101919239690254,0.999987547004426,True,False,False
Ccdc127,-0.1283458534558063,0.5614387688744453,-0.141366431469081,0.999987547004426,False,False,False
Erap1,-0.1909060262599254,0.187537350220133,0.168197934072209,0.999987547004426,False,False,False
Cast,0.0744893423033419,0.7062810450162527,0.59503990321989,0.999987547004426,False,False,False
Glrx,-0.3131270813362024,0.006426335637898635,0.530750954353955,0.999987547004426,True,False,False
Arsk,0.07041110896511327,0.7823410113142868,-0.12679798082269,0.999987547004426,False,False,False
Srd5a1,-0.02023457504686234,0.9881644754127993,-0.201544012387187,0.999987547004426,False,False,False
Nsun2,0.05495829767293053,0.7999241479441006,-0.465380219882297,0.999987547004426,False,False,False
Mctp1,-0.4435612753522177,0.0044556382110091325,0.412563201444737,0.999987547004426,True,False,False
Slf1,-0.21499945671052395,0.26149963492916467,-0.339016909951313,0.999987547004426,False,False,False
Med10,-0.08962739880597433,0.5587391207080057,-0.473939967586229,0.999987547004426,False,False,False
Ndufs6,0.13547176207536635,0.483554051717813,-0.0762769252049846,0.999987547004426,False,False,False
Mrpl36,0.11473604373765257,0.5166003980425188,-0.155808200757971,0.999987547004426,False,False,False
Lpcat1,0.09363768151442041,0.690086106530635,0.81381792823957,0.999987547004426,False,False,False
Clptm1l,0.09350789292154661,0.5823923560609666,-0.108790117164381,0.999987547004426,False,False,False
Hapln1,-0.951118316930861,0.2721417846602511,-0.264885338540132,0.999987547004426,False,False,False
Xrcc4,-0.12263977114455177,0.6327704165425367,0.13893128570113,0.999987547004426,False,False,False
Atg10,-0.3215942181776636,0.0515466329138939,0.382739145924923,0.999987547004426,False,False,False
Cd180,-0.7085883369381486,3.319467011752704e-08,0.445864538192759,0.999987547004426,True,False,False
Slc30a5,0.29833673241091313,0.03893734607805228,-0.0944857716520691,0.999987547004426,True,False,False
Rad17,-0.21249482652863633,0.200823705442172,-0.0004162680229082,0.999987547004426,False,False,False
Marveld2,-0.13761722184875066,0.8167566060017868,-0.121603192874566,0.999987547004426,False,False,False
Ocln,0.05471538112664013,0.9642824747004864,-0.534005143776038,0.999987547004426,False,False,False
Gtf2h2,0.2571853984448581,0.10371298134213645,-0.200234120118349,0.999987547004426,False,False,False
Serf1,0.8321730176932984,0.270995264508784,-0.516484946532575,0.999987547004426,False,False,False
Smn1,0.12450361786033426,0.5326789442649786,0.166645857644535,0.999987547004426,False,False,False
Mccc2,-0.5463456561099281,0.001512070414698948,0.87648284988305,0.999987547004426,True,False,False
Ptcd2,0.07719943807996402,0.6366450778891257,-0.710022841792794,0.999987547004426,False,False,False
Btf3,-0.05338114003297409,0.7397656923770124,-0.108036026684794,0.999987547004426,False,False,False
Ankra2,-0.09357812912211237,0.741135032579021,-0.0236135563762891,0.999987547004426,False,False,False
Hexb,0.24648027037790307,0.08083879959672773,0.579811064197663,0.999987547004426,False,False,False
Gfm2,-0.2862479241581461,0.12062958705192363,0.0978665331791957,0.999987547004426,False,False,False
Polk,0.21027596306321253,0.3866529616298679,0.647595590392565,0.999987547004426,False,False,False
Hmgcr,-0.42378347202916394,0.0056348478888893555,0.322867271672557,0.999987547004426,True,False,False
Poc5,0.1180283049771012,0.7294703467618008,-0.154715464012752,0.999987547004426,False,False,False
F2rl2,0.14020956729285333,0.884067873810178,-0.707310654592963,0.999987547004426,False,False,False
Iqgap2,-0.09293019196193664,0.7253631471458275,-0.222691993449705,0.999987547004426,False,False,False
Aggf1,0.05015522773113688,0.829864287226458,0.177552577445985,0.999987547004426,False,False,False
Ap3b1,0.04406830326933047,0.816394701260312,-0.218903681176408,0.999987547004426,False,False,False
Scamp1,0.7674337202983875,4.786530318663135e-05,-0.37262376715644,0.999987547004426,True,False,False
Jmy,-0.005212595125879121,0.9881644754127993,-0.0369264449376869,0.999987547004426,False,False,False
Dimt1,0.05953153126699728,0.7996620528605729,0.0197422930160993,0.999987547004426,False,False,False
Kif2a,-0.1342091259084276,0.6919908728141372,-0.656039023794205,0.999987547004426,False,False,False
Ercc8,-0.3319151433880194,0.1532821147012051,0.0635118068576777,0.999987547004426,False,False,False
Elovl7,0.007038000111572872,0.9931382444294624,-0.313159797533776,0.999987547004426,False,False,False
Depdc1b,-0.3329701367557315,0.6263404014480278,-0.544974227726981,0.999987547004426,False,False,False
Pde4d,1.138998204500432,0.0002907788264527885,0.398993426320818,0.999987547004426,True,False,False
Rab3c,-0.07766081592549366,0.9353137137266345,-0.405769292508212,0.999987547004426,False,False,False
Plk2,0.48468262073689655,0.006964053893362979,-0.273582803481328,0.999987547004426,True,False,False
Serinc5,0.40502319833904427,0.14895803020650622,-0.15208838653354,0.999987547004426,False,False,False
Mtx3,-0.42354058808160794,0.45733489031072017,0.121998382617353,0.999987547004426,False,False,False
Zfyve16,-0.11481140942743148,0.6724446865270977,-0.075857775421845,0.999987547004426,False,False,False
Dhfr,-0.1804389837208669,0.39592770531386867,-0.0645488353495107,0.999987547004426,False,False,False
Rasgrf2,-0.061850721118004735,0.9009418128511312,1.28672679970275,0.999987547004426,False,False,False
Erbin,-0.28311834907307604,0.10037255328962591,-0.1530685353662,0.999987547004426,False,False,False
Nln,0.6614691025457993,0.02582331235343435,-0.984856672425614,0.999987547004426,True,False,False
Trim23,-0.11601723853755076,0.7228689169457783,-0.0284478785005575,0.999987547004426,False,False,False
Ppwd1,-0.24533542489942073,0.20730384415069072,0.0721140146797214,0.999987547004426,False,False,False
Cwc27,-0.24608397770453247,0.1875035152558391,-0.66162322623086,0.999987547004426,False,False,False
Srek1ip1,-0.010590564484722613,0.9717633989313788,0.871704567596947,0.999987547004426,False,False,False
Rgs7bp,1.3700663350207187,0.003732700004893855,0.262669978375669,0.999987547004426,True,False,False
Rnf180,-0.19548545164396505,0.7323235602473123,0.754769569369059,0.999987547004426,False,False,False
Parp8,0.049149275521011906,0.8165069173139581,-0.547965475061193,0.999987547004426,False,False,False
Emb,0.13856226483758474,0.5685195771000312,0.315038763521719,0.999987547004426,False,False,False
Hcn1,-0.19202168278260945,0.8711832738768497,0.19990599261541,0.999987547004426,False,False,False
Mrps30,0.05480305453878205,0.8250922774777069,0.0767569296785915,0.999987547004426,False,False,False
Psmd6,0.22716295603879597,0.05360941753197587,-0.0930152559508652,0.999987547004426,False,False,False
Atxn7,-0.30054122135244027,0.2831588687134971,0.131293042741043,0.999987547004426,False,False,False
Pdhb,0.0858947828803941,0.5512425074231857,-0.128884478016381,0.999987547004426,False,False,False
Kctd6,0.6939545993963147,0.004020582160150866,-0.0567651939713762,0.999987547004426,True,False,False
Map3k1,0.08350019749691465,0.7234851105689383,0.436083937510514,0.999987547004426,False,False,False
Il6st,-0.10960871012362046,0.6440529372543903,-0.130028095962293,0.999987547004426,False,False,False
Plpp1,1.4308819154406056,0.041198677238963234,0.208390130104325,0.999987547004426,True,False,False
Ndufs4,0.09388376076952779,0.5957223952305486,0.0621684985875026,0.999987547004426,False,False,False
Vdac2,0.19764456644214543,0.09704102793069859,0.275195263345117,0.999987547004426,False,False,False
Nkiras1,-0.0620115923086025,0.8353566546105136,-0.0513991558946216,0.999987547004426,False,False,False
Comtd1,0.7164437573815851,3.513701415572507e-05,0.283069503166593,0.999987547004426,True,False,False
Ube2e1,0.07804718333658539,0.6358613095163683,0.245231170607539,0.999987547004426,False,False,False
Nr1d2,0.49329379819881836,0.021500363585256508,-0.0969076502446047,0.999987547004426,True,False,False
Ngly1,-0.05583689292139548,0.8169065423557739,-0.237736998412061,0.999987547004426,False,False,False
Prxl2a,-0.01203006473412648,0.9811714305746528,-0.576622119566925,0.999987547004426,False,False,False
Glud1,0.021390006904601667,0.9041457537865548,-0.249401288571327,0.999987547004426,False,False,False
Bmpr1a,0.8953100166122956,0.3276018688617275,-0.650317181933469,0.999987547004426,False,False,False
Rtraf,-0.11665988572574898,0.47966283395745696,0.0926977969113265,0.999987547004426,False,False,False
Nudt13,-0.08131891533598144,0.7875349247762187,-0.128944068552822,0.999987547004426,False,False,False
Dnajc9,-0.2635519606378687,0.035754580736417005,0.219413552049096,0.999987547004426,True,False,False
Anxa7,0.08158467010691436,0.6657881775202551,-0.0617854075230504,0.999987547004426,False,False,False
Ppp3cb,-0.27814229413295366,0.19716496750024218,0.332180016003413,0.999987547004426,False,False,False
Zswim8,-0.008047212915906533,0.9831636975666895,-0.0733992280053801,0.999987547004426,False,False,False
Camk2g,-0.06199739837825883,0.9053113181564424,-0.375442491575845,0.999987547004426,False,False,False
Plau,-1.1233600251074172,0.1348345805069047,0.719326035413222,0.999987547004426,False,False,False
Vcl,0.3507007738068733,0.2893349452753012,0.486862839752664,0.999987547004426,False,False,False
Ap3m1,0.10205899277618845,0.5373652702510766,-0.266262375458171,0.999987547004426,False,False,False
Txndc16,-0.21748260294525787,0.32318916369509143,0.496843674743105,0.999987547004426,False,False,False
Ero1a,-0.23107778217224825,0.2148718579010662,0.128081162639978,0.999987547004426,False,False,False
Psmc6,-0.0306305815387481,0.8709094217903383,-0.0802390460024149,0.999987547004426,False,False,False
Mapk1ip1l,0.07367484959918665,0.7214771169719457,-0.251700991718164,0.999987547004426,False,False,False
Ktn1,-0.12902302187651615,0.4724527204608036,-0.596005100573042,0.999987547004426,False,False,False
Peli2,1.2237341502118202,0.018758731473586247,-0.291335912270977,0.999987547004426,True,False,False
Gm6498,1.2237341502118202,0.018758731473586247,-0.435958817636575,0.999987547004426,True,False,False
Anxa11,0.16012557787458467,0.5868090432429276,-0.114160489747472,0.999987547004426,False,False,False
Ppif,0.07880736561595837,0.7484006406477656,-0.123385220286353,0.999987547004426,False,False,False
Slmap,0.033679256814778534,0.907263466291079,-0.167576787110185,0.999987547004426,False,False,False
Rnase4,1.4561229126998116,1.6859381028582874e-05,-0.313981598256734,0.999987547004426,True,False,False
Arf4,0.7405222986971993,1.5809274486148876e-07,0.265873978868485,0.999987547004426,True,False,False
Rnase6,-0.6609133781404704,3.4809880838976943e-07,0.467829658593825,0.999987547004426,True,False,False
Gpr65,0.17996162379494746,0.21932417975322244,0.317377987249619,0.999987547004426,False,False,False
Mettl6,-0.05426383287007965,0.8476633376718854,-0.0843122437377097,0.999987547004426,False,False,False
Sh3bp5,0.42984830348714315,0.30870952390050355,-0.541620517554122,0.999987547004426,False,False,False
Capn7,0.11412237803572468,0.5547479729145969,0.227782965009946,0.999987547004426,False,False,False
Arhgef3,-0.47080168042754467,0.04518240296070269,-0.758626666081922,0.999987547004426,True,False,False
Btd,0.1589796765244238,0.5882192511721276,-0.140666120973302,0.999987547004426,False,False,False
Phf7,-0.31346586523806086,0.1755987622500282,-0.174305043628364,0.999987547004426,False,False,False
Dph3,-0.0319411449180538,0.8873440731997476,-0.433948523343963,0.999987547004426,False,False,False
Nisch,-0.00447459347584709,0.9834532510029116,-0.714188016463526,0.999987547004426,False,False,False
Parg,0.07602110446969793,0.8011547070200146,-0.464595920407352,0.999987547004426,False,False,False
Ogdhl,-0.5386807282367398,0.4942744661030577,-0.511378947412255,0.999987547004426,False,False,False
Spcs1,0.08882505119978186,0.6121789017677859,-0.221391531724494,0.999987547004426,False,False,False
Nek4,-0.10649099849378027,0.7465537663290683,0.122346043698401,0.999987547004426,False,False,False
Ebpl,0.2104898961305384,0.16845143744535562,-0.17989253222956,0.999987547004426,False,False,False
Kpna3,-0.10022515810154778,0.6106193051618255,-0.679612420714726,0.999987547004426,False,False,False
Spryd7,0.014302598049167918,0.9578964099823002,-0.231237684219129,0.999987547004426,False,False,False
Rnaseh2b,-0.11027425661409326,0.5460474484997979,0.14028245502144,0.999987547004426,False,False,False
Mapk8,0.09673787093800217,0.6651033065241729,-0.249093791073664,0.999987547004426,False,False,False
Pspc1,0.2496397913134923,0.14940807053408137,-0.102839448600087,0.999987547004426,False,False,False
Ctsb,0.3773785614886765,0.0001708302194845227,-0.388823027968579,0.999987547004426,True,False,False
Zmym2,-0.1550269776541126,0.4858388247491117,-0.389091000733313,0.999987547004426,False,False,False
Cryl1,-0.12050741253479874,0.48587081632687795,-0.622934133769162,0.999987547004426,False,False,False
Prkcd,0.5165453504330281,0.00253959127821801,-0.230011540548532,0.999987547004426,True,False,False
Eef1akmt1,-0.2427310344887856,0.11357988292698107,0.291010278569362,0.999987547004426,False,False,False
Xpo4,-0.38159695080045564,0.04900578080495721,0.428363317434078,0.999987547004426,True,False,False
Pinx1,-0.1045304557479734,0.6649605433628426,0.0250961169672888,0.999987547004426,False,False,False
Lats2,0.34525254988574156,0.08149150241052552,0.289857843035779,0.999987547004426,False,False,False
Dcp1a,-0.14737559559395133,0.5895154349869435,-0.149748179770501,0.999987547004426,False,False,False
Sap18,0.6633068054548068,1.262485662060944e-09,-0.189140972658941,0.999987547004426,True,False,False
Mrpl57,0.04300167849039838,0.8576574015041155,-0.136191279364835,0.999987547004426,False,False,False
Zdhhc20,0.45246909910805344,9.72805410684663e-05,-1.02395078908534,0.999987547004426,True,False,False
Hmbox1,-0.07341612326377835,0.8311834928008139,0.528573955871038,0.999987547004426,False,False,False
Micu2,0.1259774195647776,0.44185060504170454,-0.263765850653823,0.999987547004426,False,False,False
Ints9,-0.06531678249416138,0.8016703691213218,0.982739980877137,0.999987547004426,False,False,False
Extl3,-0.19994875739020018,0.4183948749501548,-0.695691845121738,0.999987547004426,False,False,False
Cab39l,0.11854460677299858,0.45782537281043906,0.316594295416694,0.999987547004426,False,False,False
Cdadc1,0.13624271308528133,0.5191704333823264,-0.475152143783805,0.999987547004426,False,False,False
Mtmr6,-0.1418141363493411,0.40065280408089665,0.966475271284411,0.999987547004426,False,False,False
Spata13,-0.6467935037077533,0.0003193086246463542,-0.387580669370364,0.999987547004426,True,False,False
Mipep,-0.09461781143867236,0.7671928458143442,-0.256979221846644,0.999987547004426,False,False,False
Esd,0.49668232811348245,2.832449353560052e-05,-0.506563211160827,0.999987547004426,True,False,False
Lcp1,0.027002256722468542,0.8880287506012291,-0.24816526966613,0.999987547004426,False,False,False
Slc25a30,0.30925846129152745,0.3222214464559418,-0.22369552336811,0.999987547004426,False,False,False
Nufip1,-0.06941168483554533,0.7640437211306037,0.361395948335442,0.999987547004426,False,False,False
Tsc22d1,0.1640003630813466,0.3820789708714133,0.0835470183217764,0.999987547004426,False,False,False
Dnajc15,0.22371131049174667,0.22291308290446868,-0.697491855477269,0.999987547004426,False,False,False
Epsti1,-0.07133152264107692,0.68020990604519,-0.468083291783359,0.999987547004426,False,False,False
Akap11,-0.38927767153635084,0.06698000697356518,-0.537915945113045,0.999987547004426,False,False,False
Rgcc,0.3824711358723678,0.6678549202774302,0.114859383396168,0.999987547004426,False,False,False
Tdrd3,-0.20168770479331566,0.4706079948244928,0.0021978930904467,0.999987547004426,False,False,False
Naa16,-0.38430635950580894,0.03368167812330108,-0.0840324871633396,0.999987547004426,True,False,False
Diaph3,0.1474004949075006,0.7736159942269831,0.524242845603546,0.999987547004426,False,False,False
Mtrf1,-0.26224974297521964,0.384852100556994,-0.390598625749771,0.999987547004426,False,False,False
Wbp4,0.1303784746960116,0.4539859998013907,-0.297229220976332,0.999987547004426,False,False,False
Sugt1,0.05184716706891192,0.7942636914623343,0.0258733857435693,0.999987547004426,False,False,False
Elp3,-0.27317660124353343,0.2141393027216991,0.178938671347114,0.999987547004426,False,False,False
Pbk,-0.5143884471245531,0.002711107931640137,-0.666925689696272,0.999987547004426,True,False,False
Esco2,-0.49409005170522435,0.007301490437335138,-0.230023520796884,0.999987547004426,True,False,False
Ccdc25,-0.276108084475377,0.09687390112854063,0.0268512234595679,0.999987547004426,False,False,False
Clu,-0.1460852571177223,0.812712814102939,-0.71229525216183,0.999987547004426,False,False,False
Ephx2,1.4093271347704242,8.263755728026149e-11,-0.591867303695914,0.999987547004426,True,False,False
Chrna2,-0.528127406267801,0.5793796025529806,-0.239026626186599,0.999987547004426,False,False,False
Trim35,0.23049970189196226,0.09488339274493507,-0.118562663535317,0.999987547004426,False,False,False
Bnip3l,0.2952485204454167,0.02433766016121473,-0.190770898487508,0.999987547004426,True,False,False
Ppp2r2a,-0.04514025818648517,0.8172442394948223,0.409767596361611,0.999987547004426,False,False,False
Bora,-0.17182669083136476,0.65396862125001,0.0661232849244211,0.999987547004426,False,False,False
Tnfrsf10b,0.10074980601452768,0.853951032893242,-0.491901165583815,0.999987547004426,False,False,False
Rhobtb2,-0.2538724262962826,0.3597924162286786,0.101746833010376,0.999987547004426,False,False,False
Bin3,0.1344952445550954,0.3197281501008142,0.685698802972828,0.999987547004426,False,False,False
Pdlim2,0.049913072600231,0.8016810118736859,-0.369714787910578,0.999987547004426,False,False,False
Sorbs3,0.8723399358620714,0.13740433517976056,-0.299245453580787,0.999987547004426,False,False,False
Ppp3cc,-0.5248361492400951,0.07550605931464016,-0.13336170835053,0.999987547004426,False,False,False
Slc39a14,-0.23345047580845069,0.5111178561878318,-0.360703264365161,0.999987547004426,False,False,False
Fhip2b,0.12903901165053713,0.6221157560213295,-0.0048712025920938,0.999987547004426,False,False,False
Hr,0.6324517459306109,0.14026320827765293,-0.0050670124601222,0.999987547004426,False,False,False
Bmp1,0.5455642742078561,0.29806960816084294,-0.187223898536111,0.999987547004426,False,False,False
Xpo7,-0.03720739149158732,0.8896226000506368,-0.228307978221511,0.999987547004426,False,False,False
Dok2,0.14118956547875416,0.8732744909699887,-0.425781435338241,0.999987547004426,False,False,False
Gfra2,0.206957932717205,0.3303392204246581,0.19429859548129,0.999987547004426,False,False,False
Rb1,0.0724611416744205,0.673033705425247,-0.878716947803871,0.999987547004426,False,False,False
Rcbtb2,0.1846112404919748,0.3854899706948536,0.952173565355651,0.999987547004426,False,False,False
Itm2b,0.3128454207553967,0.0013132487461030942,-0.247946543633379,0.999987547004426,True,False,False
Med4,-0.0256182563206759,0.916958213383026,0.117467397023065,0.999987547004426,False,False,False
Sucla2,0.21593830573691447,0.0793510531292687,-0.137165742971173,0.999987547004426,False,False,False
Uchl3,-0.013200120156470131,0.9510484852254806,-0.0863066363687084,0.999987547004426,False,False,False
Rbm26,-0.16949414898246523,0.32071372242708074,-0.111202086301734,0.999987547004426,False,False,False
Obi1,-0.37370185055459704,0.0831645584319551,0.388622078541947,0.999987547004426,False,False,False
Ednrb,1.4146665284263855,0.0004085587722743659,0.287473163850593,0.999987547004426,True,False,False
Scel,-0.6290681325606111,0.028407347215658497,1.08093788523201,0.999987547004426,True,False,False
Fbxl3,0.016433326843041048,0.951132539994332,-0.16305910646224,0.999987547004426,False,False,False
Cln5,0.3341386948772508,0.028836955394993355,0.245564029972893,0.999987547004426,True,False,False
Dct,-0.08858604731791805,0.9169672793840236,0.400009769818584,0.999987547004426,False,False,False
Tgds,-0.14373842599298117,0.6056005154241267,-0.0704806772789945,0.999987547004426,False,False,False
Gpr180,-0.10652772368767698,0.6890907701840961,-0.129431020073456,0.999987547004426,False,False,False
Mbnl2,0.20967104640327233,0.13445968421153337,0.310503973984104,0.999987547004426,False,False,False
Nipbl,-0.3200188594234144,0.02199849603157045,0.692068039516803,0.999987547004426,True,False,False
Nup155,-0.2636753362938103,0.2734788040777119,-0.060551055505,0.999987547004426,False,False,False
Dab2,0.8662395402123588,0.016443852551932564,0.375583257582846,0.999987547004426,True,False,False
Rab2b,-0.19983800763398718,0.3504820442800036,0.0181768370195918,0.999987547004426,False,False,False
Mettl3,-0.11781947332813376,0.5652859325896226,-0.852326974366526,0.999987547004426,False,False,False
Dad1,0.20630385749821317,0.13357841456000966,-0.0065493815673285,0.999987547004426,False,False,False
Lrp10,0.24621151343727593,0.1018173250059943,-0.0902561535166182,0.999987547004426,False,False,False
Haus4,-0.1320201518015672,0.6150100621339198,-0.153150309929702,0.999987547004426,False,False,False
Ajuba,-0.7468947775534823,0.3729249096426633,-0.449454538844575,0.999987547004426,False,False,False
4931414P19Rik,-0.22648616635140484,0.7718958145406103,-0.0968917507010252,0.999987547004426,False,False,False
Slc7a8,0.633839029870444,0.1326105322384863,0.638563743660817,0.999987547004426,False,False,False
C6,1.5480872016010778,0.06480562680613373,1.65328969825828,0.999987547004426,False,False,False
Fbxo4,0.23223592373963692,0.52603532200481,0.278244538932939,0.999987547004426,False,False,False
Acin1,-0.25401475697276604,0.10744645063267097,-0.165891110865671,0.999987547004426,False,False,False
Drosha,0.17155452120039189,0.5898340699130696,-0.0265695904186387,0.999987547004426,False,False,False
Psmb5,0.2445076833649367,0.06820331751607168,-0.207621763070605,0.999987547004426,False,False,False
Pdzd2,0.5690968383561859,0.5777873373496525,-0.401562276755212,0.999987547004426,False,False,False
Slc22a17,0.0589532006223841,0.9572491419357148,0.101343032022666,0.999987547004426,False,False,False
Zfr,-0.03322491100692571,0.8770266506736968,0.170457122207216,0.999987547004426,False,False,False
Ngdn,0.02726565425097537,0.891131690658186,-0.129252430895477,0.999987547004426,False,False,False
Sub1,-0.08417275263203203,0.5194798599701287,0.484287498939631,0.999987547004426,False,False,False
Dhrs4,0.1423448245865112,0.40304344318093593,-0.144092753395445,0.999987547004426,False,False,False
Carmil3,-0.3457261935307642,0.45266434001356165,-0.32644995922292,0.999987547004426,False,False,False
Dcaf11,0.14918702720454163,0.37353779390440073,-0.224881069852547,0.999987547004426,False,False,False
Psme1,-0.09289091162710733,0.5251708981133513,-0.209015183797534,0.999987547004426,False,False,False
Emc9,0.1936897004798423,0.36570654309882317,-0.055820324067656,0.999987547004426,False,False,False
Tgm1,1.0689226054085605,0.06447209934884109,-0.194782117671578,0.999987547004426,False,False,False
Adcy4,0.49624028741181964,0.47218885167574065,-0.867213316491759,0.999987547004426,False,False,False
Ripk3,0.9349776758139374,1.3911160982874841e-14,-0.434883130439325,0.999987547004426,True,False,False
Sdr39u1,-0.23910384798925952,0.17986937260633148,-0.338764527032363,0.999987547004426,False,False,False
Zscan26,-0.31104268358715054,0.14183365126847047,-0.22024304870312,0.999987547004426,False,False,False
Cct5,0.038684002725373576,0.8249273031631469,0.304632294512031,0.999987547004426,False,False,False
Cmbl,0.12138654931940439,0.9008178471331518,0.371312128457879,0.999987547004426,False,False,False
Ropn1l,0.20345200567348243,0.7265326589250738,-0.455864073572043,0.999987547004426,False,False,False
Ankrd33b,-0.5057582012181636,0.2617897166761191,-0.899054903877155,0.999987547004426,False,False,False
Amacr,0.345961341572002,0.4046558393828331,0.290442826040083,0.999987547004426,False,False,False
Rai14,-0.11962885335756554,0.8522563416774248,-0.168999434366584,0.999987547004426,False,False,False
Rad1,-0.17265704441604862,0.41810795828865704,0.0369779769116292,0.999987547004426,False,False,False
Nadk2,0.32356009330366875,0.12345730433951374,-0.015153838302119,0.999987547004426,False,False,False
Mtdh,-0.15850314385859035,0.22344515271598994,-0.156277330327702,0.999987547004426,False,False,False
Laptm4b,0.3248732820384326,0.3091936834775794,0.268467597671805,0.999987547004426,False,False,False
Trio,0.1273195103910539,0.7463182019369935,-0.315121382004845,0.999987547004426,False,False,False
Ank,0.4274960312865242,0.0016177830793081564,0.285712922851231,0.999987547004426,True,False,False
Retreg1,-0.5300857021252071,2.2279704065846885e-05,-0.0689431936401981,0.999987547004426,True,False,False
Myo10,0.7893308384013745,0.046271665383903274,-0.754439118399255,0.999987547004426,True,False,False
Rnf19a,0.022514190069675213,0.941917643857486,0.187879227576145,0.999987547004426,False,False,False
Pabpc1,-0.022351476838168707,0.9127417248545241,0.0650287578230504,0.999987547004426,False,False,False
Ywhaz,0.2047482773643486,0.09760721439183524,0.16918297753174,0.999987547004426,False,False,False
Rrm2b,-0.6071128380634017,0.00058069514755074,-0.0375574748817851,0.999987547004426,True,False,False
Atp6v1c1,0.23897771074152627,0.07918795828855309,-0.112280168779448,0.999987547004426,False,False,False
Slc25a32,-0.08224934160599746,0.8342490500451837,-0.0541266436843824,0.999987547004426,False,False,False
Dcstamp,0.6391246562071878,0.03539270650608927,0.668527717941764,0.999987547004426,True,False,False
Dpys,0.953036833655592,0.1423054208217921,0.368631577278776,0.999987547004426,False,False,False
Lrp12,0.9172782604402473,0.13262878084976992,-0.157100394990744,0.999987547004426,False,False,False
Oxr1,0.11335863463117173,0.5633375366819044,-0.704193537591227,0.999987547004426,False,False,False
Angpt1,0.8206421654274596,0.08470567488061487,-0.120322640384174,0.999987547004426,False,False,False
Eif3h,0.00701818371044427,0.9721198100126763,0.368778280817376,0.999987547004426,False,False,False
Utp23,-0.033766116967324906,0.9106351821798189,-0.226524660062757,0.999987547004426,False,False,False
Rad21,-0.04896134542320656,0.8522563416774248,0.233062271203536,0.999987547004426,False,False,False
Shcbp1,-0.3657096721497352,0.07907471444940692,-0.274800009779417,0.999987547004426,False,False,False
Matn2,-0.3459048049317441,0.6111221486897579,-0.0517483693953338,0.999987547004426,False,False,False
Pop1,-0.1609490194713631,0.7566228955373819,-0.186736330689349,0.999987547004426,False,False,False
Stk3,0.2670219099903477,0.11180307740236542,-0.690907130044505,0.999987547004426,False,False,False
Zfat,-0.3306865445002961,0.5885779918589311,-0.613082014819675,0.999987547004426,False,False,False
Eif3e,-0.044944852081794946,0.8238406439674311,0.768035570727603,0.999987547004426,False,False,False
Emc2,0.0949546233491527,0.5288994445356112,0.621514570560593,0.999987547004426,False,False,False
Eny2,0.022882242601822873,0.9106351821798189,-0.0373399057629911,0.999987547004426,False,False,False
Ebag9,0.13432060786131797,0.5152348382730754,-0.128965077278641,0.999987547004426,False,False,False
Washc5,-0.04039378505896195,0.8989299664722831,-0.133533281505276,0.999987547004426,False,False,False
Sqle,-0.8059905100820869,0.0001708302194845227,0.060232234355853,0.999987547004426,True,False,False
Mtss1,-0.7725967886351726,0.08760621948330863,0.0438763483022395,0.999987547004426,False,False,False
Ndufb9,0.12876622542100663,0.3776827775877112,0.286359008671541,0.999987547004426,False,False,False
Fbxo32,-0.5170280450731254,0.12396893546426925,0.13488719767032,0.999987547004426,False,False,False
Atad2,-0.40553950206980616,0.016191620041239023,0.0760324830063999,0.999987547004426,True,False,False
Zhx1,0.08676536577028952,0.713836486455465,-0.0756754137226192,0.999987547004426,False,False,False
Tbc1d31,0.26321906048995275,0.2550676297257737,-0.265959973641609,0.999987547004426,False,False,False
Mtbp,-0.03164182468828886,0.9341037227835046,0.342970563523033,0.999987547004426,False,False,False
Mrpl13,-0.0010642357974243607,0.9955243117837991,0.0880817839001002,0.999987547004426,False,False,False
Sla,0.20204760496271423,0.14408425635162045,0.660835052949822,0.999987547004426,False,False,False
Adcy8,2.6022724331260685,0.00042184047932249477,-0.158879713282053,0.999987547004426,True,False,False
Asap1,0.12369359785364666,0.3504820442800036,0.339743678941394,0.999987547004426,False,False,False
Cyrib,0.1849047957569007,0.09601265855280386,0.384334633136431,0.999987547004426,False,False,False
Gtse1,-0.23452729199576294,0.6907905910695799,0.259622705006911,0.999987547004426,False,False,False
Trmu,-0.1666794403248018,0.5574331532909826,-1.04972807947185,0.999987547004426,False,False,False
Brd1,0.0014567172832268599,0.9946038662563762,-0.0062114972769391,0.999987547004426,False,False,False
Tef,-0.15484444199853975,0.5432994241608603,-0.761353086895295,0.999987547004426,False,False,False
Zc3h7b,-0.20973140604284735,0.578316528662581,-1.00667345850271,0.999987547004426,False,False,False
Rangap1,-0.070786511804929,0.7284270476177725,-0.29999218681046,0.999987547004426,False,False,False
L3mbtl2,-0.008309458605680995,0.9810900168727218,-0.271141098002697,0.999987547004426,False,False,False
Rbx1,0.12288058572576693,0.485429901874148,-0.152126120199218,0.999987547004426,False,False,False
St13,0.09784958258425468,0.5503408111885016,-0.218360966505567,0.999987547004426,False,False,False
Slc25a17,0.17504546515526934,0.302215358168862,-0.619459514582068,0.999987547004426,False,False,False
Adsl,0.1510024750994538,0.3325347856160631,-0.0159014128397414,0.999987547004426,False,False,False
Fam83f,0.8696446710403677,0.19012727881665528,-0.359105481404386,0.999987547004426,False,False,False
Mief1,0.06514932879438735,0.8564945020967409,-0.259205339550953,0.999987547004426,False,False,False
Tab1,-0.09615669503620562,0.7885952612554327,-1.26315924549989,0.999987547004426,False,False,False
Deptor,0.3412936072233219,0.0831645584319551,-0.129055480753069,0.999987547004426,False,False,False
Nptxr,2.0498730688257334,0.004166003930969554,-0.694840073602745,0.999987547004426,True,False,False
Dscc1,0.0038909529241855337,0.9911527556919748,0.281922584503411,0.999987547004426,False,False,False
Josd1,0.17327335210672667,0.5171464091201846,-0.455265922100438,0.999987547004426,False,False,False
Tomm22,-0.029403924034511617,0.8671300550104157,-0.240257336999,0.999987547004426,False,False,False
Csnk1e,0.29884603467050574,0.07283470940090209,0.381281768574813,0.999987547004426,False,False,False
Sh3bp1,0.2021822774011762,0.10523950215008382,-0.506834381694562,0.999987547004426,False,False,False
Parvb,-0.2825964475327089,0.8299121440173993,-0.675172575154634,0.999987547004426,False,False,False
C1qtnf6,1.5685255536029645,0.023373575712901187,-0.121922173788887,0.999987547004426,True,False,False
Ttll1,0.3968557983980775,0.24561958104804313,-0.231508208608001,0.999987547004426,False,False,False
Myh9,-0.055362102785031814,0.7823410113142868,-0.25369371241197,0.999987547004426,False,False,False
Twf1,0.00622096590693891,0.9866642934350298,0.674144830009198,0.999987547004426,False,False,False
Naga,-0.09996284783488522,0.5682537615654975,-0.388067438995612,0.999987547004426,False,False,False
Slc38a2,0.5400185218685645,1.3654462606386927e-05,-0.271285209646634,0.999987547004426,True,False,False
Srebf2,-0.6957585915987389,1.1779307868832994e-11,-0.63803933479919,0.999987547004426,True,False,False
Rpap3,0.06903576596567124,0.8614390102444547,-0.687910709403424,0.999987547004426,False,False,False
Xrcc6,0.028112737194608255,0.91359390137656,-0.0051000523832334,0.999987547004426,False,False,False
Desi1,0.2261797838214758,0.24418346080229092,-0.250476727030167,0.999987547004426,False,False,False
Pmm1,0.01860719175830379,0.9721198100126763,-0.0780828199670971,0.999987547004426,False,False,False
Polr3h,0.12144608640113537,0.6812608088024261,-0.623220373369251,0.999987547004426,False,False,False
Aco2,0.11577870459004508,0.5279278424849904,-0.1628346827616,0.999987547004426,False,False,False
Vdr,0.8385295449688792,0.1527668242490031,-0.554175099488424,0.999987547004426,False,False,False
Nckap1l,-0.06478302819926486,0.7222475527565667,-0.156981393990182,0.999987547004426,False,False,False
Pde1b,-0.12339547453633509,0.850376325385647,-0.296244584449046,0.999987547004426,False,False,False
Txndc11,0.17726588730652637,0.36912359819479734,-0.225171255223453,0.999987547004426,False,False,False
Litaf,0.6415556546594551,1.4998446107750603e-05,-0.206971765622095,0.999987547004426,True,False,False
Nubp1,0.13205838044882665,0.3476590607253538,-0.332368886887007,0.999987547004426,False,False,False
Ciita,-0.07103053614015778,0.6768000053667816,-0.704008157803297,0.999987547004426,False,False,False
Emp2,-0.049312724179559037,0.9710120451907804,0.0919478551232107,0.999987547004426,False,False,False
Bcl6,-0.1317663003696213,0.6290989845688165,-0.107380042636581,0.999987547004426,False,False,False
Trp63,0.6510427039790666,0.22321618100655655,-0.427915379828794,0.999987547004426,False,False,False
Cldn1,-0.0911541725557396,0.8653891183267689,0.694884373943598,0.999987547004426,False,False,False
Il1rap,0.5399551673126032,0.17735464743183443,0.785096336859074,0.999987547004426,False,False,False
Nudt16l1,0.05045555409576291,0.7936587241021406,0.368259711069149,0.999987547004426,False,False,False
Mgrn1,0.35767063073457855,0.014220136264384276,-0.204677082668132,0.999987547004426,True,False,False
Srl,0.3662216677846252,0.6592774097353657,-0.268809191183488,0.999987547004426,False,False,False
Crebbp,-0.2167587579535115,0.17529956595949672,-0.0774478567516788,0.999987547004426,False,False,False
Zfp251,-0.46725139199957444,0.18787250635650712,-0.426798710083646,0.999987547004426,False,False,False
Hes1,-0.45575277082476107,0.02217449815484165,0.189485840909871,0.999987547004426,True,False,False
Zfp263,0.07956314100284935,0.6981118261107755,-0.124779896923707,0.999987547004426,False,False,False
Mefv,0.008207862008557523,0.9698102256873325,0.19564542091476,0.999987547004426,False,False,False
Tmem44,-0.29381288475295425,0.7675743876184468,-0.215755553837838,0.999987547004426,False,False,False
Lsg1,-0.1522907834937636,0.39738864986283157,0.120559921188051,0.999987547004426,False,False,False
Rogdi,0.2245214545779302,0.07244452586175397,-0.302501445148042,0.999987547004426,False,False,False
Dnaaf8,-0.47813579400495565,0.5437988878384902,0.377499360771943,0.999987547004426,False,False,False
Eef2kmt,0.2889678467192523,0.11883338184135478,-0.0458111974070103,0.999987547004426,False,False,False
Ercc4,-0.24524874988806306,0.2645406231970218,0.051168577435531,0.999987547004426,False,False,False
Adck5,0.2474259725996121,0.3745446955494054,-0.200347089786279,0.999987547004426,False,False,False
Cyc1,0.16169108710861407,0.22597437538710938,0.123257016327837,0.999987547004426,False,False,False
Maf1,0.25179604776734865,0.03645068133931554,0.020385708300803,0.999987547004426,True,False,False
Hgh1,-0.20547955101135448,0.5548498796987279,-0.3727365101786,0.999987547004426,False,False,False
Dgat1,0.42037857850465615,0.0025757959471453076,-0.0232364403615888,0.999987547004426,True,False,False
Bop1,0.058075472210597966,0.7819373946529444,0.466240486121363,0.999987547004426,False,False,False
Mroh1,0.04669918411634332,0.9015199980923762,-0.184050106358534,0.999987547004426,False,False,False
Slc52a2,0.03918628516826667,0.8964786889260273,0.0069275866165234,0.999987547004426,False,False,False
Gpaa1,0.13600934803987416,0.5041873166914026,-0.974732488699567,0.999987547004426,False,False,False
Grina,0.10258113861467447,0.5341479327928675,-0.581151800190434,0.999987547004426,False,False,False
Plec,0.46608045041508495,0.061036753302516476,-0.516280261424545,0.999987547004426,False,False,False
Scrib,-0.36708198185411967,0.38748908192703146,-0.1346467491876,0.999987547004426,False,False,False
Gfus,0.13056665833996642,0.41022732345677576,-0.333506731956624,0.999987547004426,False,False,False
Naprt,0.7974064451853103,0.007473512407728069,-0.267467929056357,0.999987547004426,True,False,False
Gsdmd,0.22398324902000077,0.13990679439017212,-0.453111840997964,0.999987547004426,False,False,False
Rhpn1,-0.12821507531672577,0.8987221822973342,-0.691184626041298,0.999987547004426,False,False,False
Ly6c2,0.28829801486022655,0.5287461672628819,-0.748374274297061,0.999987547004426,False,False,False
Ly6i,1.0042299536005084,1.7193555922693712e-05,-0.0815596185930447,0.999987547004426,True,False,False
Zbtb11,-0.004277637731446552,0.9897598185618389,-0.0411566077856769,0.999987547004426,False,False,False
Cep97,0.0005815923843574075,0.9985588104024989,-0.0524179964393809,0.999987547004426,False,False,False
Mapk12,-0.5362209518349208,0.12184791979526442,0.38439327220555,0.999987547004426,False,False,False
Lmf2,0.0063734221032693905,0.9853079724749225,-0.143624124875254,0.999987547004426,False,False,False
Arsa,0.3101618537251636,0.09524030515864318,-0.253871844360892,0.999987547004426,False,False,False
Rabl2,0.30455999174576465,0.44213394168206127,-0.179963115740118,0.999987547004426,False,False,False
Yaf2,0.11263132035402426,0.5478464531184722,-0.0478726049869733,0.999987547004426,False,False,False
Zcrb1,0.13946914675604805,0.32305353705886075,0.180397519072506,0.999987547004426,False,False,False
Alcam,-0.4441367108682303,0.00035092693327782464,-0.129213519295049,0.999987547004426,True,False,False
Cblb,-0.4430468235054377,0.008671048240230846,0.362222099203759,0.999987547004426,True,False,False
Bbx,0.0752680394859936,0.6543003474554148,0.737504305785986,0.999987547004426,False,False,False
Retnlg,-1.8760749511881711,0.5625054730175445,0.49509313360505,0.999987547004426,False,False,False
Cd200,-0.04570273575276614,0.9008178471331518,0.0569935464600846,0.999987547004426,False,False,False
Atg3,-0.08405306407216431,0.5730875190675356,-0.0601894194986041,0.999987547004426,False,False,False
Slc35a5,0.028787396987195568,0.9061269579075956,0.324734209927417,0.999987547004426,False,False,False
Cd200r1,-0.2253409617898428,0.2568851736664923,0.271490370418243,0.999987547004426,False,False,False
Gtpbp8,-0.08783623153218756,0.7521552688925753,0.0585299629883513,0.999987547004426,False,False,False
Mzt2,0.15610346190473334,0.6368639119135235,-0.215028140609128,0.999987547004426,False,False,False
Mcm4,-0.230240977478882,0.20365188587274366,-0.0336622702175777,0.999987547004426,False,False,False
Ube2v2,0.0310949298959653,0.8775191635496608,-0.141070961021862,0.999987547004426,False,False,False
Cep20,0.010232129543944467,0.9604623751640087,-0.0552470391134232,0.999987547004426,False,False,False
Nde1,-0.1425571975938148,0.37259598772471364,-0.0303599756528339,0.999987547004426,False,False,False
Pdxdc1,0.48537167914249246,0.0029028967725441904,-0.447420733320808,0.999987547004426,True,False,False
Ntan1,0.1330677368572524,0.35246272805740214,-0.031703214623473,0.999987547004426,False,False,False
Rrn3,0.007320711485956921,0.981418440989444,0.168738894430888,0.999987547004426,False,False,False
Parn,0.008794769194878926,0.9756008926699237,0.235271160651579,0.999987547004426,False,False,False
B3gnt5,0.6188839789799719,0.04510482790647623,-0.264154090825972,0.999987547004426,True,False,False
Naa50,0.09332477973319646,0.578854273924909,-0.178817644883093,0.999987547004426,False,False,False
Ccdc191,-0.21977363512895726,0.30257047770673523,-0.115493852915707,0.999987547004426,False,False,False
Qtrt2,0.0058833654190888155,0.9911527556919748,-0.176576770488746,0.999987547004426,False,False,False
Gbe1,0.4072834824887904,0.016484956334448717,0.368462604359037,0.999987547004426,True,False,False
Zbtb20,-0.017062185412852086,0.9523937480246344,0.0769124891683326,0.999987547004426,False,False,False
Dgcr8,-0.19916350261654617,0.6592774097353657,0.0568621636258939,0.999987547004426,False,False,False
Arl6,-0.03529782845955009,0.9025646091608952,0.371648730387144,0.999987547004426,False,False,False
Crybg3,-0.20913192801077218,0.43674263422836024,0.605834919625885,0.999987547004426,False,False,False
Riox2,-0.009768795301963853,0.965205256652769,-0.0540808818462892,0.999987547004426,False,False,False
Cpox,0.18350238855468595,0.5035043978313191,0.304433998920443,0.999987547004426,False,False,False
Cldnd1,0.42166058492014785,0.0010626689577713398,0.0990632969722007,0.999987547004426,True,False,False
St3gal6,-1.1175333928206517,1.560790357529045e-05,0.258638387630959,0.999987547004426,True,False,False
Cmss1,-0.6925825974134329,0.013856356558763687,0.151300085566363,0.999987547004426,True,False,False
Tbc1d23,0.04115522938430206,0.8632505702602421,0.403408604647979,0.999987547004426,False,False,False
Klhl22,0.3178400680427739,0.19356452810974165,-0.329669135387887,0.999987547004426,False,False,False
Nit2,0.3837427412032892,0.017462263454802115,0.916231608815176,0.999987547004426,True,False,False
Tomm70a,-0.015988786546097096,0.9417642778872777,0.621164062628506,0.999987547004426,False,False,False
Tmem30c,-0.3747514134722532,0.5750179414883035,0.170288688642356,0.999987547004426,False,False,False
Tfg,0.38943105852555565,0.0012102883252136122,-0.348757013993411,0.999987547004426,True,False,False
Lrrc74b,-1.555367466876054,0.011271188755206387,-0.21035198632457,0.999987547004426,True,False,False
Thap7,0.010483091344881512,0.9717633989313788,0.155295854602084,0.999987547004426,False,False,False
Lztr1,0.0023297850510256533,0.9941026950334206,0.055318352520584,0.999987547004426,False,False,False
Snap29,-0.18999596284453044,0.3592242790040443,0.0497653978402148,0.999987547004426,False,False,False
Ccdc116,-0.11027190573572172,0.9236879836667514,0.520888520896345,0.999987547004426,False,False,False
Dlg1,-0.4567144293523127,0.0043181417121323454,-0.284437093909326,0.999987547004426,True,False,False
Ppil2,0.07120152842414407,0.65396862125001,0.0145443973578736,0.999987547004426,False,False,False
Senp5,-0.3254670295799159,0.14217357155383717,-0.336351199136844,0.999987547004426,False,False,False
Ncbp2,-0.1718854662624517,0.3293302883563294,0.224847628342777,0.999987547004426,False,False,False
Pak2,-0.21525421195674818,0.09759569886806792,0.120129882872779,0.999987547004426,False,False,False
Fgd4,0.3946662634527934,0.16307502330176113,-0.180182448108709,0.999987547004426,False,False,False
Dnm1l,0.040970792309743306,0.8386993929097386,-0.0673746846861931,0.999987547004426,False,False,False
Tnk2,-0.37865061276235484,0.5451973353214736,-0.180860920909437,0.999987547004426,False,False,False
Yars2,0.07296029182702875,0.7948571284350242,0.102778867012518,0.999987547004426,False,False,False
B4galt4,0.10861917728860272,0.6274934830574682,0.410728690867583,0.999987547004426,False,False,False
Tfrc,-0.5671772125310959,2.164993860551211e-05,-0.163421977340882,0.999987547004426,True,False,False
Arhgap31,-0.0750302757861608,0.7895108151381102,0.427510856797052,0.999987547004426,False,False,False
Fyttd1,0.2035621989896533,0.21852589964398245,-0.217971906110336,0.999987547004426,False,False,False
Lrch3,-0.09353097093209266,0.651289817117992,0.16469151431147,0.999987547004426,False,False,False
Lmln,-0.5113625392687852,0.3708264669967369,-0.270544446054972,0.999987547004426,False,False,False
Osbpl11,0.08542923381486736,0.775447565379032,0.475378659731372,0.999987547004426,False,False,False
Snx4,0.344930806684488,0.0049433430637305376,0.0972199210595814,0.999987547004426,True,False,False
Zfp148,0.03340670835677389,0.8711832738768497,0.0784189529761088,0.999987547004426,False,False,False
Gsk3b,0.08204430281505247,0.642429068341256,-0.0756249891604819,0.999987547004426,False,False,False
Umps,0.18305977113199629,0.27812446958510295,-0.486910142965626,0.999987547004426,False,False,False
Itgb5,1.3945192964452264,3.951811748780124e-09,1.26615305454778,0.999987547004426,True,False,False
Ndufb4,0.22164558598686704,0.15773590133687862,-0.153166403568137,0.999987547004426,False,False,False
Ndufb4c,0.22164558598686704,0.15773590133687862,1.05473105594738,0.999987547004426,False,False,False
Ndufb4b,0.22164558598686704,0.15773590133687862,-0.933112340754267,0.999987547004426,False,False,False
Abcc5,0.34839119272075736,0.3516276895182374,0.0227706165311758,0.999987547004426,False,False,False
Gtf2e1,0.05252636458499026,0.8899273924321544,-0.582836660337169,0.999987547004426,False,False,False
Hcls1,0.0002784112638624297,0.9986381152428845,0.483692414969822,0.999987547004426,False,False,False
Ccdc14,-0.3372828383895321,0.5035043978313191,-0.230652130328444,0.999987547004426,False,False,False
Mylk,-0.018766120024162915,0.9897598185618389,1.04030654293611,0.999987547004426,False,False,False
Iqcb1,0.37556440930377366,0.06311683074247425,-0.512105840543986,0.999987547004426,False,False,False
Ap2m1,0.1050424080770531,0.44762858137607814,0.0784910821881732,0.999987547004426,False,False,False
Clcn2,0.3017544896365783,0.6968848316852352,-0.187581320823627,0.999987547004426,False,False,False
Pdia5,-0.527567003287949,0.3091936834775794,-0.238475968690445,0.999987547004426,False,False,False
Slc49a4,0.847356782067955,4.340644046725997e-06,0.543535875870116,0.999987547004426,True,False,False
Hspbap1,0.12503412496483038,0.6121789017677859,-1.14720364786522,0.999987547004426,False,False,False
Ehhadh,-0.8690251823323933,0.0643921791656042,0.512352043610841,0.999987547004426,False,False,False
Senp2,-0.043301929177483274,0.869284614865682,0.675765333760759,0.999987547004426,False,False,False
Tmem41a,-0.6839680581371852,0.13102288941682685,-0.284785219695907,0.999987547004426,False,False,False
Tra2b,0.03767385001252053,0.8644633964978431,-0.0055281029692668,0.999987547004426,False,False,False
Dgkg,0.5091805621059411,0.39321141083731703,0.760385440632898,0.999987547004426,False,False,False
Btg3,0.591694999164478,4.9967129042090596e-05,-0.369746603287503,0.999987547004426,True,False,False
D16Ertd472e,0.2556240095318776,0.168477453789353,0.0238984122146473,0.999987547004426,False,False,False
Cxadr,1.4065447540945317,0.1537277935891449,-0.164914107104147,0.999987547004426,False,False,False
Usp25,-0.10261409595623074,0.5587391207080057,-0.624707787430689,0.999987547004426,False,False,False
Samsn1,0.07674315382561261,0.7113959117261126,-0.382396756500941,0.999987547004426,False,False,False
Eif4a2,-0.22605232358024877,0.03970099200444437,0.172670652066501,0.999987547004426,True,False,False
St6gal1,-0.12859865131244785,0.45097854791258435,-0.292805287400748,0.999987547004426,False,False,False
App,0.12886191873165403,0.5034163028791628,0.226467757340751,0.999987547004426,False,False,False
Ets2,1.1509513519959471,2.9055348705275297e-11,-0.874307016892775,0.999987547004426,True,False,False
Dyrk1a,-0.3133082265053047,0.1221941454455657,0.56771666109412,0.999987547004426,False,False,False
Vps26c,0.2026625686630444,0.17665239414775127,-0.013548714103675,0.999987547004426,False,False,False
Ildr1,-0.5882148802420454,0.006274734709762236,0.136822272367215,0.999987547004426,True,False,False
Cd86,0.155549929992991,0.19604949248513892,-0.510122199099791,0.999987547004426,False,False,False
Arl13b,0.19467244398598943,0.43029675788995014,-0.104988174490257,0.999987547004426,False,False,False
Pros1,1.2292131046199468,1.9787905228343279e-07,0.326177477872257,0.999987547004426,True,False,False
Psmg1,0.09491767817674557,0.6703125856251263,-0.307284178619048,0.999987547004426,False,False,False
Brwd1,0.15434728394583702,0.4126619972146409,0.0502988275651193,0.999987547004426,False,False,False
Fam3b,-0.2903324134816463,0.6370934885547777,0.0724877368455994,0.999987547004426,False,False,False
Pigp,0.04321697521334098,0.8582400298141882,0.0964371470968519,0.999987547004426,False,False,False
Ripply3,0.020863029213238706,0.9825995651200278,-0.499198802876063,0.999987547004426,False,False,False
Chaf1b,0.23792442744496245,0.2763502049160327,0.0725416458998644,0.999987547004426,False,False,False
Dop1b,-0.0692623372647157,0.8765043608232096,-0.625731630681361,0.999987547004426,False,False,False
Cbr3,0.16983031554984843,0.5660125219995229,0.203879898131101,0.999987547004426,False,False,False
Rcan1,-0.1755420566639948,0.4809196072950073,-0.063047212000841,0.999987547004426,False,False,False
Runx1,-0.297182685401395,0.09329234889452258,0.0547298540039991,0.999987547004426,False,False,False
Donson,0.1079839740114933,0.631937016427104,-0.127129594070648,0.999987547004426,False,False,False
Son,-0.06290964302341452,0.7418793833921049,-0.0256288606883501,0.999987547004426,False,False,False
Gart,-0.02664263914547932,0.9106351821798189,0.0003217993397894,0.999987547004426,False,False,False
Tmem50b,0.24604729188583427,0.09760844845750512,0.142828623629372,0.999987547004426,False,False,False
Ifngr2,0.24051003988497296,0.06815429210935353,0.357728159542426,0.999987547004426,False,False,False
Ifnar1,0.5216679968229446,0.0014767181574966053,-0.242828819729182,0.999987547004426,True,False,False
Il10rb,0.10196466748919744,0.487658288941434,-0.564012940598867,0.999987547004426,False,False,False
Ifnar2,0.16602319273667504,0.1875345096894892,-0.467209375132387,0.999987547004426,False,False,False
Cfap298,0.0656035043765769,0.8695075327113857,0.0471815218913116,0.999987547004426,False,False,False
Synj1,-0.036879509854739534,0.869284614865682,-0.0956135401059655,0.999987547004426,False,False,False
Paxbp1,-0.007114984452429059,0.9721198100126763,-0.0785333263659833,0.999987547004426,False,False,False
Sod1,0.2495571295576122,0.05710776539840208,0.357523809488793,0.999987547004426,False,False,False
Scaf4,-0.27514542731245617,0.13388124865373022,-0.116313859493612,0.999987547004426,False,False,False
Kansl2,0.02387590086428647,0.9156648404237091,-0.0923892873097447,0.999987547004426,False,False,False
Adcy6,-0.8502064290935486,0.01565280839812095,-0.895916455926533,0.999987547004426,True,False,False
Enah,0.5245930706693672,0.09219700506785844,-0.222228904039182,0.999987547004426,False,False,False
Lmbr1l,0.4084976364668114,0.08598319911998402,-0.107834045028081,0.999987547004426,False,False,False
Tuba1b,0.053813820327657094,0.7457508315129342,-0.28461001153932,0.999987547004426,False,False,False
Prpf40b,1.0122596284485452,0.00022637777288708535,-0.994672299059792,0.999987547004426,True,False,False
Fmnl3,-0.5558044399440734,0.05230104830389004,-1.18403749844754,0.999987547004426,False,False,False
Nckap5l,0.6921935248852581,0.3376234938741644,-0.316328252009782,0.999987547004426,False,False,False
Tmbim6,0.1195242971509639,0.5193951565987124,-0.211043538108168,0.999987547004426,False,False,False
Racgap1,-0.22710493705635942,0.3005567714924562,-0.493690630768863,0.999987547004426,False,False,False
Smarcd1,0.2608231072275742,0.5379906266238106,-0.224807157991905,0.999987547004426,False,False,False
Cox14,-0.09770495541672586,0.6558744383833945,-0.0866461088269421,0.999987547004426,False,False,False
Cers5,0.28651599662135907,0.1270833956211632,0.326321774904383,0.999987547004426,False,False,False
Dip2b,-0.1246419881101682,0.5393855316769297,0.317323807789102,0.999987547004426,False,False,False
Atf1,-0.16432753562345942,0.3767901971826615,-0.324144428767404,0.999987547004426,False,False,False
Cela1,-1.4634378376085304,0.06350459429363926,-0.202215393157134,0.999987547004426,False,False,False
Slc4a8,0.757366232091771,0.4753432608243533,-0.435797826503139,0.999987547004426,False,False,False
Nr4a1,0.31569598526328824,0.5379875539413427,-0.0346410890586668,0.999987547004426,False,False,False
Krt7,0.2376665094873278,0.6843770874532856,0.158958629597293,0.999987547004426,False,False,False
Csad,0.31034172716749736,0.3271357867382133,0.447592233555357,0.999987547004426,False,False,False
Soat2,-1.0515241150254264,0.0023954499391629063,0.461483143474196,0.999987547004426,True,False,False
Prr13,0.0946534665405867,0.5350650341083553,-0.369561740792202,0.999987547004426,False,False,False
Calcoco1,0.47246591546761035,0.05824203328164959,-0.202541246352437,0.999987547004426,False,False,False
Rttn,-0.19154282494194602,0.5547647524934644,0.0221420740523026,0.999987547004426,False,False,False
Nus1,0.27150696255595,0.15780322119843568,0.205284900518087,0.999987547004426,False,False,False
Mospd1,0.34376364102907814,0.10061977642462817,0.0570010371904308,0.999987547004426,False,False,False
Akirin1,0.1200761785591767,0.41786539890386015,-0.415002855212522,0.999987547004426,False,False,False
Gtf2ird1,0.9031025576750242,8.84672838237456e-05,-0.635371501682199,0.999987547004426,True,False,False
Abcc1,0.10861120398052163,0.6483745148389928,0.209023995447178,0.999987547004426,False,False,False
Ndufa5,0.1391717711713565,0.4532913129276916,0.137167260390857,0.999987547004426,False,False,False
Fhl1,-0.7409858543362583,0.3432707199807242,0.198879707290657,0.999987547004426,False,False,False
Msrb2,0.24337176222790227,0.4304366575388486,-0.399800742699527,0.999987547004426,False,False,False
Rfc2,-0.014906364943671894,0.9395869202614355,-0.428859105302522,0.999987547004426,False,False,False
Denr,-0.24912544182197802,0.06698000697356518,-0.253617626657613,0.999987547004426,False,False,False
Prmt5,0.05381301775318357,0.8437907703905525,0.0021900889384269,0.999987547004426,False,False,False
Sympk,-0.35310268908368203,0.058314673413157304,-0.379185211638759,0.999987547004426,False,False,False
Nagpa,0.10907627455883982,0.5102533987011858,0.272637529891574,0.999987547004426,False,False,False
Get1,-0.08025899315246755,0.8506397539577483,-0.12947373204981,0.999987547004426,False,False,False
Ivns1abp,-0.19393896997378407,0.22417632308952742,0.231295795633635,0.999987547004426,False,False,False
Htd2,0.0854567116063805,0.6741246692155152,-0.114332492132151,0.999987547004426,False,False,False
Slc38a1,0.02254049552980288,0.9081790261227647,0.449750154284394,0.999987547004426,False,False,False
Gps2,0.020032745371693313,0.9305634377474982,-0.351583202022873,0.999987547004426,False,False,False
Bsg,0.26989042958436243,0.016245989556476697,-0.364720027814152,0.999987547004426,True,False,False
Vwa5a,-0.026644826740410934,0.9090091038992658,0.194257302622243,0.999987547004426,False,False,False
P3h3,0.4311679823894966,0.3174217718224357,-0.310352573358035,0.999987547004426,False,False,False
Il15ra,-0.06033395585877932,0.8410549113301727,-0.419564653042491,0.999987547004426,False,False,False
Ccl25,0.0007886831661043842,0.998332919234875,-0.260074793700575,0.999987547004426,False,False,False
Kcnk5,-1.0290312902988548,0.04233615741631953,0.564425732908521,0.999987547004426,True,False,False
Parp3,0.0017948276437976887,0.9947741753339997,-0.149869576044514,0.999987547004426,False,False,False
Slc26a6,-0.022196667080573627,0.9761720140428017,-0.411185717433041,0.999987547004426,False,False,False
Acy1,2.3306512211432007,0.0021549503217411226,-0.301616095337886,0.999987547004426,True,False,False
Frs3,0.6454910301944035,0.3612194825829327,-0.165990814502441,0.999987547004426,False,False,False
Cd4,-0.4167424808805883,0.0011183259794770143,-0.26712333958069,0.999987547004426,True,False,False
Twf2,0.050312835694217635,0.7693350068227236,0.260753199067375,0.999987547004426,False,False,False
Zfp605,-0.7423238641072215,0.09787192362930448,-0.147115239009036,0.999987547004426,False,False,False
Ube2j2,0.16936576700264938,0.21052655135887857,0.493650861929254,0.999987547004426,False,False,False
Marchf5,0.11573597308219097,0.5264302586660712,0.0521403039448218,0.999987547004426,False,False,False
Dtwd1,-0.09687282259729388,0.7838009850670826,0.0760647253395668,0.999987547004426,False,False,False
Mx2,-0.18771713965684764,0.7326869080232327,-0.494685910128496,0.999987547004426,False,False,False
Poc1a,-0.19778565135814447,0.5227736116054095,-0.839264107103995,0.999987547004426,False,False,False
Clec4n,0.9944567960131395,1.111350156410961e-12,0.243528631194656,0.999987547004426,True,False,False
Agap3,0.22490297648524654,0.301201411870238,0.704431408214936,0.999987547004426,False,False,False
Tmem176a,0.7161777310609946,2.7288163815310548e-11,0.0678744127501867,0.999987547004426,True,False,False
Slc17a9,0.2924555882452364,0.41617198144959133,0.0126877720912031,0.999987547004426,False,False,False
Nfatc4,-0.5053359827611398,0.31979113403674886,-0.262122802388253,0.999987547004426,False,False,False
Pisd,0.34185283430983143,0.020720057387308782,-0.123695559715284,0.999987547004426,True,False,False
Tpi1,0.6614733839253744,4.660839865792849e-12,-0.418698296061498,0.999987547004426,True,False,False
Rab12,0.03041508782008894,0.9260815477416555,0.282452719714484,0.999987547004426,False,False,False
Tulp2,-0.23915624817137146,0.7274534400307922,-0.440945008234921,0.999987547004426,False,False,False
Prph,1.0047353814303441,0.21597521814337262,-0.750883456263264,0.999987547004426,False,False,False
C1qtnf12,0.6298969474753184,0.013582280582268751,-0.464586214559807,0.999987547004426,True,False,False
Ccndbp1,0.1693223699314531,0.20334519997834227,-0.540590349454716,0.999987547004426,False,False,False
Ogfod2,0.21518798756421875,0.4122215663529054,-0.0802219815612775,0.999987547004426,False,False,False
Mrps23,-0.21105936061593827,0.302215358168862,-0.217418813547891,0.999987547004426,False,False,False
Sfi1,-0.3145964266124506,0.06147184395429591,-0.629816640563702,0.999987547004426,False,False,False
Hes7,0.4630394599762789,0.5231228398925486,-0.15777868246794,0.999987547004426,False,False,False
Tiam2,0.8536238091704245,0.00146304480114704,0.0684324193327166,0.999987547004426,True,False,False
Rsph3b,0.09611858874648865,0.7067590546117085,-0.128311655307479,0.999987547004426,False,False,False
Prkn,0.5113057786990224,0.310922110739228,0.036280786311754,0.999987547004426,False,False,False
Agpat4,0.5183778861360709,8.899596708110573e-05,-0.601053316416952,0.999987547004426,True,False,False
Lnpep,-0.33632609013071973,0.035401730631505215,0.116811877541466,0.999987547004426,True,False,False
Chd1,-0.10472608769179105,0.5885779918589311,0.484881759782863,0.999987547004426,False,False,False
Zfp54,-0.28744035059643974,0.3906004641245382,-0.260677580742631,0.999987547004426,False,False,False
Phf10,0.3412759013782093,0.005407856015749061,-0.440104873879516,0.999987547004426,True,False,False
Zfp51,-0.40554290158742845,0.06639460772636284,0.637009468005225,0.999987547004426,False,False,False
Mmp25,0.11313806277487759,0.8433956524969801,0.134128830679606,0.999987547004426,False,False,False
Hcfc1r1,-0.025549705697704324,0.9216003377242303,-0.157236079387106,0.999987547004426,False,False,False
Tnfrsf12a,1.4192156198300547,5.331937449774723e-17,-0.304072073943793,0.999987547004426,True,False,False
Pkmyt1,-0.11050982477064611,0.6114403037888572,-0.519398498787123,0.999987547004426,False,False,False
Paqr4,-0.28114458594938924,0.3988328234674935,-0.245971301771759,0.999987547004426,False,False,False
Flywch2,-0.0669479343622974,0.9446828899320698,-0.429425365064524,0.999987547004426,False,False,False
Slc25a27,-0.14464902823567788,0.8391007165323134,0.0783044762527787,0.999987547004426,False,False,False
Pla2g7,1.5615387136796144,5.058407311709497e-64,0.300770415215519,0.999987547004426,True,False,False
Tnfrsf21,1.4289699094704633,1.2363153505691023e-19,-0.29016498444347,0.999987547004426,True,False,False
Mmut,-0.060461941977159,0.8126241116110167,-0.148205642295718,0.999987547004426,False,False,False
Tbc1d5,-0.4131738993862623,0.0038040753570855366,-0.320118819928637,0.999987547004426,True,False,False
Rhag,0.47004360438265647,0.5593027545875838,-1.14922674555201,0.999987547004426,False,False,False
Cdc5l,-0.04541101078759718,0.7991794964516636,0.0212438410617839,0.999987547004426,False,False,False
Spats1,0.1963936222222082,0.6201972978721566,0.196679178799412,0.999987547004426,False,False,False
Aars2,0.4473051803091034,0.1465568633292061,-0.331239087496429,0.999987547004426,False,False,False
Mrpl14,0.39976577475617064,0.0014969804402779798,-0.581879259464691,0.999987547004426,True,False,False
Sgo1,-0.5324936499570615,0.05970611265811346,0.0052456979746846,0.999987547004426,False,False,False
Slc29a1,0.033261674349242105,0.8812730025215434,-0.537488320441309,0.999987547004426,False,False,False
Hsp90ab1,-0.1385666839073873,0.4187101963957452,-0.138067108548205,0.999987547004426,False,False,False
Nfkbie,0.45682726663720963,0.00022786584368895884,0.266417973295813,0.999987547004426,True,False,False
Tcte1,-0.004753087562364133,0.9960089979534987,-1.0274744188301,0.999987547004426,False,False,False
Vegfa,1.6744508602867867,1.582905417905125e-07,-0.769023177152535,0.999987547004426,True,False,False
Gtpbp2,-0.25282875311677233,0.24847947700464482,0.633777396739855,0.999987547004426,False,False,False
Polh,-0.44150722650922863,0.19732400819255308,-0.14063523879297,0.999987547004426,False,False,False
Clic5,-0.3869611044913041,0.6290886906473508,-0.367645674427796,0.999987547004426,False,False,False
Enpp5,-0.8635771654266226,0.0016379416450137787,-0.173413114523564,0.999987547004426,True,False,False
Enpp4,-0.1515916811345259,0.5097860802335831,0.613921846127643,0.999987547004426,False,False,False
Fbxl17,0.13566576680587597,0.5042249821050273,-0.266575443165379,0.999987547004426,False,False,False
Mrps18a,0.24376010867752157,0.08149150241052552,-0.198034716986411,0.999987547004426,False,False,False
Rrp36,-0.05035118962428646,0.8281259039151597,-0.117034677325941,0.999987547004426,False,False,False
Cnpy3,0.1526081172966894,0.24611067011029072,-0.012206396439459,0.999987547004426,False,False,False
Ubr2,-0.26673018425294276,0.12752380467506216,-0.331001266492498,0.999987547004426,False,False,False
Taf8,-0.26439266182053817,0.13455487271978656,0.247873801126278,0.999987547004426,False,False,False
Guca1a,0.8790744154725548,0.0037665380479380076,-0.487523165792166,0.999987547004426,True,False,False
Bysl,-0.04370494121815595,0.8874441893821688,0.0218683811089555,0.999987547004426,False,False,False
Tfeb,0.017597426936390888,0.9406144274290104,-0.752917822199291,0.999987547004426,False,False,False
Foxp4,0.36134478098470246,0.24032702332232533,-0.145208867690704,0.999987547004426,False,False,False
Nfya,-0.24395944018031954,0.4558905060034254,-0.200390722995836,0.999987547004426,False,False,False
Brd4,-0.024257661134046156,0.8986629469660721,-0.0890351634024702,0.999987547004426,False,False,False
Stk38,-0.15439316600543226,0.2668807110203912,0.323774801815806,0.999987547004426,False,False,False
Ppil1,-0.17663935243607207,0.3118178207439565,-0.385759081420234,0.999987547004426,False,False,False
Pi16,-0.08032729467441715,0.9106351821798189,-0.217762147729067,0.999987547004426,False,False,False
Mtch1,0.21192928615397713,0.1454662921123844,-0.467730723246289,0.999987547004426,False,False,False
Fgd2,-0.25474659534401,0.04836860972630445,-0.338686317174777,0.999987547004426,True,False,False
Pim1,0.01194533280205311,0.9637903932187192,-0.127420783954548,0.999987547004426,False,False,False
Ccdc167,0.12999051412110313,0.7326869080232327,-0.583127785437683,0.999987547004426,False,False,False
Cmtr1,0.10961683860030802,0.5854351855650642,-0.401041864075779,0.999987547004426,False,False,False
Abcg1,0.02634461110443515,0.9303169636945676,-0.589832449302307,0.999987547004426,False,False,False
Rsph1,0.8053251414765188,0.509785964135266,-0.770259754760468,0.999987547004426,False,False,False
Slc37a1,0.40308593617931776,0.0831645584319551,-0.232282840226807,0.999987547004426,False,False,False
Wdr4,-0.16830260022975302,0.5978831633598112,-0.230071435508508,0.999987547004426,False,False,False
Cbs,-0.821201978255727,0.2055840945083655,0.218676172380464,0.999987547004426,False,False,False
Sik1,0.0006985658720495004,0.9979389919159345,-0.191530771773804,0.999987547004426,False,False,False
Arhgap28,0.46250259675719696,0.06887667804812682,-0.266827540488803,0.999987547004426,False,False,False
Epb41l3,0.661858464336419,0.0029517549966607067,-0.690125784720923,0.999987547004426,True,False,False
Akap8,-0.0480736834905826,0.8250922774777069,-0.0463778002561348,0.999987547004426,False,False,False
Myom1,-0.7661579395334966,0.0026783955255983475,0.0012013439462546,0.999987547004426,True,False,False
Wiz,-0.0698014594237786,0.8743470254919072,-0.237417923111025,0.999987547004426,False,False,False
Lpin2,-0.4328067916192058,0.0031753076007934224,0.796361783250035,0.999987547004426,True,False,False
Emilin2,1.5182598567098542,9.009376408078736e-24,-0.327695621851331,0.999987547004426,True,False,False
Smchd1,-0.22550339283610688,0.1582844276128373,-0.254029137345116,0.999987547004426,False,False,False
Cyp4f13,0.1405922112047036,0.37664418609970585,-0.244163915089366,0.999987547004426,False,False,False
Ehd3,0.5751725066790462,0.5424467153678075,-1.01971046898886,0.999987547004426,False,False,False
Xdh,0.28563014822665034,0.20320408839552348,-0.427621185445219,0.999987547004426,False,False,False
Dpy30,0.07653223270618696,0.6989710511180411,-0.0972887042391903,0.999987547004426,False,False,False
Spast,0.002451931118575052,0.9931382444294624,0.509071396016784,0.999987547004426,False,False,False
Slc30a6,0.19907564192049432,0.26902358162156176,0.0171467156564971,0.999987547004426,False,False,False
Prkd3,-0.09490600311709409,0.7463182019369935,-0.486381289642808,0.999987547004426,False,False,False
Yipf4,0.02884906092337056,0.873469171240525,1.18814816279014,0.999987547004426,False,False,False
Crim1,0.7452138638847199,0.169585785370933,-0.631618752856729,0.999987547004426,False,False,False
Strn,0.036289346124114295,0.9244340577772963,0.0409841818060634,0.999987547004426,False,False,False
Ttc27,0.2883574021798306,0.3494359899939918,0.0140513108976039,0.999987547004426,False,False,False
Eif2ak2,0.12893876454289915,0.6390410257259573,-0.127820601474201,0.999987547004426,False,False,False
Ndufaf7,0.012010998231600635,0.9598015254340563,0.237489756502022,0.999987547004426,False,False,False
Qpct,0.19729587061790832,0.7357953022376669,-0.0354022374017058,0.999987547004426,False,False,False
Man2a1,0.15035686028945086,0.47422284961337363,0.381913404521823,0.999987547004426,False,False,False
Vapa,0.22584046222844914,0.056514867211054386,0.681061349348172,0.999987547004426,False,False,False
Hnrnpll,0.2112840937309438,0.1904870666224154,0.225304935679189,0.999987547004426,False,False,False
Srsf7,-0.05453097973322803,0.7325765172651393,0.0499833347526613,0.999987547004426,False,False,False
Twsg1,-0.2714026534158803,0.20493069064612054,-0.0680427196946978,0.999987547004426,False,False,False
Washc1,0.04162333433382123,0.9244340577772963,0.191161997996096,0.999987547004426,False,False,False
Washc2,0.18066528983731917,0.32760402714627357,-0.168727508058495,0.999987547004426,False,False,False
Nrxn1,-0.4608575846573775,0.6467793996961778,-1.34755079143671,0.999987547004426,False,False,False
Tedc2,0.09448505219784104,0.8835892425295484,-0.0267197692145,0.999987547004426,False,False,False
Lrpprc,0.2172195722723429,0.3692705186262932,-0.039683505650002,0.999987547004426,False,False,False
Atp6v0c,0.3187251595108951,0.007875753565559996,-0.302853969814294,0.999987547004426,True,False,False
Prss30,-0.5641596754840972,7.474794236094417e-07,-0.301226967649007,0.999987547004426,True,False,False
Abca3,-0.2565579509339466,0.17304539083151435,-0.407796542789917,0.999987547004426,False,False,False
Eci1,0.05935310863282401,0.7978026319207855,-0.718745206411323,0.999987547004426,False,False,False
Srbd1,-0.1281795407737917,0.6652281517838382,0.517578524131098,0.999987547004426,False,False,False
Dnase1l2,0.37913425614352275,0.6351716203418487,-0.175517025763444,0.999987547004426,False,False,False
E4f1,0.016389029389738533,0.9552325948698283,-0.262002407159798,0.999987547004426,False,False,False
Mlst8,-0.25536135651738245,0.3343740383895011,-0.348864245946038,0.999987547004426,False,False,False
Rhoq,0.4365855569523612,0.0020155919497767145,-0.164196313215555,0.999987547004426,True,False,False
Cript,0.08353295889436062,0.5814701326095478,-0.597884451390494,0.999987547004426,False,False,False
Mcfd2,0.12744230168004914,0.4753432608243533,-0.215789794761545,0.999987547004426,False,False,False
Msh2,-0.05482954353973171,0.8172153314454853,0.403017012116386,0.999987547004426,False,False,False
Spsb3,0.005936539469714625,0.9826696969677449,-0.397518164014104,0.999987547004426,False,False,False
Mapk8ip3,-0.14496074220942817,0.5373525443976794,-0.737521833243542,0.999987547004426,False,False,False
C3,1.0876438319332473,0.002869355424507189,-0.24172970104235,0.999987547004426,True,False,False
Jpt2,0.23988470599601588,0.08743619808360034,-0.252667967481062,0.999987547004426,False,False,False
Tmem204,-0.44193506858389725,0.535329524036421,-0.1191586494765,0.999987547004426,False,False,False
Ift140,-0.009373968789441571,0.9734037441766704,-0.307223602112326,0.999987547004426,False,False,False
Telo2,0.03139057484279102,0.937550904634815,-0.336897297066598,0.999987547004426,False,False,False
Pot1b,0.5089525920267269,4.869361036363648e-06,0.514107390720696,0.999987547004426,True,False,False
Nme4,-0.5886579580764333,0.0033172174434484914,-0.198758957797029,0.999987547004426,True,False,False
Pgap6,-0.7371739612662428,8.871190415883496e-08,0.104561474053421,0.999987547004426,True,False,False
Mrpl28,0.2025201585448166,0.12373067009579895,0.0161331629119275,0.999987547004426,False,False,False
Axin1,0.03099974135364165,0.8986629469660721,-0.14563989486337,0.999987547004426,False,False,False
Rgs11,0.3607242553391972,0.27864459592293883,-0.078934824297205,0.999987547004426,False,False,False
Fam234a,0.7243690919923934,3.4859194020905333e-09,-0.482170525088192,0.999987547004426,True,False,False
Luc7l,-0.3172705783058481,0.010650769427956947,-0.135353960975221,0.999987547004426,True,False,False
Bnip1,-0.029993175535646285,0.9147752653288801,-0.439794619850059,0.999987547004426,False,False,False
Phf1,0.2564864767001556,0.22762829996665523,-0.512061183558262,0.999987547004426,False,False,False
Cuta,0.18988672018306765,0.23700004778372577,-0.242764188729838,0.999987547004426,False,False,False
Kdm4b,0.26051227411687505,0.28655457062118667,-0.0767950717163828,0.999987547004426,False,False,False
Rfx2,0.051242442910405986,0.958705390367029,-0.742666046240788,0.999987547004426,False,False,False
Uqcc2,0.2519846292731282,0.149056100890452,-0.444145084357787,0.999987547004426,False,False,False
Acsbg3,0.7847004635810921,0.025988188649372215,-0.594787063384161,0.999987547004426,True,False,False
Ip6k3,0.9087363031620599,0.11335089524126561,-0.847738825978785,0.999987547004426,False,False,False
Mllt1,0.10084677509891019,0.7355722805013882,-0.109122778875946,0.999987547004426,False,False,False
Nudt3,0.19453549219782196,0.43674263422836024,-0.283461898323011,0.999987547004426,False,False,False
Taf11,0.02645678455226895,0.9234897394610939,-1.3079319604832,0.999987547004426,False,False,False
Anks1,-0.1212577736526255,0.7591703097040613,-0.163279816607286,0.999987547004426,False,False,False
Zfp523,0.39831073952084817,0.19362647327899624,-0.15982894228832,0.999987547004426,False,False,False
Nudt12,-0.24881881360737013,0.7756936069948137,-0.859946458724835,0.999987547004426,False,False,False
Cul2,0.26828458814674944,0.04959280759438762,0.491440374076795,0.999987547004426,True,False,False
Bambi,1.015587005914576,2.6590523935218837e-11,-0.142231343775443,0.999987547004426,True,False,False
Mtpap,-0.21220954076912618,0.21508487695121106,-0.19243358186027,0.999987547004426,False,False,False
Map3k8,-0.18076555833924968,0.27099048140325577,0.0787835270117281,0.999987547004426,False,False,False
Svil,-0.02262336185433002,0.9551444275158777,-0.0387261615813825,0.999987547004426,False,False,False
Epc1,-0.35842001186058847,0.02994729899405845,-0.180144127974604,0.999987547004426,True,False,False
Sos1,0.037225760849923885,0.9225554426306357,0.723987560592547,0.999987547004426,False,False,False
Map4k3,0.04718034987222727,0.8980817016322223,-0.178936349215142,0.999987547004426,False,False,False
Thumpd2,0.02644435751950326,0.9452464358033107,0.728572463100975,0.999987547004426,False,False,False
Pkdcc,1.4260120737207251,0.0007879449089142496,-0.45434001716832,0.999987547004426,True,False,False
Thada,-0.2842959953415834,0.17346858372638785,-0.158122186127571,0.999987547004426,False,False,False
Slc25a46,-0.0015106083026789922,0.9943591458614311,-0.147796936453837,0.999987547004426,False,False,False
Slc39a6,0.14343900726886016,0.4712832581560632,0.845968587738522,0.999987547004426,False,False,False
2700062C07Rik,-0.04077858681286454,0.8862249215086762,0.163463229007692,0.999987547004426,False,False,False
Zfp397,-0.33584688518186717,0.029012623081979532,-0.123156792850004,0.999987547004426,True,False,False
Mapre2,0.30407472598336527,0.027722411924559133,0.29235409923149,0.999987547004426,True,False,False
Ccny,0.15494576101196467,0.44890730862944334,-0.0876722025869991,0.999987547004426,False,False,False
Rock1,-0.20799638226196454,0.09041352902656265,-0.131666455648416,0.999987547004426,False,False,False
Esco1,-0.18453298433530102,0.1793794571181635,0.0918137259041441,0.999987547004426,False,False,False
Mib1,-0.2279642188970843,0.312932876803185,0.095031146971726,0.999987547004426,False,False,False
Zfp871,-0.3396621297150847,0.008948222520706785,-0.37196699134075,0.999987547004426,True,False,False
Adamts10,-0.15971315652319923,0.4748273022847672,-0.641710165849902,0.999987547004426,False,False,False
Myo1f,-0.1782777327788865,0.1915769042033431,-0.489960841319765,0.999987547004426,False,False,False
Kifc5b,-0.5282604491545805,0.2925950552059917,-0.199777773891467,0.999987547004426,False,False,False
Dtna,0.1651553558780042,0.8519800801081726,0.628836420466739,0.999987547004426,False,False,False
Wdr46,0.506916670732685,0.0018685512009353246,-0.219961553146987,0.999987547004426,True,False,False
Rnf138,-0.006719738876200139,0.9781205630850888,-0.0053215237679236,0.999987547004426,False,False,False
Vps52,0.07951941421083414,0.6957212576378199,-0.291399777219328,0.999987547004426,False,False,False
Ring1,0.5306814567189783,0.00953511589210651,-0.247604027526384,0.999987547004426,True,False,False
Slc39a7,0.14968675198111497,0.3788559047577761,-0.221649828539108,0.999987547004426,False,False,False
H2-Oa,-0.12216681286158891,0.45473687902954885,-0.0929610752660279,0.999987547004426,False,False,False
Brd2,-0.24093996026849157,0.0837109134150221,-0.258397345280139,0.999987547004426,False,False,False
Psmb8,0.010005404078546741,0.961203283236292,-0.915190532604715,0.999987547004426,False,False,False
Tap2,-0.13875304375738676,0.41278672176571823,-0.0076294257521745,0.999987547004426,False,False,False
Btnl2,-0.0271041839963492,0.9831636975666895,-0.589988890483363,0.999987547004426,False,False,False
Pfdn1,0.026821128496613573,0.9225554426306357,-0.786762574543472,0.999987547004426,False,False,False
Sting1,0.017079911416013987,0.9394826170206794,-0.442302652244939,0.999987547004426,False,False,False
Dnajc18,-0.013181158060870923,0.9719176200575549,-0.537013500435276,0.999987547004426,False,False,False
Hspa9,0.1628134151185814,0.30846462428589055,-0.0516654696500298,0.999987547004426,False,False,False
Etf1,0.1449185656906463,0.31050453315278065,0.134241571025532,0.999987547004426,False,False,False
Cdc23,0.04944550500900424,0.8475266291100455,-0.176374165771493,0.999987547004426,False,False,False
Epb41l4a,-0.348190355682701,0.722552781219396,-0.642815740948967,0.999987547004426,False,False,False
Stard4,-0.8513241759457334,7.891333085694729e-06,0.0449657137231068,0.999987547004426,True,False,False
Tslp,1.3959682331156646,0.00990195616446609,-0.0296196190339648,0.999987547004426,True,False,False
Bin1,-0.1399232400518453,0.3918379852974116,0.488626464402512,0.999987547004426,False,False,False
Map3k2,-0.39095223582392785,0.024441350321892794,0.532821754954566,0.999987547004426,True,False,False
Iws1,-0.10613323114603548,0.5994212202936545,0.0837263915603534,0.999987547004426,False,False,False
Bag6,0.11239260370098794,0.6966531704290837,-0.207183435009496,0.999987547004426,False,False,False
Aif1,1.0983076772670666,8.114291505552418e-16,-0.829054219528489,0.999987547004426,True,False,False
Ltb,0.17188300453670932,0.3392214793596236,-0.462030284032215,0.999987547004426,False,False,False
Wdr33,-0.10652494815213989,0.5038992217108933,-0.0594981382312145,0.999987547004426,False,False,False
Tnf,-0.7256488592968727,0.0005433113741343944,0.431185805180395,0.999987547004426,True,False,False
Lta,-1.162730976904929,3.8391476026918346e-11,-0.133508472732045,0.999987547004426,True,False,False
Riok3,-0.14538589584294467,0.2999126051438909,0.612082441646024,0.999987547004426,False,False,False
Rmc1,0.16596503750581532,0.3712394658805761,0.0355783169231767,0.999987547004426,False,False,False
Npc1,-0.21385028136782225,0.1819702685950999,0.289564559899544,0.999987547004426,False,False,False
Zfp521,1.1907912162955783,0.0038202407527863588,-0.764841480329266,0.999987547004426,True,False,False
Dhx16,-0.027330249486893613,0.9217475182895774,-0.0706505513576223,0.999987547004426,False,False,False
Atat1,0.3397100246845463,0.08377514073569843,-0.317407860846632,0.999987547004426,False,False,False
Gnl1,0.620362050099687,0.000297682409971166,-0.0999841803897503,0.999987547004426,True,False,False
Cabyr,-0.24350097198531176,0.8361922353122294,-0.0807313401589429,0.999987547004426,False,False,False
Nr3c1,-0.023164238472881675,0.9248294664647646,-0.46516634748285,0.999987547004426,False,False,False
Dele1,-0.5862324050826921,0.05372129484876132,-0.109289379032411,0.999987547004426,False,False,False
Rpp21,-0.08581823893861994,0.7235220799998778,0.35918629846711,0.999987547004426,False,False,False
Arap3,0.988449918905826,0.1533693084042958,0.202597638483239,0.999987547004426,False,False,False
Hdac3,0.21764354008614054,0.20741266770532588,-0.23902474195686,0.999987547004426,False,False,False
Diaph1,-0.2831944874772672,0.08204305609805214,-0.163257853814747,0.999987547004426,False,False,False
Trim26,-0.029021001795033204,0.9053113181564424,-0.388350348101174,0.999987547004426,False,False,False
H2-M5,-0.7855856401837645,0.11520396898687892,0.115602441983712,0.999987547004426,False,False,False
Gabbr1,0.31049145548792345,0.2212758838108494,-0.408729157385677,0.999987547004426,False,False,False
Dcp2,-0.18079459559460018,0.33194991509418403,0.407463270096454,0.999987547004426,False,False,False
Ik,0.024550662023724853,0.8946353126137963,0.298515368988529,0.999987547004426,False,False,False
Pggt1b,-0.13732722865899724,0.4600769359305481,-0.255958111684322,0.999987547004426,False,False,False
Ap3s1,0.7089452617252756,4.151878328620136e-11,-0.0308430891534455,0.999987547004426,True,False,False
Ankhd1,-0.18274956990160163,0.2380091778927408,-0.080666327578605,0.999987547004426,False,False,False
Hbegf,1.5725001016442715,8.255307854025519e-05,-0.0875549733752026,0.999987547004426,True,False,False
Yipf5,0.08128544324285995,0.65396862125001,0.0431439748881246,0.999987547004426,False,False,False
Rbm27,-0.16913947107827879,0.3090930110589412,-0.0954707066184834,0.999987547004426,False,False,False
Tcerg1,-0.138637884157679,0.35654338428318866,0.660367249117986,0.999987547004426,False,False,False
Jakmip2,-0.4142425825874137,0.7294703467618008,0.285253189710239,0.999987547004426,False,False,False
Dtwd2,0.10915070373052871,0.7978026319207855,-0.0514674636737915,0.999987547004426,False,False,False
Hsd17b4,0.018533508580822013,0.9189257757209496,0.776958754035652,0.999987547004426,False,False,False
Mbd2,0.27656575034920633,0.027328784907419253,-0.215645066149064,0.999987547004426,True,False,False
Smad4,-0.28445681184323657,0.024287883930520872,-0.09282073027686,0.999987547004426,True,False,False
Sec11c,-0.03059428299887499,0.8596185667248892,0.202209809920318,0.999987547004426,False,False,False
Pmaip1,-0.37608978389590564,0.01997633081995676,-0.854052230444188,0.999987547004426,True,False,False
Gnal,-0.011518645214426325,0.9911527556919748,-0.641849357499723,0.999987547004426,False,False,False
Afg3l2,0.031118907079458056,0.9036963766072972,-1.23340345374862,0.999987547004426,False,False,False
Srfbp1,-0.0013493779209339113,0.9959621976389004,-0.346557980121205,0.999987547004426,False,False,False
Prelid3a,0.003625824508912698,0.9953613911432304,0.347481738569599,0.999987547004426,False,False,False
Spire1,-0.20180614311948708,0.29615960187903173,-0.175908907490073,0.999987547004426,False,False,False
Snx24,0.06961203587535994,0.8954510263440938,0.439386048433594,0.999987547004426,False,False,False
Ptpn2,-0.01838908910980633,0.9380563495847658,2.00112255236517,0.999987547004426,False,False,False
Cep192,0.0541355702447172,0.8475596346064576,-0.321738883142849,0.999987547004426,False,False,False
Ldlrad4,0.46959954502360246,0.2354984295997961,0.642904977303286,0.999987547004426,False,False,False
Setbp1,-1.5666980888622182,0.0003416795741003476,-0.173437981503557,0.999987547004426,True,False,False
Me2,-0.026563754021101196,0.8934949132764534,-0.419003568775196,0.999987547004426,False,False,False
Mapk4,-1.584341812966288,0.03008088733583389,-1.14004772932522,0.999987547004426,True,False,False
Cxxc1,-0.0963855391034101,0.6612837741737704,-0.157486733167647,0.999987547004426,False,False,False
Mbd1,0.15216458538886743,0.44150999825733434,-0.279807528517545,0.999987547004426,False,False,False
Smad2,0.1035031864027458,0.5579286397561746,-0.384181353564408,0.999987547004426,False,False,False
Atp9b,-0.10986938160227656,0.6560678881686518,-0.252562780139614,0.999987547004426,False,False,False
Rbfa,0.1546821988385492,0.4740394054610907,-0.396562854904367,0.999987547004426,False,False,False
Pde6a,-1.1435712039491788,0.19540678050670882,-0.223928804111376,0.999987547004426,False,False,False
Csnk1a1,-0.06815048746808185,0.7190183672390755,0.265669624106499,0.999987547004426,False,False,False
Pcyox1l,-0.2239975826454063,0.5777873373496525,-0.0674592824647799,0.999987547004426,False,False,False
Grpel2,0.05767849110276445,0.8379518466502717,0.0273960594582432,0.999987547004426,False,False,False
Napg,-0.09364034545437003,0.6358613095163683,0.272440136164581,0.999987547004426,False,False,False
Fech,0.42388034543034475,0.001743822558009789,-0.0347709394932503,0.999987547004426,True,False,False
Nedd4l,0.06807014313340994,0.8139887989503775,0.513802776380661,0.999987547004426,False,False,False
Lmnb1,-0.19433962344496586,0.8172153314454853,0.612581944670594,0.999987547004426,False,False,False
C330018D20Rik,-0.43137243748572934,0.00627613956125798,-0.318675592191275,0.999987547004426,True,False,False
Prrc1,0.1752416483026566,0.3376848236496137,0.555338448070707,0.999987547004426,False,False,False
Slc12a2,-1.1988659076229704,2.223299664928522e-15,0.278592270100279,0.999987547004426,True,False,False
Isoc1,0.18992983884590128,0.10372971664917918,-0.587145108935089,0.999987547004426,False,False,False
Dctn4,0.0782543008075272,0.647321847330866,0.203976647349576,0.999987547004426,False,False,False
Rbm22,0.18488036462007998,0.27896154504837956,0.264584001036147,0.999987547004426,False,False,False
Rps14,-0.07380885688677456,0.7103837872291389,0.27459665938632,0.999987547004426,False,False,False
Cd74,0.07998327407731096,0.6609838391615671,0.225874954000418,0.999987547004426,False,False,False
Tcof1,0.1706760958098035,0.38751205300648595,0.470099775159186,0.999987547004426,False,False,False
Tmx3,0.09781922962256716,0.6215763264713736,0.154072589486404,0.999987547004426,False,False,False
Camk2a,-0.011034871587102075,0.9852199985776535,-1.32386491771496,0.999987547004426,False,False,False
Pdgfrb,1.6294364278223479,0.02072566702945584,-1.07208813049956,0.999987547004426,True,False,False
Csf1r,1.6173123597435994,4.937959669362774e-63,-0.67736981551871,0.999987547004426,True,False,False
Hmgxb3,0.3228654150243893,0.12724355163938528,-0.0306514386802315,0.999987547004426,False,False,False
Gnaq,-0.2813116091570485,0.13262878084976992,0.676307479292201,0.999987547004426,False,False,False
Psat1,0.11693373761707856,0.6457616378754317,0.281468921965946,0.999987547004426,False,False,False
Tle4,0.040525848904363476,0.8888894485436352,1.17422074975319,0.999987547004426,False,False,False
Cndp2,0.12767959519282093,0.391752188123827,-0.210382642879331,0.999987547004426,False,False,False
Timm21,0.06247560685113964,0.7793956758800936,-0.151353286198841,0.999987547004426,False,False,False
Asrgl1,0.13017464375818055,0.43998320661654566,-0.43284693925116,0.999987547004426,False,False,False
Anxa1,-0.3734693349899216,0.009963470208849327,-0.582230067350139,0.999987547004426,True,False,False
Incenp,-0.33171012086043766,0.12565960803495582,-0.187373259728806,0.999987547004426,False,False,False
Rab3il1,1.011476538007403,9.14149036711448e-07,-0.452025748602021,0.999987547004426,True,False,False
Fads2,-0.5920389826452223,0.5251708981133513,-0.691704595535741,0.999987547004426,False,False,False
Tmem138,-0.34036067064775116,0.13495928208626642,0.193835558739009,0.999987547004426,False,False,False
Tmem216,-0.2715799474458686,0.3226191673828183,-0.118954537094595,0.999987547004426,False,False,False
Cd5,-0.6733153562014258,0.0002234950936727767,-0.334769532485392,0.999987547004426,True,False,False
Cd6,1.1242500420044872,0.0008890718752048893,-0.285380706452529,0.999987547004426,True,False,False
Ms4a7,0.0413102686228881,0.9068657490525845,-1.0909839004829,0.999987547004426,False,False,False
Ms4a1,-1.0904522680259203,3.163712260578443e-14,-0.224690514862251,0.999987547004426,True,False,False
Ms4a4c,-0.11329495227110946,0.4048048659659791,0.267590453653167,0.999987547004426,False,False,False
Ms4a6b,0.07107912791129622,0.6443004267207697,0.314112784327807,0.999987547004426,False,False,False
Ms4a6d,1.155573289445721,8.731938343093532e-13,-0.679596287569768,0.999987547004426,True,False,False
Mrpl16,-0.1686881566677636,0.30096649496606726,-0.494005877905364,0.999987547004426,False,False,False
Osbp,-0.020139472067913146,0.9446828899320698,0.626642388442256,0.999987547004426,False,False,False
Fam111a,0.11328012492236782,0.5002976060252422,-0.223427552182335,0.999987547004426,False,False,False
Lpxn,-0.05188538929081715,0.8043076606440447,0.316232741087204,0.999987547004426,False,False,False
Rfk,0.11507453248232231,0.47025916731645956,-0.138675527975663,0.999987547004426,False,False,False
Ostf1,0.02784479397232683,0.865903584365274,0.287221922762336,0.999987547004426,False,False,False
Carnmt1,-0.008333237650157763,0.9725869923464415,-0.167036325762046,0.999987547004426,False,False,False
Ccdc86,0.18558315072025205,0.3093215395842871,0.63059276403328,0.999987547004426,False,False,False
Prpf19,0.3151834516236893,0.110655944289078,-0.136149600831712,0.999987547004426,False,False,False
Tmem132a,0.11516077980082647,0.6809312673413006,0.271559386833307,0.999987547004426,False,False,False
Ddb1,0.0256351927005484,0.9251933681940734,-0.309722779121773,0.999987547004426,False,False,False
Fen1,0.02463638777573543,0.9226663457067261,-0.0786986515968158,0.999987547004426,False,False,False
Zfand5,0.06012979989108547,0.7993054396921837,0.825869734187637,0.999987547004426,False,False,False
Cemip2,-0.2906431407398615,0.47643723381827685,0.305224656182677,0.999987547004426,False,False,False
Rtn3,0.3812419787744045,0.0010626689577713398,-0.18595089763896,0.999987547004426,True,False,False
Atl3,-0.009317570022571659,0.9724611350867454,-0.0139549534430223,0.999987547004426,False,False,False
Naa40,0.07006764927983944,0.7427419649870515,-0.479195762530789,0.999987547004426,False,False,False
Otub1,0.1455351787730785,0.2981825659028103,-0.284050467795633,0.999987547004426,False,False,False
Ehd1,0.564486530709353,0.0008766336102364751,-0.262311088355617,0.999987547004426,True,False,False
Atg2a,0.26937649063745295,0.27827690643862174,-0.295508138405293,0.999987547004426,False,False,False
Stambpl1,0.2654534605571532,0.26450773663150656,0.222319696125186,0.999987547004426,False,False,False
Ppp2r5b,0.3561698707984309,0.47025916731645956,-0.333925937486595,0.999987547004426,False,False,False
Fas,0.5298131233050747,0.013291872750929077,-0.406664603688297,0.999987547004426,True,False,False
Cdc37l1,-0.22838119835371776,0.12856540741824346,0.0860165991210344,0.999987547004426,False,False,False
Lipa,-0.014439534054233615,0.9415669815928047,0.422719506123324,0.999987547004426,False,False,False
Ak3,0.21205877003969628,0.2314939802732104,-0.143617772114507,0.999987547004426,False,False,False
Snx15,-0.03731665324897174,0.9038772954863422,-0.204567529192004,0.999987547004426,False,False,False
Jak2,-0.30154057326757266,0.03992783517348403,-0.362682194748858,0.999987547004426,True,False,False
Sac3d1,0.2546495024816106,0.25269538100509786,-0.211433729753394,0.999987547004426,False,False,False
Cdca5,-0.4839173111184626,0.014374545948965981,-0.186680688126109,0.999987547004426,True,False,False
Kif20b,-0.3739455389645565,0.04248346033279739,-0.0602918499798184,0.999987547004426,True,False,False
Vps51,0.017214302000848797,0.9459095749972027,-0.266233095673389,0.999987547004426,False,False,False
Htr7,0.5574694215955283,0.2762268310943759,0.876266152936355,0.999987547004426,False,False,False
Tm7sf2,0.10009575516934076,0.8522563416774248,-0.180966770264322,0.999987547004426,False,False,False
Rpp30,0.31212830254875584,0.03903433146639371,0.583208839860556,0.999987547004426,True,False,False
Pcgf5,-0.0006740705807217103,0.9968028550036951,-0.070588361914389,0.999987547004426,False,False,False
Syvn1,0.09112795933242568,0.702662662712368,-0.0784677519039887,0.999987547004426,False,False,False
Tnks2,-0.06289107289316437,0.7331563563104613,0.35884470550297,0.999987547004426,False,False,False
Tjp2,0.033722888762196236,0.9260815477416555,-0.0749098540483999,0.999987547004426,False,False,False
Frmd8,0.22723442006119457,0.13556958389751886,-0.242821519592218,0.999987547004426,False,False,False
Uhrf2,0.10160893758776073,0.5341479327928675,-0.0653737644236525,0.999987547004426,False,False,False
Slc25a45,-0.12037210130400769,0.5167495808561408,-0.11251514060237,0.999987547004426,False,False,False
Rad9a,-0.16808372101448907,0.47844439290342566,-0.208627661848376,0.999987547004426,False,False,False
Rps6kb2,0.13157480447773162,0.5379906266238106,-0.232729577423364,0.999987547004426,False,False,False
Ighmbp2,-0.48252487130093313,0.08131242219126993,-0.277590680085036,0.999987547004426,False,False,False
Pola2,-0.13685618164175992,0.4991157491055818,-0.546825342311694,0.999987547004426,False,False,False
Coro1b,0.14664362247244603,0.21177103295468583,-0.300272175952451,0.999987547004426,False,False,False
Eif1ad,-0.22493646632370926,0.09834879426446276,-0.187805554678574,0.999987547004426,False,False,False
Chka,0.43222215670930253,7.943572181259045e-05,-0.186618217036592,0.999987547004426,True,False,False
Cst6,0.02419009556068787,0.9849068354904345,-0.224608910861034,0.999987547004426,False,False,False
Aip,-0.10075396767426574,0.5194798599701287,-0.734744593314506,0.999987547004426,False,False,False
Pitpnm1,0.4627271036920942,0.00824712456726057,-0.193428769039362,0.999987547004426,True,False,False
Sf3b2,0.0055239879747641385,0.9804023950109778,-0.423608531706293,0.999987547004426,False,False,False
Pold4,-0.07350854650434492,0.7521552688925753,-0.117792034825733,0.999987547004426,False,False,False
Pacs1,0.08473660388776597,0.7611481360574224,-0.321821953186225,0.999987547004426,False,False,False
Cdk2ap2,0.5864528951946377,2.496164625051067e-10,-0.182731485123314,0.999987547004426,True,False,False
Grk2,0.07543792852725126,0.6697737629488614,-0.504070277848458,0.999987547004426,False,False,False
Rab1b,0.2160663623641938,0.08468817913086064,-0.376126689855087,0.999987547004426,False,False,False
Yif1a,0.3201584645509924,0.01501441784376236,-0.248116812004688,0.999987547004426,True,False,False
Aldh3b1,0.44985072280144045,0.07831277677888801,-0.561873534552944,0.999987547004426,False,False,False
Asah2,-0.6669306128042647,0.23904930582011114,-0.585149884575777,0.999987547004426,False,False,False
Rce1,0.22860464046727885,0.22436619147752912,-0.257913659424383,0.999987547004426,False,False,False
Slc29a2,0.2077987457215299,0.6415040688529493,-0.0156640134810679,0.999987547004426,False,False,False
Pcx,-0.5035876865925182,0.5048238096035125,-0.102369724643209,0.999987547004426,False,False,False
Apba1,0.6622899123019609,0.04955601001664326,0.042999525807482,0.999987547004426,True,False,False
Papss2,0.4688350539944872,0.012671143155900634,-0.419241494167545,0.999987547004426,True,False,False
Cpt1a,0.15373740931262897,0.5797648427561626,-0.29051881598462,0.999987547004426,False,False,False
Mrpl11,-0.0751572813034893,0.697912133930832,-0.280675215690319,0.999987547004426,False,False,False
Tesmin,0.6168868629898805,0.45355660182996477,-0.0539651049212209,0.999987547004426,False,False,False
Mus81,-0.16576071529964387,0.48824611189788414,-0.0408117590869237,0.999987547004426,False,False,False
Gal,0.5813995772316668,0.6049205230104733,-0.556214121710659,0.999987547004426,False,False,False
Efemp2,0.18799482278110022,0.7878659741562295,-0.804869658974936,0.999987547004426,False,False,False
Fibp,0.07457017166292262,0.6662865145619192,-0.460283802236159,0.999987547004426,False,False,False
Fosl1,0.8327164885927154,0.3935323252912801,0.041318127413482,0.999987547004426,False,False,False
Lrp5,-0.0951812589554743,0.8707690227311733,-0.17920995200067,0.999987547004426,False,False,False
Drap1,0.5185815793054209,5.893214626478668e-06,-0.227331447274852,0.999987547004426,True,False,False
Smarca2,-0.503395042983686,7.686006559171211e-07,0.166525536837245,0.999987547004426,True,False,False
Rnaseh2c,0.19179306813121844,0.27456175304213326,0.255514373155376,0.999987547004426,False,False,False
Kat5,0.22452395660225638,0.38242870723652334,-0.254387614414654,0.999987547004426,False,False,False
Rela,0.26735209752730366,0.027328784907419253,0.32290966862437,0.999987547004426,True,False,False
Ehbp1l1,0.07181719679427077,0.6791774258224789,-0.336528156177554,0.999987547004426,False,False,False
Fam89b,0.03937650424233718,0.8670973472757785,-0.106588636565999,0.999987547004426,False,False,False
Ltbp3,1.2216049898450652,0.12422975145521274,-0.703379682717432,0.999987547004426,False,False,False
Scyl1,0.3422776285783236,0.05191701884659571,-0.277605701611829,0.999987547004426,False,False,False
Capn1,0.4398714282530091,0.034903294297373724,-0.408519153156472,0.999987547004426,True,False,False
Smc5,0.02977224920123025,0.9229348053929266,0.330639411644559,0.999987547004426,False,False,False
Men1,0.28050171638007354,0.3504820442800036,-0.137021152572266,0.999987547004426,False,False,False
Map4k2,-0.2627977903751786,0.27869058993618595,-0.161200881791177,0.999987547004426,False,False,False
Sf1,0.09026891810852035,0.602419591058483,0.0516438952902405,0.999987547004426,False,False,False
Gpr137,0.14903103168950538,0.5429356854126057,-0.241980001636364,0.999987547004426,False,False,False
Vegfb,0.6864593752294091,0.0010373209231163106,-0.395125897633875,0.999987547004426,True,False,False
Dnajc4,0.16871402558823337,0.3469859818926032,0.031867764582441,0.999987547004426,False,False,False
Fermt3,0.1836214229881006,0.1846500265033969,-0.24293308482795,0.999987547004426,False,False,False
Stip1,0.187829699067163,0.24415177317659983,-0.204336141633513,0.999987547004426,False,False,False
Mark2,0.16578204901864002,0.3716859886894976,-0.313695242903585,0.999987547004426,False,False,False
Spindoc,-0.12342224255526398,0.6892827888684521,-0.158960857937775,0.999987547004426,False,False,False
Smc3,-0.14424210816297175,0.2978626336199481,0.12130870922228,0.999987547004426,False,False,False
Pdcd4,-0.2283572488661586,0.6761175502338667,0.820112301025614,0.999987547004426,False,False,False
Shoc2,0.17965956103781125,0.29063543753219573,-0.305387535835599,0.999987547004426,False,False,False
Acsl5,-0.10958520251410342,0.5150333672210103,-0.0751451892161086,0.999987547004426,False,False,False
Zdhhc6,-0.042410031043954355,0.8380936709102181,0.806100153939463,0.999987547004426,False,False,False
Vti1a,-0.2405189252181773,0.1348345805069047,-0.100043006069567,0.999987547004426,False,False,False
Tcf7l2,-0.2612617452020813,0.2905955540451556,0.839211175112821,0.999987547004426,False,False,False
Hhex,-0.06538286856935582,0.7702936514828824,-0.185202105400012,0.999987547004426,False,False,False
Cep55,-0.39209129323913766,0.0674914239733666,-0.10222004416703,0.999987547004426,False,False,False
Eif3a,-0.1726700420011203,0.18587839917513335,0.0544539799784634,0.999987547004426,False,False,False
Dennd10,0.15895089429903206,0.36345424591206427,-0.313254801034061,0.999987547004426,False,False,False
Prdx3,0.11980951284962117,0.3956673221290068,-0.380495071192863,0.999987547004426,False,False,False
Noc3l,-0.18713526175748216,0.6179190728232545,-0.022000569337628,0.999987547004426,False,False,False
Hells,-0.3384023700587034,0.05213340759433039,-0.418019732668934,0.999987547004426,False,False,False
Sorbs1,-0.2549037682104808,0.590807241713602,0.578758980064026,0.999987547004426,False,False,False
Aldh18a1,-0.003722043276504339,0.9920311139317715,0.101384308221141,0.999987547004426,False,False,False
Ccnj,0.03305076183374268,0.9713449440695224,-0.0027135279807328,0.999987547004426,False,False,False
Tm9sf3,0.15282305251191786,0.2705059905722903,0.567535113778949,0.999987547004426,False,False,False
Pik3ap1,-0.35125877808006184,0.004498761246668889,-0.920082612198474,0.999987547004426,True,False,False
Lcor,-0.36073283203281525,0.042094726133159475,0.374822591840933,0.999987547004426,True,False,False
Smndc1,-0.009914474143438082,0.9665953035677323,-0.0157643526067748,0.999987547004426,False,False,False
Mxi1,0.607337810442896,9.03254762446774e-05,0.309240817813253,0.999987547004426,True,False,False
Add3,-0.04523748544294852,0.8480526107694114,-0.209525246624978,0.999987547004426,False,False,False
Xpnpep1,0.06074842621297837,0.7706080944543638,-0.0944772208649951,0.999987547004426,False,False,False
Trim8,0.1085880971744105,0.6415040688529493,-0.304709654872421,0.999987547004426,False,False,False
Sfxn2,-0.028614334225876566,0.9106777964686167,-0.187738183034451,0.999987547004426,False,False,False
Maoa,0.7870424945200872,0.03872243569598607,0.0305819823339943,0.999987547004426,True,False,False
Fundc1,-0.1648613339935174,0.18644451486177138,0.550545461155425,0.999987547004426,False,False,False
Msr1,2.020900564889358,3.669190449740368e-33,0.487261859078674,0.999987547004426,True,False,False
Pdcd11,0.039359140008300195,0.8973122673093366,0.0450568331298022,0.999987547004426,False,False,False
Taf5,0.15682841457995578,0.6114911038544997,0.0974726575781943,0.999987547004426,False,False,False
Pcgf6,-0.05050012681095425,0.8919305080753869,0.267250190092817,0.999987547004426,False,False,False
Tasl,-0.09939101629843002,0.5347136339441637,0.0061563660078523,0.999987547004426,False,False,False
Gk,0.3591955416366101,0.08668480986651743,-0.185575901388086,0.999987547004426,False,False,False
Slk,0.1517685793218692,0.3345134482398089,-0.51272696264337,0.999987547004426,False,False,False
Col17a1,-1.5714999947891943,9.1953245060204e-05,0.588123892717128,0.999987547004426,True,False,False
Sfr1,0.27910396708361934,0.01974609654209682,-0.248691667900179,0.999987547004426,True,False,False
Gsto1,0.3713954766476076,0.000294319401827271,0.189812999956532,0.999987547004426,True,False,False
Casp7,-0.12343361182501195,0.6116626373826486,0.320446390024307,0.999987547004426,False,False,False
Nhlrc2,-0.15286785360710975,0.45765277950677635,0.708198466637803,0.999987547004426,False,False,False
Ablim1,0.1966163212768946,0.8281259039151597,-0.190408626298572,0.999987547004426,False,False,False
Trub1,0.24016281004745618,0.37083245697621064,-0.0561963234605392,0.999987547004426,False,False,False
Slc18a2,0.4994319627128143,0.31654416269740954,-0.592976220021716,0.999987547004426,False,False,False
3110040N11Rik,-0.16304758420436735,0.3995891571335837,-0.0032478059731611,0.999987547004426,False,False,False
Btbd1,0.15570998382732884,0.33112437862785704,-0.111397048795674,0.999987547004426,False,False,False
P4hb,0.3409520589888428,0.006232383034861023,-0.0793770245989105,0.999987547004426,True,False,False
Arhgdia,0.06813777584656001,0.6250261461994453,0.175361291242147,0.999987547004426,False,False,False
Ints4,-0.01964244817899235,0.9353586387570755,-0.301589692292556,0.999987547004426,False,False,False
Anapc11,-0.08922073957069196,0.65396862125001,-0.306865829369872,0.999987547004426,False,False,False
Pcyt2,-0.14859518344364595,0.33641488242645984,-0.387372574100533,0.999987547004426,False,False,False
Tollip,0.18541620463333702,0.27009693563424814,-0.461936468458842,0.999987547004426,False,False,False
Pycr1,-0.4186430672266241,0.576049960580805,-0.257280746061525,0.999987547004426,False,False,False
Aspscr1,0.3599061538819351,0.004362719252842731,-0.404945564432811,0.999987547004426,True,False,False
Lrrc45,0.15219525363377961,0.5614387688744453,-0.218493116708918,0.999987547004426,False,False,False
Mob2,-0.14749587532222158,0.38631690558657084,-0.206633774692357,0.999987547004426,False,False,False
Cbr2,0.09877103672290084,0.937550904634815,-0.490469414348888,0.999987547004426,False,False,False
Maged1,1.752427804355707,1.2705993039827405e-18,-0.353317085739898,0.999987547004426,True,False,False
Fasn,-0.25506152053562786,0.30751325540603647,-0.255655331263025,0.999987547004426,False,False,False
Arhgap19,0.1840890461310349,0.5699858474786309,-0.301348144413137,0.999987547004426,False,False,False
Dus1l,-0.031668580297803284,0.9104585378158054,-0.776690916656566,0.999987547004426,False,False,False
Rfng,0.2189111781834712,0.32982874616718866,-0.513774115329154,0.999987547004426,False,False,False
Mms19,-0.08267768691713973,0.7339184364273651,-0.15132634139195,0.999987547004426,False,False,False
Slc16a3,1.796811021935278,5.036772357702777e-37,-0.717234769351024,0.999987547004426,True,False,False
Cd7,-0.46179154422727386,0.007587533638387862,-0.668473898641823,0.999987547004426,True,False,False
Ubtd1,0.9753049259577591,0.0003699660088480139,-0.594645110425965,0.999987547004426,True,False,False
Wdr45b,0.14429697366746977,0.38341721999364153,-0.359443414780521,0.999987547004426,False,False,False
Pi4k2a,0.32177171086142814,0.029740900241741957,0.370814554421947,0.999987547004426,True,False,False
R3hcc1l,-0.1552787521872421,0.45161275641852955,-0.183515203857652,0.999987547004426,False,False,False
Hps1,0.11909023268985983,0.5529010518783766,-0.0526441911315843,0.999987547004426,False,False,False
Got1,0.810709584952793,4.289515636372953e-06,0.326538744503809,0.999987547004426,True,False,False
Entpd7,0.1782140974575455,0.49387692127687793,-0.167689156469086,0.999987547004426,False,False,False
Abcc2,0.13105377612767233,0.8896226000506368,-0.400026161716823,0.999987547004426,False,False,False
Dnmbp,-0.2798699565213101,0.2893608309924889,-0.511833640424377,0.999987547004426,False,False,False
Cpn1,-0.1599713332206044,0.8012979495097302,0.233087976456897,0.999987547004426,False,False,False
Erlin1,0.07759796218793481,0.6918085976917987,0.390054512668009,0.999987547004426,False,False,False
Chuk,-0.3625263953164727,0.0003762307377620093,-0.231586771145162,0.999987547004426,True,False,False
Cwf19l1,-0.3095278244359631,0.13888386525973775,0.0947776373600355,0.999987547004426,False,False,False
Scd2,0.16149216861120855,0.4526066914839464,-0.634639630009504,0.999987547004426,False,False,False
Mrpl43,0.07629524134581839,0.6730317819757595,-0.490643380081259,0.999987547004426,False,False,False
Sfxn3,0.4722581011067811,0.0007516720498671638,0.278334408509095,0.999987547004426,True,False,False
Btrc,-0.20552793464611518,0.3215373756911082,0.047863144049396,0.999987547004426,False,False,False
Oga,-0.13203376174129952,0.41960710936576756,-0.124980454892347,0.999987547004426,False,False,False
Ldb1,0.155552003158486,0.42965436539810176,-0.393205279938877,0.999987547004426,False,False,False
Nfkb2,0.3314472037384916,0.004166003930969554,-0.222915072495979,0.999987547004426,True,False,False
Sufu,-0.31145464491829283,0.216620631719014,-0.428257537177258,0.999987547004426,False,False,False
Arih1,0.21125120767403388,0.15740631224902085,-0.0935211544261669,0.999987547004426,False,False,False
Bbs4,-0.11445012073127091,0.7670397455180745,-0.598499190076407,0.999987547004426,False,False,False
Adpgk,0.15258537244806308,0.5315133379746999,0.264542496299479,0.999987547004426,False,False,False
Parp6,-0.1885754778048091,0.4706079948244928,-0.176990132746027,0.999987547004426,False,False,False
Limd1,-0.052037465348575875,0.7693350068227236,-0.403325764001988,0.999987547004426,False,False,False
Sacm1l,0.30515589798075937,0.02609876438737811,-0.144893224107934,0.999987547004426,True,False,False
Fyco1,-0.3671577481127391,0.02477149428324961,-0.422746787221495,0.999987547004426,True,False,False
Slc6a20b,-0.6721982979539295,0.14730095900751497,-0.249419695988617,0.999987547004426,False,False,False
Lztfl1,0.24362232939749953,0.1454662921123844,-0.443282375115697,0.999987547004426,False,False,False
Tbl1x,-0.03435789792473494,0.8898033470845894,0.0051566017082969,0.999987547004426,False,False,False
Ribc1,-0.35010066521260863,0.6564588195854048,0.0621230225850029,0.999987547004426,False,False,False
Hsd17b10,0.31115549524407504,0.040400871778610244,-0.268014317155314,0.999987547004426,True,False,False
Huwe1,-0.35190467194235175,0.02198925248642141,-0.129067468915142,0.999987547004426,True,False,False
Fam120c,-0.1095488857999189,0.8732744909699887,0.176689908019726,0.999987547004426,False,False,False
Tsr2,-0.36075011589336725,0.026582930361603405,0.170413943894317,0.999987547004426,True,False,False
Gnl3l,-0.22861988489555707,0.22942066535517955,-0.0265720814633044,0.999987547004426,False,False,False
Alas2,-0.34455562577765986,0.0793510531292687,0.45153457448153,0.999987547004426,False,False,False
Pfkfb1,-0.5393148524881909,0.4008751760383229,-0.364366909440011,0.999987547004426,False,False,False
Abhd6,0.040547028068693466,0.8346284506811321,0.0004555447211247,0.999987547004426,False,False,False
Flnb,-0.4543143032088204,0.0004632712233788227,-0.258590155747245,0.999987547004426,True,False,False
Dnase1l3,-0.3120411447076456,0.01603320369166927,-0.156260564744944,0.999987547004426,True,False,False
Sat1,-0.282820734226994,0.034336515522074215,-0.151040496881416,0.999987547004426,True,False,False
Acot9,0.18385599984199624,0.17153512823695416,-0.314610696117388,0.999987547004426,False,False,False
Prdx4,0.08465142806765742,0.7146203212623047,-0.393480681902404,0.999987547004426,False,False,False
Rps24,-0.23286248403982565,0.1449843513572123,-0.181018500846532,0.999987547004426,False,False,False
Ptprj,-0.5934483111366662,2.5056270919915322e-05,0.40627891879373,0.999987547004426,True,False,False
Banp,-0.38381462568881586,0.01159600986327619,-0.205601435067288,0.999987547004426,True,False,False
Car5a,-0.8743593362592259,0.3337562091077934,-0.171962085752485,0.999987547004426,False,False,False
Atp10a,0.751651454261181,0.36110654430993927,-0.482287239697238,0.999987547004426,False,False,False
Kdm5c,-0.03945225805294208,0.8935571578943615,0.346487020415871,0.999987547004426,False,False,False
Sbds,-0.04192250481827652,0.8391007165323134,-0.0055577029461533,0.999987547004426,False,False,False
Itga7,-0.4058890262698409,0.5407450932731949,-0.670399932882358,0.999987547004426,False,False,False
Rdh5,0.38790146292019156,0.5374328734463995,-0.329022452013408,0.999987547004426,False,False,False
Cd63,0.9156902824390001,3.664485238603863e-12,-0.688935691763171,0.999987547004426,True,False,False
Gdf11,-0.4114276630993142,0.6883982394539078,0.392800243329567,0.999987547004426,False,False,False
Ormdl2,0.17899056587666123,0.21653584924511618,-0.116176626016907,0.999987547004426,False,False,False
Mmp19,0.5330910640097489,0.1348345805069047,0.191759809712474,0.999987547004426,False,False,False
Cdk2,0.08622340946067211,0.6573149687012937,-0.580701559186932,0.999987547004426,False,False,False
Rps26,-0.07532698831150847,0.7855120745706428,-0.229641378916781,0.999987547004426,False,False,False
Pa2g4,-0.1472370044136552,0.38095050885665577,-0.103434303436265,0.999987547004426,False,False,False
Esyt1,0.39975013928277836,0.004249855261916727,-0.138227160610347,0.999987547004426,True,False,False
Smarcc2,0.2156336706591562,0.17802977230688002,-0.39252080957114,0.999987547004426,False,False,False
Chmp6,-0.00489032094570563,0.9866642934350298,-0.663353123386861,0.999987547004426,False,False,False
Baiap2,0.2413890552716074,0.27869058993618595,-0.555833583535812,0.999987547004426,False,False,False
Rnf41,0.08394064471733366,0.6981118261107755,-0.265094578621098,0.999987547004426,False,False,False
Nabp2,-0.12548505738429552,0.4606247158721066,-0.199932462688054,0.999987547004426,False,False,False
Tepsin,-0.028789506034163612,0.9395869202614355,-0.335650256139904,0.999987547004426,False,False,False
Cnpy2,0.25662184474501387,0.06887667804812682,-0.106857760588899,0.999987547004426,False,False,False
Il23a,1.5052061740241751,0.4031444931180758,-0.163480390340236,0.999987547004426,False,False,False
Faap100,-0.11603183291488531,0.735015625756383,-0.535058019222294,0.999987547004426,False,False,False
Prim1,-0.2322451230504031,0.18720613417699408,0.152211142456133,0.999987547004426,False,False,False
Shmt2,0.13087398124278365,0.5980726281022407,-0.554447062136403,0.999987547004426,False,False,False
R3hdm2,-0.04283742911469396,0.897806307356436,-0.261915636216879,0.999987547004426,False,False,False
Ddit3,-0.2813006674602743,0.04275893122476458,-0.161852419106104,0.999987547004426,True,False,False
Mbd6,-0.3731199156923966,0.2784393856436701,-0.218715220114769,0.999987547004426,False,False,False
Dctn2,0.07168327295691486,0.6560678881686518,-0.246054432190908,0.999987547004426,False,False,False
Ttc4,-0.2196644294548889,0.24579025435359253,-0.381812254694229,0.999987547004426,False,False,False
Pip4k2c,-0.0645077303281678,0.8230382157583792,-0.665919648117354,0.999987547004426,False,False,False
Hdhd2,0.2889186689363365,0.05941391493369967,0.0613545085072049,0.999987547004426,False,False,False
Agap2,-0.9370689617308272,0.002372215182379951,-0.0995328873038615,0.999987547004426,True,False,False
Pias2,0.15422122943090885,0.5179508797055614,0.580772391779331,0.999987547004426,False,False,False
Atp23,0.400148319902231,0.23941571210229556,-0.324053756165543,0.999987547004426,False,False,False
Usp33,-0.052574956931624395,0.8361922353122294,-0.0947052116816725,0.999987547004426,False,False,False
Clns1a,0.17113841332063856,0.1796308048521936,-0.113973992030123,0.999987547004426,False,False,False
Paip1,-0.6249019959297539,0.6150100621339198,-0.354841816312878,0.999987547004426,False,False,False
Nnt,0.6208615002899026,0.0003914234365351998,-0.419838621599719,0.999987547004426,True,False,False
Echs1,0.04800643605678637,0.8123349757195056,-0.551503472037258,0.999987547004426,False,False,False
Fuom,0.4743298516535823,0.22042082278939534,-0.489131084551532,0.999987547004426,False,False,False
Zfp511,-0.010775694017235233,0.9635187094404463,-0.331601744006267,0.999987547004426,False,False,False
Adam8,-0.8281958646918213,7.276826476073852e-10,-0.552030218408419,0.999987547004426,True,False,False
Inpp5a,-0.08642848036233973,0.813618586725911,-0.907762222681288,0.999987547004426,False,False,False
Ric8a,0.14101849423289392,0.42004852850909175,-0.168594538742068,0.999987547004426,False,False,False
Sirt3,0.32692201805552545,0.19187912578838706,-0.398251851184608,0.999987547004426,False,False,False
Psmd13,0.17308608012899326,0.17572730782069496,-0.2438222382364,0.999987547004426,False,False,False
Ifitm5,0.42418904350750075,0.5772416574576942,0.119118343489264,0.999987547004426,False,False,False
Ifitm1,0.2936847164467826,0.10587191631583415,0.779812993407127,0.999987547004426,False,False,False
Irf7,0.16886686584891722,0.20784970822363757,-0.177139532369864,0.999987547004426,False,False,False
Taldo1,-0.09478430430992985,0.49922354172329025,-0.392813747805105,0.999987547004426,False,False,False
Pidd1,-0.29417591779714486,0.46146759705341783,-0.741484727390702,0.999987547004426,False,False,False
Pnpla2,0.30553493795022274,0.012226678677918526,-0.392242736964453,0.999987547004426,True,False,False
Cd151,-0.06368458520001248,0.9451630965454157,-0.435805178495269,0.999987547004426,False,False,False
Tspan4,1.1619896681257391,5.087725573444025e-13,-0.296221463661544,0.999987547004426,True,False,False
Chid1,0.19151517724856762,0.391228745038662,-0.123288958227544,0.999987547004426,False,False,False
Tmem192,0.20451448787635357,0.1456824703824666,-0.0514763387153607,0.999987547004426,False,False,False
Apool,0.02772800839537862,0.9106351821798189,0.0574029690858566,0.999987547004426,False,False,False
Chm,-0.22008793151876158,0.21811440762343584,0.326962737773386,0.999987547004426,False,False,False
Crcp,-0.1288181581005631,0.47217170008457765,0.292969237210164,0.999987547004426,False,False,False
Gusb,0.5308994165578267,2.065834500801763e-07,-0.464191514678295,0.999987547004426,True,False,False
Sumf2,0.2727425679425558,0.3174406312440379,-0.230058869050465,0.999987547004426,False,False,False
Tm9sf2,0.19350744869561698,0.1524840009052339,-0.011005615831011,0.999987547004426,False,False,False
Clybl,0.3519324058959216,0.11014640108558325,-0.223087904603449,0.999987547004426,False,False,False
Dock9,0.07617408482771407,0.9106351821798189,-0.937064625393139,0.999987547004426,False,False,False
Tnrc6c,-0.11523608404494169,0.6528511637671265,-0.540364307965992,0.999987547004426,False,False,False
6030468B19Rik,-0.722334035678479,0.03155202988991288,0.0186155077593497,0.999987547004426,True,False,False
Cbx2,0.1151446261905815,0.893692599334882,-0.47529568270411,0.999987547004426,False,False,False
Gaa,0.19848523044923885,0.259763072198258,-0.509487060166148,0.999987547004426,False,False,False
Eif4a3,0.15741935491696799,0.2200120012302149,-0.137187396994573,0.999987547004426,False,False,False
Rptor,-0.6477094498879773,0.002727131863184198,0.120969329482913,0.999987547004426,True,False,False
Tma16,-0.10549605108648502,0.7361584126547874,0.0931074952167803,0.999987547004426,False,False,False
Zfp202,-0.33637180510352976,0.5699964287754979,-0.143344529514883,0.999987547004426,False,False,False
Copg2,-0.04585959488314859,0.8362280816557206,-0.426752633355332,0.999987547004426,False,False,False
Mkln1,0.03741805334728974,0.8402060338485081,-0.496401032185894,0.999987547004426,False,False,False
Bach1,-0.33342241835519704,0.0674914239733666,0.34521028240433,0.999987547004426,False,False,False
Cct8,0.08199213268615367,0.6150597737672691,-0.466218189142971,0.999987547004426,False,False,False
Usp16,-0.09989221351573922,0.5576510241981946,0.0058215023039398,0.999987547004426,False,False,False
Phf6,0.0549947494500504,0.8058548885504718,-0.12621510994089,0.999987547004426,False,False,False
Ccdc51,-0.3856180218033457,0.18369611972167804,-0.57224856113459,0.999987547004426,False,False,False
Atrip,-0.09968410770972577,0.6910375003562812,-0.32030460693335,0.999987547004426,False,False,False
Shisa5,0.6260413667720215,1.5723622426190188e-09,-0.272606115018023,0.999987547004426,True,False,False
Pfkfb4,0.3066888933953682,0.09596882467593779,-0.508852109041832,0.999987547004426,False,False,False
Uqcrc1,0.20281299816851567,0.1387162349950705,-0.324416461864166,0.999987547004426,False,False,False
Arhgef9,-0.5638988755513885,0.6130845196527874,-0.761480436856053,0.999987547004426,False,False,False
Marchf8,0.40370969618774083,0.5171464091201846,-0.609977827478897,0.999987547004426,False,False,False
Wdr73,-0.33449804805399863,0.12274996734207909,-0.114143272597433,0.999987547004426,False,False,False
Nmb,0.30440385677887316,0.5230683360944154,0.434224861578503,0.999987547004426,False,False,False
Sec11a,0.02116569139751565,0.9155774554928162,-0.405602135588309,0.999987547004426,False,False,False
Pigq,-0.09782869413132869,0.6323702012913335,-0.342160782871019,0.999987547004426,False,False,False
Rab40c,-0.08252626078577974,0.7970927120827664,-0.150360840391903,0.999987547004426,False,False,False
Mettl26,0.12599364877574423,0.6083782082079074,-0.472351775602645,0.999987547004426,False,False,False
Mcrip2,1.2534224011148476,2.0059066364489533e-08,-0.789528942408116,0.999987547004426,True,False,False
Rhot2,-0.016072820640758916,0.9705352095024746,-0.594189034940702,0.999987547004426,False,False,False
Jmjd8,0.08163783112655933,0.7732229092931499,-0.475262595026118,0.999987547004426,False,False,False
Wdr24,-0.19524796031601346,0.4615090753301889,-0.444716092705383,0.999987547004426,False,False,False
Prps2,0.11339299204047959,0.5123578311674466,0.0563222271230908,0.999987547004426,False,False,False
Sdc3,0.9445978437509936,2.2885535727261335e-10,-0.912876253343126,0.999987547004426,True,False,False
Hadha,0.17591928740209883,0.27203749456594556,-0.18591617537613,0.999987547004426,False,False,False
Il6,0.8296731408079768,1.089649224963161e-05,-0.96279754901355,0.999987547004426,True,False,False
Tyms,-0.20574401440019413,0.1764355580295044,-0.441271554674739,0.999987547004426,False,False,False
Hspa4l,0.39218105231115735,0.21113366904130348,-0.0707478659063643,0.999987547004426,False,False,False
Plk4,-0.3251802375657433,0.1829144478676528,-0.250666113436907,0.999987547004426,False,False,False
Larp1b,0.05589440432310304,0.8513959437772282,0.0576032609497981,0.999987547004426,False,False,False
D3Ertd751e,-0.40186506562267654,0.0725013263675758,-0.176621431121141,0.999987547004426,False,False,False
Gdap1,-1.407449493126212,0.11057488651328455,0.384579155803933,0.999987547004426,False,False,False
Ly96,-0.020955174978535086,0.9438638467210279,0.0742472214366634,0.999987547004426,False,False,False
Itih5,0.2443086784221511,0.7844482693526236,-0.100961009730782,0.999987547004426,False,False,False
Zdhhc3,0.10544460457257628,0.577909959362662,-0.436469540359023,0.999987547004426,False,False,False
Slco3a1,1.1117003873588696,1.4981060683861525e-05,-0.481155355282282,0.999987547004426,True,False,False
Pgm1,0.35589903814443413,0.1265835255307009,0.0285045457119466,0.999987547004426,False,False,False
Slc25a10,0.7347574977141571,2.3858401525896573e-07,-0.390073552768513,0.999987547004426,True,False,False
Rpl14,-0.1603084475315305,0.3131921843566795,-0.424274466292588,0.999987547004426,False,False,False
Rassf3,0.34054385334989634,0.012422838524760798,0.284591809256526,0.999987547004426,True,False,False
Ccr1,0.1548003390269705,0.7875349247762187,-0.233109429639264,0.999987547004426,False,False,False
Itgb1,0.06964460852756693,0.6967007713089745,0.48865092729208,0.999987547004426,False,False,False
Nrp1,-0.72606993791363,0.0001577526898301288,-0.0867491989962632,0.999987547004426,True,False,False
Dhtkd1,-0.3113176574304272,0.5777873373496525,0.341373199566522,0.999987547004426,False,False,False
Sec61a2,0.3492909974566176,0.09724991275297505,-0.335257174185679,0.999987547004426,False,False,False
Zfp282,-0.007359605106791208,0.9876448861788849,-0.0934590201329817,0.999987547004426,False,False,False
Pdia4,0.4352914620256796,0.0014969804402779798,-0.17317821014691,0.999987547004426,True,False,False
Iscu,0.15516035524483543,0.18963898602381749,-0.510470030832429,0.999987547004426,False,False,False
Prkar1b,1.3104626785472298,0.03635982820150849,-0.252184595438967,0.999987547004426,True,False,False
Get4,0.19537759259992962,0.17450552311962755,-0.174577156255304,0.999987547004426,False,False,False
Xiap,-0.29560249921040926,0.07771572133976186,0.379841630896035,0.999987547004426,False,False,False
Cplx2,-0.8009553936242234,0.32872129213720186,-0.197238015814544,0.999987547004426,False,False,False
Nop16,0.1343426303182745,0.4154068105479547,-0.37569525483181,0.999987547004426,False,False,False
Arl10,-0.0003316235304994739,0.9986381152428845,-0.569635726263136,0.999987547004426,False,False,False
4833439L19Rik,0.3884384672516529,0.0015803387452270686,-0.231202282612975,0.999987547004426,True,False,False
Thoc3,-0.0928565354216745,0.6436121193978368,0.453521534156358,0.999987547004426,False,False,False
Faf2,0.0990015258447508,0.5939513774678843,-0.203569348307869,0.999987547004426,False,False,False
Tspan17,1.8649922038216393,2.3224201953768282e-17,-0.86266194636912,0.999987547004426,True,False,False
Hk3,-0.01639086782351849,0.9762937312157187,-0.432980154684413,0.999987547004426,False,False,False
Uimc1,-0.062162663774244634,0.7482204490228769,-0.377247519048062,0.999987547004426,False,False,False
Smad7,0.03354066398766251,0.9025164993182582,0.11172312331607,0.999987547004426,False,False,False
Myo5b,0.3779462239348878,0.7232923833619375,-1.77629897633833,0.999987547004426,False,False,False
Kbtbd3,-0.04326994881445091,0.893936189422312,0.100120236371048,0.999987547004426,False,False,False
Cwf19l2,-0.23901734239270467,0.21436089250470505,0.14144543961926,0.999987547004426,False,False,False
Alkbh8,0.11420719672155683,0.6435147522255387,0.0636554330597381,0.999987547004426,False,False,False
Lypla1,-0.03008279604950599,0.875695288222595,-0.0297674917281388,0.999987547004426,False,False,False
Rb1cc1,-0.18074223873632603,0.2522006540988596,0.0584916656558292,0.999987547004426,False,False,False
Sgk3,0.058151039908156246,0.7617712798230221,0.397842821935384,0.999987547004426,False,False,False
Cops5,0.06161222409180434,0.7338248123964121,-0.117645354159039,0.999987547004426,False,False,False
Stau2,-0.3141738049262779,0.1170702426772674,-0.546228584295163,0.999987547004426,False,False,False
Rdh10,-0.1655550705901307,0.6721563403060608,-0.0335982607933172,0.999987547004426,False,False,False
Terf1,0.029664685716055347,0.9116369920499372,-0.0724774198088962,0.999987547004426,False,False,False
Paqr8,0.008300290257568208,0.9881644754127993,-0.464743010100038,0.999987547004426,False,False,False
Tmem14a,0.12059018854532867,0.6962846443179888,-0.313946647844097,0.999987547004426,False,False,False
Gsta3,0.5210911078809556,0.2468543983146488,0.66319935080606,0.999987547004426,False,False,False
Tram1,0.19012478629820934,0.14291202273423562,0.158044690375236,0.999987547004426,False,False,False
Lactb2,0.19271877304651885,0.3885528623602722,-0.720739611468642,0.999987547004426,False,False,False
Slco5a1,-0.11066518606274563,0.7440104864639855,-0.840041035694672,0.999987547004426,False,False,False
Ube2w,0.054121789623980524,0.7620345516631871,-0.563609391042519,0.999987547004426,False,False,False
Tmem70,-0.2383757132952041,0.15375168335233963,-0.125047405261756,0.999987547004426,False,False,False
Pikfyve,0.09047597134637035,0.7440104864639855,0.299260869566796,0.999987547004426,False,False,False
Idh1,1.4585470652927257,1.3748313711033013e-18,-1.0455915947685,0.999987547004426,True,False,False
Mettl21a,0.08595825326705145,0.7463182019369935,-0.214769462123325,0.999987547004426,False,False,False
Creb1,-0.24627280417623437,0.08954528513586446,-0.0581252288826146,0.999987547004426,False,False,False
Klf7,-0.20710098944293745,0.3407316393247132,0.154517360429133,0.999987547004426,False,False,False
Fastkd2,0.23563297455186055,0.23323340122934316,0.176224324217432,0.999987547004426,False,False,False
Adam23,-0.7177195631919335,7.253422504579236e-12,0.621981712128807,0.999987547004426,True,False,False
Eef1b2,-0.061661000542640336,0.7338291869989896,0.0457943853686897,0.999987547004426,False,False,False
Nrp2,0.8913168627579647,0.004808425636135642,-0.41377087789304,0.999987547004426,True,False,False
Maip1,-0.19491423461979757,0.2829015698464624,-0.490688321707946,0.999987547004426,False,False,False
Boll,0.5150656244080998,0.5555360428270117,-0.388409033788967,0.999987547004426,False,False,False
Rftn2,-0.25101268120833703,0.7667938844529154,0.204266346480944,0.999987547004426,False,False,False
Mob4,0.15690663993970788,0.2283151495597915,-0.31947000950894,0.999987547004426,False,False,False
Coq10b,0.30620751894933695,0.07047941316947513,0.302103950351727,0.999987547004426,False,False,False
Sf3b1,-0.30877836453885593,0.025058457345244197,-0.0837643816901039,0.999987547004426,True,False,False
Slc39a10,-0.2003284111888699,0.4110545113797171,0.26657797815063,0.999987547004426,False,False,False
Wdr75,-0.06553143897528632,0.7747940416378998,0.114892328328112,0.999987547004426,False,False,False
Ikzf2,0.6782659476279348,0.2826257412431958,0.121488441663278,0.999987547004426,False,False,False
Lancl1,0.24166161330665206,0.0953407156349799,0.0175917581243343,0.999987547004426,False,False,False
Acadl,0.14716270020758565,0.3091936834775794,-0.0585987378664194,0.999987547004426,False,False,False
Kansl1l,0.21042868364695452,0.3683370888553346,0.0964849296598516,0.999987547004426,False,False,False
Rpe,0.00469768920190166,0.9831636975666895,-0.119305471761727,0.999987547004426,False,False,False
Icos,-0.3504681443043951,0.02807817346385169,-0.321734835410497,0.999987547004426,True,False,False
Raph1,-0.3699602998074555,0.32194789877335034,-0.176394164325185,0.999987547004426,False,False,False
Carf,-0.16675549148649915,0.6189712717487174,-0.355439566902011,0.999987547004426,False,False,False
Nop58,-0.09495039594344665,0.6281341086100075,-0.128107207527018,0.999987547004426,False,False,False
Sumo1,0.045730432867547716,0.7718568783743003,-0.0675954007911219,0.999987547004426,False,False,False
Als2,0.285316379276345,0.4203387271279994,0.0001048651834159,0.999987547004426,False,False,False
Stradb,0.1809419693697239,0.4748273022847672,-0.232339667713481,0.999987547004426,False,False,False
Casp8,0.3724295220400332,0.001812283005547674,0.219443894927155,0.999987547004426,True,False,False
Cflar,-0.1112663989096883,0.6226216087807779,0.2683667993693,0.999987547004426,False,False,False
Clk1,-0.20730037369828003,0.19285195029779534,0.348560296341285,0.999987547004426,False,False,False
Ppil3,-0.1277875048026006,0.5034163028791628,0.406517089594029,0.999987547004426,False,False,False
Orc2,-0.10109538196896835,0.6435147522255387,-0.282997864273236,0.999987547004426,False,False,False
Sgo2a,-0.43840862923036933,0.17919296680066993,-0.292811605491638,0.999987547004426,False,False,False
Ercc5,-0.2667143521352757,0.24190431459516556,0.294878072901074,0.999987547004426,False,False,False
Tex30,0.055136836524511186,0.8522563416774248,-0.0650741264023988,0.999987547004426,False,False,False
Ptp4a1,-0.16060873756160776,0.7678950829112269,0.175750434714775,0.999987547004426,False,False,False
Slc9a4,1.5252826660930434,0.04686940219757911,1.45235487985412,0.999987547004426,True,False,False
Il18rap,-0.4504897773234803,0.18653988496979176,-0.506287748732362,0.999987547004426,False,False,False
Il1rl1,0.10908263628952727,0.9183940224048437,0.357955707983503,0.999987547004426,False,False,False
Il18r1,-0.7201964200470691,0.3333807837066149,0.624051204548974,0.999987547004426,False,False,False
Il1r1,0.7061159686118981,0.5195497542839351,0.191125965945715,0.999987547004426,False,False,False
Il1r2,-0.35033190521675867,0.024964055856955,0.387184749155972,0.999987547004426,True,False,False
Map4k4,0.7126289918679722,3.7060372111075694e-08,0.47819878767088,0.999987547004426,True,False,False
Pdcl3,0.2037949790128278,0.13070904941077285,-0.244401930764626,0.999987547004426,False,False,False
Chst10,-0.32984934056864007,0.237378450430529,0.218911397415233,0.999987547004426,False,False,False
Rev1,-0.2753201198599633,0.17285786284532656,-0.398054960899205,0.999987547004426,False,False,False
Eif5b,-0.07678824933880746,0.6855320415877464,-0.160389925172602,0.999987547004426,False,False,False
Mrpl30,0.1819954076824152,0.2673985610678961,-0.4410022422346,0.999987547004426,False,False,False
Mitd1,-0.18181177162586903,0.4247552073320962,-0.414795790954145,0.999987547004426,False,False,False
Stk17b,-0.17371811886407504,0.41755659926366423,0.590901244428503,0.999987547004426,False,False,False
Asnsd1,-0.1400068558418892,0.41470896349828157,-0.0986543878707309,0.999987547004426,False,False,False
Osgepl1,-0.1512516680208219,0.6354131478764871,-0.176540928326716,0.999987547004426,False,False,False
Ormdl1,-0.16880985078623018,0.28750807019173585,-0.12729488427188,0.999987547004426,False,False,False
Pms1,-0.2594710343086509,0.2905955540451556,0.933470447531864,0.999987547004426,False,False,False
Gls,-0.17888605349070302,0.27371699347243683,0.494054675653146,0.999987547004426,False,False,False
Stat1,0.16272128913575132,0.28055712805233024,-0.231270311006146,0.999987547004426,False,False,False
Nabp1,-0.36169638420423195,0.023903837041273582,-0.207049694870861,0.999987547004426,True,False,False
Mgat4a,-0.37288567104947384,0.0516779195016203,0.525138108417394,0.999987547004426,False,False,False
Unc50,0.20168570183155923,0.0941836243796437,-0.254910982605595,0.999987547004426,False,False,False
Coa5,0.1347386998888622,0.41440127730494486,-0.644002608490033,0.999987547004426,False,False,False
Inpp4a,0.07765482026990377,0.8206245057289394,-0.572427270381962,0.999987547004426,False,False,False
Tmem131,-0.4103580797035243,0.0008696472500628356,-0.284761881318211,0.999987547004426,True,False,False
Plekhb2,0.3434258264115218,0.010700933906295404,-0.669705390870154,0.999987547004426,True,False,False
Ptpn18,-0.38431100266228585,0.00589052128414314,0.156046063142133,0.999987547004426,True,False,False
Zfp142,-0.27663243123378123,0.4851538996834856,-0.0545419486271381,0.999987547004426,False,False,False
Rhbdd1,-0.07759658667009176,0.7993054396921837,-0.086613261942464,0.999987547004426,False,False,False
Fam135a,-1.1912184201590712,0.08120676076989343,0.0415989860812545,0.999987547004426,False,False,False
Sdhaf4,-0.14913802231524864,0.43585479448560477,-0.254113463652673,0.999987547004426,False,False,False
Smap1,-0.12637880508479185,0.44762858137607814,0.662077029284751,0.999987547004426,False,False,False
B3gat2,-0.8340805556470832,0.2716797281242603,0.65203797726938,0.999987547004426,False,False,False
Ogfrl1,-0.023788081574697584,0.9022197998883336,-1.07052083536272,0.999987547004426,False,False,False
Nhej1,0.13556965298994983,0.7273603416526248,-0.295639576427136,0.999987547004426,False,False,False
Cyp27a1,-0.11334220039295566,0.480311122952249,0.876135641316009,0.999987547004426,False,False,False
Bcs1l,0.03999457667386675,0.9023697673609944,0.623933326537026,0.999987547004426,False,False,False
Cnot9,0.04996848773132511,0.8011547070200146,0.410562884795417,0.999987547004426,False,False,False
Ctdsp1,-0.2829794088997439,0.30642777953229844,-0.350862626919182,0.999987547004426,False,False,False
Slc11a1,1.0393002590452876,9.418263772134172e-10,-0.957678805631047,0.999987547004426,True,False,False
Pnkd,0.28026527868455087,0.09093682678746581,-0.112181761776613,0.999987547004426,False,False,False
Cxcr2,0.29631474240558525,0.5882192511721276,0.100451147833378,0.999987547004426,False,False,False
Ppm1f,-0.11479892599610468,0.7623035507613386,-0.300934496080803,0.999987547004426,False,False,False
Xrcc5,-1.0676578877619693,0.0031773361474344633,0.204557142276611,0.999987547004426,True,False,False
Atic,0.08200921995570795,0.7875349247762187,0.536425871236546,0.999987547004426,False,False,False
Fn1,0.08904879764719371,0.9152508864719053,-0.741583506908182,0.999987547004426,False,False,False
Bard1,-0.7529098946623112,0.07486307665441992,0.475562559477817,0.999987547004426,False,False,False
Zfand2b,0.24332960658883168,0.1449843513572123,-0.316873262771306,0.999987547004426,False,False,False
Abcb6,-0.6545146037623287,0.3917671066611034,-0.121663104656739,0.999987547004426,False,False,False
Ankzf1,0.2099864152488569,0.3858565160141394,-0.19740601157217,0.999987547004426,False,False,False
Glb1l,-0.04353670363668433,0.9229348053929266,-0.0610637333044606,0.999987547004426,False,False,False
Stk16,0.129730001022236,0.4748765030314122,0.159621317109596,0.999987547004426,False,False,False
Tuba4a,0.44153776114388377,0.001387963296564406,-0.21021528078193,0.999987547004426,True,False,False
Dnajb2,-0.21280553164246255,0.4512305652502202,-0.0247524950703699,0.999987547004426,False,False,False
Dnpep,0.36052612543094564,0.006897147715137463,-0.0397413034213585,0.999987547004426,True,False,False
Stk11ip,-0.05347169527276199,0.8689909899282875,-0.371924897488217,0.999987547004426,False,False,False
Slc16a14,-0.1952299711597262,0.5726610373923056,0.0356994833106592,0.999987547004426,False,False,False
Sp100,-0.04623638192099461,0.7785490263747,-0.513641814573758,0.999987547004426,False,False,False
Itm2c,0.5509494903535607,1.601852176416129e-07,-0.230002813132981,0.999987547004426,True,False,False
Psmd1,0.2190580594883521,0.07386628580466466,-0.587351658820091,0.999987547004426,False,False,False
Ncl,-0.23555480941571716,0.06037321245123542,-0.22224999614051,0.999987547004426,False,False,False
Ptma,-0.08482371064248077,0.5777873373496525,-0.506466389532632,0.999987547004426,False,False,False
Pde6d,0.17761639111109823,0.22762829996665523,-0.107257813592625,0.999987547004426,False,False,False
Farsb,0.0016395641703835463,0.9941026950334206,0.163010503345926,0.999987547004426,False,False,False
Serpine2,-0.22863125333377052,0.8012979495097302,0.570941946862361,0.999987547004426,False,False,False
Eif4e2,0.14492631863513783,0.3128255131825637,-0.204966346580826,0.999987547004426,False,False,False
Ndufa10,0.07920056371948084,0.6141882815901571,-0.23832847277499,0.999987547004426,False,False,False
Rnpepl1,0.2882837684310663,0.15022481021493553,0.0491997037659031,0.999987547004426,False,False,False
Capn10,0.3359401729570221,0.3010118784871336,-0.19677576624221,0.999987547004426,False,False,False
Gpr35,-0.18991198471565443,0.2193521014793773,0.305676554329993,0.999987547004426,False,False,False
Mterf4,-0.5655416405822147,0.011542344478544228,-0.433969910909204,0.999987547004426,True,False,False
Pask,-0.41925346790973533,0.3392214793596236,-0.0703735676478434,0.999987547004426,False,False,False
Septin2,-0.05409608134590299,0.9250846080829173,-0.451692765675763,0.999987547004426,False,False,False
Stk25,0.18570110969368542,0.33545723376209796,-0.362989631215854,0.999987547004426,False,False,False
Thap4,0.20570334998540263,0.34935635611087534,-0.214215993584016,0.999987547004426,False,False,False
Dtymk,-0.12334760903505033,0.5171464091201846,-0.25111028036915,0.999987547004426,False,False,False
Pdcd1,0.6902812361937504,0.08538758759355261,-0.0599870591335998,0.999987547004426,False,False,False
Inpp5d,-0.2336430689748186,0.04025428469981268,0.238640393017657,0.999987547004426,True,False,False
Atg16l1,-0.12000497345511366,0.6156661722638137,0.0029179210330081,0.999987547004426,False,False,False
Lrrfip1,0.03154015240690438,0.8648401173321996,-0.341746504513854,0.999987547004426,False,False,False
Scly,-0.05426940611552478,0.8862249215086762,-0.161290108062776,0.999987547004426,False,False,False
Ilkap,-0.033231027362985985,0.8743470254919072,-0.296476284963811,0.999987547004426,False,False,False
Asb1,0.11220037092147803,0.8329039300414652,-0.12226940181214,0.999987547004426,False,False,False
Hdac4,-0.23582188624665557,0.3303847950147664,-0.176439217663296,0.999987547004426,False,False,False
Serpinb8,2.392741736943259,7.409308166915128e-08,0.698688496107928,0.999987547004426,True,False,False
Cln8,-0.2480306362157793,0.12474230188918768,0.327893481315436,0.999987547004426,False,False,False
Relch,-0.278186313365801,0.1186765956318014,-0.430224898442305,0.999987547004426,False,False,False
Tnfrsf11a,-0.030709341140637423,0.9017317912040201,0.459654947937742,0.999987547004426,False,False,False
Gin1,-0.09067011177354882,0.7329821968049197,0.0311058063215928,0.999987547004426,False,False,False
Pam,-0.4745986995807229,0.3068340876268111,0.0910827529557787,0.999987547004426,False,False,False
Ccdc93,-0.08690857883657337,0.7844047497719872,0.0860537321632826,0.999987547004426,False,False,False
Actr3,-0.008752960475280146,0.9633059304282224,0.0556017173666774,0.999987547004426,False,False,False
Slc35f5,0.7570042517235506,0.00021431637454487223,-0.767692284938109,0.999987547004426,True,False,False
Ccnt2,-0.08691346736517692,0.5907747579450099,-0.154875685338927,0.999987547004426,False,False,False
Ubxn4,-0.06096984805796109,0.7166004922068495,-0.0658990936486088,0.999987547004426,False,False,False
Mcm6,-0.10310995052628188,0.599752525606645,-0.255345571721846,0.999987547004426,False,False,False
Rgs18,-0.04592455886239603,0.8506397539577483,0.667245217983418,0.999987547004426,False,False,False
Rgs1,-1.1860892969849155,1.756990101615761e-24,-0.405420225458188,0.999987547004426,True,False,False
Rgs2,-0.5843403315530357,4.77014391543287e-09,0.605577903742909,0.999987547004426,True,False,False
Cdc73,-0.1738380444300012,0.3791047884307258,0.0037341744687768,0.999987547004426,False,False,False
Cfh,1.3220195251697022,6.862930034423541e-07,-0.689014353577758,0.999987547004426,True,False,False
Tsn,-0.06561597492223861,0.6940202744898549,-0.259021187082754,0.999987547004426,False,False,False
Nifk,-0.0690270941817829,0.7720306640089281,0.0140812344298755,0.999987547004426,False,False,False
Tfcp2l1,-0.03182528849213814,0.9815754761248459,-0.536437657047367,0.999987547004426,False,False,False
Epb41l5,0.02006590630505079,0.980348460851812,-0.251647377950715,0.999987547004426,False,False,False
Ptpn4,-0.09119577909106455,0.8172442394948223,-0.314806202609355,0.999987547004426,False,False,False
Dbi,0.18325361855781067,0.26639498630186065,-0.335346512727875,0.999987547004426,False,False,False
Steap3,-0.13485482247161815,0.9164086220225562,-0.462826271860785,0.999987547004426,False,False,False
Nek7,0.11056441477968477,0.5049097487491458,-0.230417878279622,0.999987547004426,False,False,False
Ptprc,-0.01828199957732944,0.91359390137656,-0.141554748119673,0.999987547004426,False,False,False
Cd55,-0.09229001811495698,0.9303169636945676,-0.36502054610425,0.999987547004426,False,False,False
Ddx59,0.06179298119049954,0.8859323288985969,-0.137210662694676,0.999987547004426,False,False,False
Tmem9,0.2861012194203498,0.3613845283432007,-0.26182053055062,0.999987547004426,False,False,False
Tnnt2,-0.698955467179395,0.541584281342726,-0.551679873067442,0.999987547004426,False,False,False
Csrp1,0.2667238365043853,0.06164570899724074,-0.212220928012266,0.999987547004426,False,False,False
Srgap2,-0.04089350925102509,0.897806307356436,-0.0616723709280436,0.999987547004426,False,False,False
Arl8a,0.48860415194824924,1.4207316465227887e-05,-0.457046712810972,0.999987547004426,True,False,False
Eif2d,-0.14596704185361317,0.5295071468633328,-0.396726006940202,0.999987547004426,False,False,False
Ube2t,-0.30181802442585753,0.12417510389128307,-0.0669194110767615,0.999987547004426,False,False,False
Rassf5,0.012176621565884237,0.95675308977088,0.419725340808021,0.999987547004426,False,False,False
Rab29,0.06286247685532163,0.7474692114234603,0.280761290886495,0.999987547004426,False,False,False
Nucks1,-0.01764044298990213,0.937550904634815,-0.101440583560005,0.999987547004426,False,False,False
Slc45a3,1.8756666668078084,0.004229299793727535,-0.371725923222217,0.999987547004426,True,False,False
Elk4,-0.32715126387008087,0.1846500265033969,0.674666119855478,0.999987547004426,False,False,False
Rbbp5,-0.18295139680416536,0.4048048659659791,-0.18054785203414,0.999987547004426,False,False,False
Klhl12,-0.0555532615208394,0.9396693051568609,0.462834040998379,0.999987547004426,False,False,False
Cyb5r1,0.7474994374611319,1.2234239067793111e-08,-0.0352202649824482,0.999987547004426,True,False,False
Adipor1,0.4118981935073253,0.00013418515316969916,0.028727634849905,0.999987547004426,True,False,False
Ppfia4,-0.10511952463592453,0.5827561301962164,0.0450356139706223,0.999987547004426,False,False,False
Atp2b4,-0.3282373772210403,0.5152348382730754,-0.356384902414556,0.999987547004426,False,False,False
Tor1aip1,-0.02827830698727364,0.8812730025215434,-0.217734698497096,0.999987547004426,False,False,False
Xpr1,0.11994595273213442,0.5788461679217588,-0.251242475677289,0.999987547004426,False,False,False
Stx6,0.3227894196185736,0.016857498040201292,-0.136012147743627,0.999987547004426,True,False,False
Mr1,-0.08962833843494036,0.8710920795481468,-0.178786969206263,0.999987547004426,False,False,False
Lamc1,0.057936884753078344,0.9501868142167591,-0.37281593385187,0.999987547004426,False,False,False
Ncf2,0.4543617362759382,3.9475072279863786e-05,-0.458540353268154,0.999987547004426,True,False,False
Rgl1,0.35067731052028706,0.0006776079443455833,0.424006475620875,0.999987547004426,True,False,False
Rnf2,0.38785735323628784,0.0027117244812511596,-0.204660565281443,0.999987547004426,True,False,False
Coq8a,-0.2685159638703768,0.23108653496403317,0.437061921122887,0.999987547004426,False,False,False
Cdc42bpa,0.36951108868743954,0.5823441112411718,-0.27121450663537,0.999987547004426,False,False,False
Ahctf1,-0.4213267087558657,0.014242930110013504,-0.0787150936481602,0.999987547004426,True,False,False
Kif26b,-0.21265109165479665,0.8485370695817205,-0.147717919964418,0.999987547004426,False,False,False
Parp1,0.04973153727508083,0.8248436555234451,-0.14114736386724,0.999987547004426,False,False,False
Acbd3,-0.14802002072009746,0.4007550915709928,-0.257984198011092,0.999987547004426,False,False,False
Desi2,0.019147159145308058,0.9589056635275797,-0.300867789108008,0.999987547004426,False,False,False
Sdccag8,-0.15772177506537158,0.34580646937732124,-0.390944126790477,0.999987547004426,False,False,False
Capn2,0.10793097952396553,0.6150100621339198,-0.65958791274099,0.999987547004426,False,False,False
Trp53bp2,-0.20586822359088436,0.5110428660717384,-0.168865317550073,0.999987547004426,False,False,False
Nvl,-0.1350594363235131,0.4637643171279375,-0.0009464504038847,0.999987547004426,False,False,False
Tmem63a,0.030812624792523207,0.9278296845716743,-0.280376789436922,0.999987547004426,False,False,False
Pycr2,0.008153527565978015,0.9767476671501542,-0.31931721496894,0.999987547004426,False,False,False
Opn3,0.3178206223448454,0.4637958744977104,-0.305079211031192,0.999987547004426,False,False,False
Fh1,0.24422915537672063,0.03342318475723782,-0.13943762736362,0.999987547004426,True,False,False
Spta1,0.2402679084506332,0.8505524107415473,0.663436714518885,0.999987547004426,False,False,False
Ifi202b,1.2490358017101961,7.935749152085842e-16,0.400181776394312,0.999987547004426,True,False,False
Ifi211,1.0736711122491875,0.003413465389384724,-0.181194667990779,0.999987547004426,True,False,False
Dusp23,-0.2828057322924064,0.44496568650192625,-0.360497863244346,0.999987547004426,False,False,False
Cfap45,-0.4270378444362918,0.4436042740746295,-0.205924492173073,0.999987547004426,False,False,False
Tagln2,0.35884001824863265,0.0015657709081571389,-0.516842370225721,0.999987547004426,True,False,False
Slamf9,-0.49413274114491895,0.049008669009427366,-0.0606011434925975,0.999987547004426,True,False,False
Dcaf8,-0.19493390705376756,0.19909372010357357,-0.348129150706116,0.999987547004426,False,False,False
Vangl2,0.8727880597286638,0.004747145209084744,-0.615837400080592,0.999987547004426,True,False,False
Uck2,0.6111869445192395,3.782900675166255e-05,0.0287735785140448,0.999987547004426,True,False,False
Tada1,-0.04027478108370784,0.8441040082191579,0.152673901712737,0.999987547004426,False,False,False
Pou2f1,-0.19320758895332368,0.4291378967869531,0.306447461273554,0.999987547004426,False,False,False
Mpzl1,0.3449242487646746,0.3920668938944933,0.0013124802104531,0.999987547004426,False,False,False
Mpc2,-0.08238833887481133,0.6503934942274653,0.0632052037450332,0.999987547004426,False,False,False
Nme7,0.4976158751212319,0.018325111591239212,0.326707841680937,0.999987547004426,True,False,False
Atp1b1,0.7038617161044335,0.1764355580295044,-0.1715682531902,0.999987547004426,False,False,False
Blzf1,-0.036283606289900024,0.9139345901752917,0.215772900224542,0.999987547004426,False,False,False
Ccdc181,0.07336549616088871,0.8038466138160534,-0.209796044860355,0.999987547004426,False,False,False
F5,1.535096054203836,3.274835799023323e-05,-0.446728343094139,0.999987547004426,True,False,False
Sell,0.577792804545621,0.25285037759264084,0.3130866366296,0.999987547004426,False,False,False
Scyl3,-0.23063176501784088,0.2555086704130793,-0.921038318100239,0.999987547004426,False,False,False
Kifap3,-0.3429794976518161,0.259763072198258,-0.183439273345281,0.999987547004426,False,False,False
Sec16b,-0.021554279572271556,0.9831636975666895,-0.24636822187921,0.999987547004426,False,False,False
Ralgps2,0.6680381832880773,0.18585773517997362,-0.194733272868659,0.999987547004426,False,False,False
Abl2,-0.3170739048963279,0.5018315363785939,-0.0289137622031417,0.999987547004426,False,False,False
Soat1,0.1267504924895251,0.37476769428916923,-0.236183150198408,0.999987547004426,False,False,False
Axdnd1,-0.3250713422894833,0.6586577689459255,-0.23494757190806,0.999987547004426,False,False,False
Smyd2,-0.13597552432768212,0.6918085976917987,-0.341740601511185,0.999987547004426,False,False,False
Ptpn14,0.5323946259058283,0.5098363078099634,-0.389930660423416,0.999987547004426,False,False,False
Kctd3,-0.547944833743518,0.05539907113735817,-0.377652095732547,0.999987547004426,False,False,False
Esrrg,0.178848164879558,0.6947268475338263,-0.352283943561558,0.999987547004426,False,False,False
Cr2,-0.5709893044185205,0.2354984295997961,-0.353316839272931,0.999987547004426,False,False,False
Bpnt1,0.5269062958548232,0.0006122138341999027,0.0352040337840274,0.999987547004426,True,False,False
Iars2,0.17835847498593455,0.4264821290162286,-0.130112861693351,0.999987547004426,False,False,False
Nek2,-0.3980573550199306,0.45813082878491557,0.125469972093623,0.999987547004426,False,False,False
Lpgat1,-0.11908704882919928,0.5228011212958066,0.460224177439565,0.999987547004426,False,False,False
Ppp2r5a,0.06837736123721178,0.6835486360252374,-0.517259790530344,0.999987547004426,False,False,False
Pacc1,-0.0936874070458138,0.6616721319923564,0.348079832096821,0.999987547004426,False,False,False
Atf3,-0.017685144463418578,0.9780424132698494,0.468375578273558,0.999987547004426,False,False,False
Batf3,-0.07970569162534767,0.6359234368620266,-0.170546006775804,0.999987547004426,False,False,False
Tatdn3,-0.12202083529248797,0.653593669226875,0.437055318692355,0.999987547004426,False,False,False
Angel2,-0.16380324627156248,0.2761079051122141,-0.199421769636338,0.999987547004426,False,False,False
Traf5,-0.2588886680449183,0.26423874673438497,0.829345174090855,0.999987547004426,False,False,False
Irf6,-1.546281629103806,0.03740432868125718,-0.531469035775725,0.999987547004426,True,False,False
Lamb3,0.5496905055072818,0.01307509082977781,0.623155846435757,0.999987547004426,True,False,False
Usf1,0.045456033543220156,0.8295935750351734,-0.378704750586034,0.999987547004426,False,False,False
Nmt2,0.23998215286222543,0.26535007805761673,-0.261376333362998,0.999987547004426,False,False,False
Suv39h2,0.7886105121543746,0.0024589037314461655,-0.213523887843494,0.999987547004426,True,False,False
Dclre1c,-0.35774449736456354,0.004933506132358563,-0.007335518097717,0.999987547004426,True,False,False
Cfap126,0.7202917817247153,0.20302426279082395,-0.586133249690501,0.999987547004426,False,False,False
Fam107b,-0.33856582196059887,0.002183833747480047,0.21810151584596,0.999987547004426,True,False,False
Fcgr2b,0.7549424332502929,3.4975673729780764e-08,0.0376438915592239,0.999987547004426,True,False,False
Dusp12,-0.018828388289704272,0.9452464358033107,-0.0658290517443803,0.999987547004426,False,False,False
Sephs1,0.015049641519006897,0.9598808643162137,-0.264745924164031,0.999987547004426,False,False,False
Atf6,-0.3537757805907127,0.011735873449312765,0.25789372215797,0.999987547004426,True,False,False
Phyh,0.12101657157689089,0.47051101298786835,-0.365545054688048,0.999987547004426,False,False,False
Uhmk1,-0.3554412787144362,0.02394553292056275,-0.345216161922946,0.999987547004426,True,False,False
Mcm10,-0.5190978207028087,0.05760164510090515,-0.11020948283775,0.999987547004426,False,False,False
Uap1,0.26972359898776294,0.24026966674881564,0.13246408607769,0.999987547004426,False,False,False
Optn,0.13520405311258185,0.7939910356195148,0.238101651185014,0.999987547004426,False,False,False
Hsd17b7,-0.6043130446590665,0.011378401732639008,-0.143698773542432,0.999987547004426,True,False,False
Nuf2,-0.5819288096359896,0.002456046521162096,0.323704569023592,0.999987547004426,True,False,False
Aldh9a1,0.11514198427801124,0.5260928115067782,-0.0391121295156198,0.999987547004426,False,False,False
Mgst3,0.13180387837222463,0.7675743876184468,-0.039315392839308,0.999987547004426,False,False,False
Vamp4,0.3257459371152735,0.0028088256583985146,-0.220654475423491,0.999987547004426,True,False,False
Pigc,-0.25018101683883437,0.11420278778651195,-0.874300663605625,0.999987547004426,False,False,False
Tnfsf4,-0.9429099181970866,0.04798525545237523,0.914789006122835,0.999987547004426,True,False,False
Prdx6,0.13751858327793948,0.3906699908246049,0.137502040997949,0.999987547004426,False,False,False
Klhl20,-0.20150515770456587,0.43702292180001495,-0.217837747296425,0.999987547004426,False,False,False
Nsun6,-0.2326604565308028,0.37083245697621064,0.0350666545482827,0.999987547004426,False,False,False
Cenpl,0.24356651619915334,0.1621214818792581,-0.24573036463066,0.999987547004426,False,False,False
Mrc1,1.7563449060323542,2.0403942496443515e-07,0.139927491165085,0.999987547004426,True,False,False
Stam,-0.21434264282151447,0.3914712634025033,0.068515469614594,0.999987547004426,False,False,False
Rabgap1l,-0.7882745790812405,1.2129797665638433e-08,0.700329903686133,0.999987547004426,True,False,False
Trdmt1,0.41200951209601483,0.04283154322171755,-0.0983558740748993,0.999987547004426,True,False,False
Rsu1,0.37914033206300896,0.00014790644601575184,0.19044258035553,0.999987547004426,True,False,False
Pter,0.804972834662466,0.0019017199590484167,-0.351921798316533,0.999987547004426,True,False,False
Pip4k2a,-0.03330393577630625,0.8646067887064031,0.562237300154528,0.999987547004426,False,False,False
Bmi1,0.0709717466460804,0.8030467147626096,-0.159234646314923,0.999987547004426,False,False,False
Dnajc1,0.022839869390965488,0.9222181714752355,0.423199557288215,0.999987547004426,False,False,False
Plxdc2,2.3495134458763713,5.181747399947208e-06,-1.02917714858924,0.999987547004426,True,False,False
Nek6,-0.7359615932018834,9.074527638590309e-06,-0.464953432175674,0.999987547004426,True,False,False
Psmb7,0.17931209372102822,0.15757663790742968,-0.189102514857638,0.999987547004426,False,False,False
Ppp6c,0.09903683595127677,0.5131228083390933,-0.193363460712614,0.999987547004426,False,False,False
Golga1,-0.3609289330721645,0.04570276118058247,-0.233700127797098,0.999987547004426,True,False,False
Arpc5l,-0.44673533182846087,0.0001724963850278046,0.0554191727595796,0.999987547004426,True,False,False
Orc4,0.050286694721991335,0.8126935217931386,0.342617093271325,0.999987547004426,False,False,False
Mmadhc,-0.029047083581203538,0.8880287506012291,-0.0604509356162932,0.999987547004426,False,False,False
Mindy3,0.3675832482295165,0.012081203417623325,0.0189720356971437,0.999987547004426,True,False,False
Itga8,1.1369955322885104,0.02382556226679871,-0.735521307199564,0.999987547004426,True,False,False
Il2ra,-0.8759047581170653,0.09973654515883079,0.326116786425946,0.999987547004426,False,False,False
Spopl,-0.35506500522484696,0.06729294105131295,0.179050668294752,0.999987547004426,False,False,False
Pfkfb3,-0.15448923859825914,0.3692705186262932,-0.228072000290958,0.999987547004426,False,False,False
Yme1l1,-0.036952458529315876,0.868359643826167,-0.0981634380277114,0.999987547004426,False,False,False
Mastl,-0.6603219227320068,0.08474353628654255,-0.148557970604008,0.999987547004426,False,False,False
Acbd5,-0.27803516609341145,0.056472341888214726,-0.0642817892846823,0.999987547004426,False,False,False
Abi2,0.276117031580125,0.26225415830349363,-0.578193079219553,0.999987547004426,False,False,False
Pdss1,0.05708527058626314,0.9008178471331518,-0.211082569191884,0.999987547004426,False,False,False
Pkn3,0.0693188933475053,0.9116369920499372,-0.361981840166809,0.999987547004426,False,False,False
Zbtb43,-0.09425978563672939,0.77465344804798,-0.0964268930707775,0.999987547004426,False,False,False
Odf2,0.10932646665900185,0.6250261461994453,-0.252493322723637,0.999987547004426,False,False,False
Slc2a8,0.42730367611771014,0.18410413538034784,-0.258388476442627,0.999987547004426,False,False,False
Lrsam1,0.11776078715167747,0.8274832977707337,-0.53054882515921,0.999987547004426,False,False,False
Niban2,1.1031631748947048,0.00015539071887659236,-0.482770532043483,0.999987547004426,True,False,False
Stxbp1,0.4873543182207074,0.3226191673828183,-0.453300111049375,0.999987547004426,False,False,False
Coq4,0.1494902528259215,0.6543003474554148,-0.551814104290687,0.999987547004426,False,False,False
Med27,-0.21490415852179923,0.14636161839925477,-0.435491973965473,0.999987547004426,False,False,False
Ttf1,-0.39164177704818254,0.021770828283258496,-0.0173435849451691,0.999987547004426,True,False,False
Ddx31,-0.11623686351036795,0.7674746527300264,-0.318184308645636,0.999987547004426,False,False,False
Spaca9,2.3179578116974127,0.0024573281359854663,-0.284763024706,0.999987547004426,True,False,False
Dpm2,-0.14443461712153524,0.3894835308772482,0.229695509482879,0.999987547004426,False,False,False
St6galnac6,0.9456541278931905,7.255143840626535e-08,-0.407167618903461,0.999987547004426,True,False,False
Tsc1,-0.10110114400315891,0.709524031564146,-0.556150633623365,0.999987547004426,False,False,False
Eng,2.051693401223425,8.387110384146842e-06,-2.3371845319555,0.999987547004426,True,False,False
Gfi1b,0.6992111236903962,0.4777096886793703,-0.568768205449318,0.999987547004426,False,False,False
Gtf3c5,-0.0920846875951791,0.7715751748189978,-0.363200384615881,0.999987547004426,False,False,False
Slc25a25,0.09542935326765854,0.7257535107306329,-0.274100111018754,0.999987547004426,False,False,False
Ptges2,0.2120925034220183,0.3314813608705288,-0.349293299136098,0.999987547004426,False,False,False
Ralgds,0.2028758281084637,0.5662962511995173,-0.38735562741895,0.999987547004426,False,False,False
Nr4a2,0.4556670498291526,0.005757282219743909,0.629893233426118,0.999987547004426,True,False,False
Gpd2,-0.28031144681887743,0.03935859702667933,0.337877737828239,0.999987547004426,True,False,False
Cytip,-0.06389113965163407,0.8072101214681862,0.593528491830735,0.999987547004426,False,False,False
Olfm1,0.5634255917667403,0.31225719814396324,-0.844026728828155,0.999987547004426,False,False,False
Acvr1,0.6786346255719595,0.1444052682044616,-0.702627073789254,0.999987547004426,False,False,False
Upp2,0.3208457542022779,0.7417401689663183,-0.14373650759479,0.999987547004426,False,False,False
Abl1,-0.09148116923991496,0.6892461933427805,-0.115515327283066,0.999987547004426,False,False,False
Fubp3,-0.06328982677353466,0.8527799856217361,-0.402272231695816,0.999987547004426,False,False,False
Tor1b,-0.0010820172681969993,0.9961545872500016,-0.44988766766501,0.999987547004426,False,False,False
Tor1a,0.25966742262195297,0.045068109549966956,0.283822004389678,0.999987547004426,True,False,False
BC005624,0.18318583540605934,0.1958776105747462,-0.238056124890871,0.999987547004426,False,False,False
Crat,0.47383324525005727,0.08650720627584095,-0.277130310633806,0.999987547004426,False,False,False
Dolpp1,0.07668723708690985,0.7875349247762187,-0.0463650489705598,0.999987547004426,False,False,False
Ntmt1,0.21323718403071953,0.2509261020651142,-0.355867500521428,0.999987547004426,False,False,False
Miga2,0.2069430732988525,0.6968848316852352,-0.315917910989727,0.999987547004426,False,False,False
Sh3glb2,0.23904225508020893,0.4201579085944047,-0.546474691088897,0.999987547004426,False,False,False
Hspa5,0.11832098829895075,0.44008202942079894,-0.221886704027536,0.999987547004426,False,False,False
Kynu,-0.18959124225771026,0.13552990804194093,0.382246765710138,0.999987547004426,False,False,False
Gapvd1,0.031257816409543636,0.8904199334223653,-0.205737400563612,0.999987547004426,False,False,False
Zeb2,0.5727705780280036,7.905234998146791e-06,-0.543722452152226,0.999987547004426,True,False,False
Phf19,0.3369357262669405,0.15890252360128443,-1.04989302560429,0.999987547004426,False,False,False
Traf1,0.033375068722633724,0.8829567425135857,-0.142910201273433,0.999987547004426,False,False,False
Rab14,0.1724139941290718,0.1253374889469749,-0.77281182321955,0.999987547004426,False,False,False
Gsn,-0.4224640859669463,0.0005978255153085322,-0.334216670468631,0.999987547004426,True,False,False
Stom,0.4071879358362738,0.006491117346581488,0.654156021335567,0.999987547004426,True,False,False
Dab2ip,-0.32410650338414976,0.12413746009062564,0.184784267507821,0.999987547004426,False,False,False
Rbm18,-0.06799091028017072,0.7301842248534355,-0.221690319478756,0.999987547004426,False,False,False
Gca,0.21756854603827394,0.3001605836793123,-0.0638526574529283,0.999987547004426,False,False,False
Ndufa8,0.012887674631188234,0.9474554188461275,-0.131373406624268,0.999987547004426,False,False,False
Ifih1,-0.28642491022139727,0.09107430268914381,-0.680952919652605,0.999987547004426,False,False,False
Psmd14,0.028560991887407072,0.8765043608232096,0.0349218655241454,0.999987547004426,False,False,False
Strbp,-0.8023992654537686,3.9926549992446927e-11,0.534837064913583,0.999987547004426,True,False,False
Wdr5,0.02960298459569494,0.918740678848833,-0.25511899312842,0.999987547004426,False,False,False
Agpat2,0.5977985209143595,0.04157246068434662,-0.602143918927779,0.999987547004426,True,False,False
Notch1,-0.7851983444787435,0.213072593047396,-0.827014067933687,0.999987547004426,False,False,False
Inpp5e,-0.10041427268933903,0.7781002917349708,-0.380894409127342,0.999987547004426,False,False,False
Entr1,0.10324900167629963,0.5889236944666311,-0.0753271115749525,0.999987547004426,False,False,False
Card9,0.2062869155351263,0.5423150362114776,-0.281218116240429,0.999987547004426,False,False,False
Gpsm1,0.4552806294527173,0.1842729951435015,-0.312336718153445,0.999987547004426,False,False,False
Nacc2,0.7548871986114495,0.03865512475778022,-0.883227021829931,0.999987547004426,True,False,False
Camsap1,0.006092856649270999,0.98998739724079,-0.149125684149158,0.999987547004426,False,False,False
Tmem141,0.4868841645343862,5.6552893424861636e-05,-0.600698459822409,0.999987547004426,True,False,False
Mamdc4,0.45968981848434737,0.6758288828397914,-0.193615487132858,0.999987547004426,False,False,False
Traf2,-0.0028167248919753573,0.9897892016007414,-0.486015538754898,0.999987547004426,False,False,False
Abca2,0.3590312961503275,0.1446396408818653,-0.342411406611983,0.999987547004426,False,False,False
Nmi,-0.14519345382766372,0.3226191673828183,0.654857950220302,0.999987547004426,False,False,False
Neb,0.019751241741100548,0.9872813451946285,-0.158498841416675,0.999987547004426,False,False,False
Sapcd2,-0.7585331244268962,0.2562527117880897,-0.107392040958858,0.999987547004426,False,False,False
Uap1l1,0.7374177553484541,5.229209570042415e-12,-0.454693889860875,0.999987547004426,True,False,False
Arl6ip6,0.10302515480464769,0.5823320075742748,-0.616068971754602,0.999987547004426,False,False,False
Anapc2,0.2767229644725993,0.11823913726787735,-0.0518035241392782,0.999987547004426,False,False,False
Ssna1,0.01584586275884716,0.9400030666882254,-0.442809086088073,0.999987547004426,False,False,False
Rbms1,0.3501232483685842,0.001490426311732346,-0.361287278438571,0.999987547004426,True,False,False
Arrdc1,0.19610408626228892,0.1466366565498878,-0.331766388009017,0.999987547004426,False,False,False
Zmynd19,0.06599340723840476,0.8072865171559497,-0.0939084976844731,0.999987547004426,False,False,False
Dph7,-0.24596109408351677,0.37282488126091223,-0.134820998040349,0.999987547004426,False,False,False
Marchf7,-0.056399300214898335,0.7917269299444378,0.112225158133375,0.999987547004426,False,False,False
Psd4,-0.27254245023454154,0.0948928244308725,0.331997564067528,0.999987547004426,False,False,False
Ly75,-0.2331063238234344,0.4304366575388486,-0.827247679531754,0.999987547004426,False,False,False
Il1rn,1.4705228175170901,1.277394394771792e-06,-0.420860207626192,0.999987547004426,True,False,False
Baz2b,-0.24349996672044186,0.03851231931389353,0.62183776778369,0.999987547004426,True,False,False
Wdsub1,0.22811173212225516,0.32141670128018396,-0.622851610761058,0.999987547004426,False,False,False
Pkp4,0.5782095613563114,0.19822204111254668,-0.836316019136914,0.999987547004426,False,False,False
Galnt3,0.8342585460824686,0.18275411383174317,0.0703852569338608,0.999987547004426,False,False,False
Nup35,-0.09374198924066184,0.6662865145619192,-0.0134294284318868,0.999987547004426,False,False,False
Dnajc10,0.1533182439736777,0.4156167663185723,-0.134040693175177,0.999987547004426,False,False,False
Itprid2,0.38484900401882194,0.015640938403709375,0.344165135528957,0.999987547004426,True,False,False
Itga4,-0.7372417198636092,4.3496771823204545e-11,0.0440641302873299,0.999987547004426,True,False,False
Slc25a12,-0.15509743943384763,0.44644432309768334,0.0020384348810909,0.999987547004426,False,False,False
Ube2e3,0.1140726615467178,0.43825333932452154,0.130820457490724,0.999987547004426,False,False,False
Dync1i2,0.21468262646231276,0.2972884901620348,-0.383719950296896,0.999987547004426,False,False,False
Cwc22,-0.2411167454601506,0.2540798617199937,0.0104214358172117,0.999987547004426,False,False,False
Cybrd1,1.4488287791294034,0.005793058488837015,0.440132821843791,0.999987547004426,True,False,False
Hat1,0.13355911852872646,0.32586948415857564,-0.116767506059716,0.999987547004426,False,False,False
Stk39,-0.08230325965340192,0.8505367199185737,0.0251029235007207,0.999987547004426,False,False,False
Cers6,-0.10044671769130348,0.5179508797055614,-0.0907344109543891,0.999987547004426,False,False,False
Ssrp1,0.09930975987629849,0.5747118121029073,-0.442531201787317,0.999987547004426,False,False,False
Dhrs9,-0.8037421542426084,0.1409183002178657,0.771281319574745,0.999987547004426,False,False,False
Lrp2,-0.029541841196402505,0.9788553755795997,-1.354143923424,0.999987547004426,False,False,False
Prg3,1.7874462990258368,0.00038155119498603556,-1.21440198387263,0.999987547004426,True,False,False
Prg2,1.1344421181843598,0.001776495914295973,-0.710446760241135,0.999987547004426,True,False,False
Slc43a3,0.05545737460274246,0.8684091589648012,-0.186270489070968,0.999987547004426,False,False,False
Slc43a1,0.4272209712127027,0.5623645103465076,-0.372291649193512,0.999987547004426,False,False,False
Timm10,-0.14248608439975952,0.49054913932295846,0.332263573269259,0.999987547004426,False,False,False
Clp1,0.1733925391588342,0.35590893301017024,0.012477386145612,0.999987547004426,False,False,False
Med19,0.09383203186695993,0.7151265025294206,-0.01922811341678,0.999987547004426,False,False,False
Tfpi,1.331957150646556,0.009533124173484725,-0.719637945198208,0.999987547004426,True,False,False
Fastkd1,-0.21022172401042474,0.5059041752399207,-0.143364978149544,0.999987547004426,False,False,False
Itgav,-0.5183622407248992,0.0047141394018712,0.0951379540957795,0.999987547004426,True,False,False
Phospho2,-0.06650538000003796,0.7897732490602891,-0.0330052101124796,0.999987547004426,False,False,False
Zc3h15,-0.008591739436992032,0.9710465123111298,0.284990150468127,0.999987547004426,False,False,False
Mtx2,0.007770186042589984,0.9720105726978375,0.888623120177367,0.999987547004426,False,False,False
Atf2,-0.21301443829004768,0.21120201700343322,-0.0987907993082171,0.999987547004426,False,False,False
Chrna1,0.3837375124509245,0.74597801458494,-0.533058082795424,0.999987547004426,False,False,False
Ola1,-0.09018002570164764,0.5827561301962164,-0.0272236102965504,0.999987547004426,False,False,False
Sp3,-0.30468053865392863,0.03032079107598666,0.0921639753348256,0.999987547004426,True,False,False
Kif18a,-0.17072924204686044,0.5766707761231243,-0.234662896683379,0.999987547004426,False,False,False
Slc12a6,-0.32119459688625324,0.06177494515588342,-0.165711987019359,0.999987547004426,False,False,False
Emc4,0.3074454423886654,0.008306224881274974,-0.0068143754248692,0.999987547004426,True,False,False
Katnbl1,0.028397805539662247,0.9234897394610939,-0.0782580174880696,0.999987547004426,False,False,False
Nop10,-0.04651078371425161,0.8513959437772282,0.423515871836762,0.999987547004426,False,False,False
Lpcat4,0.9479997053200143,3.492998067790118e-11,-0.522301030751898,0.999987547004426,True,False,False
Ccdc34,-0.292396780392408,0.23679440113221484,-0.0887422283336692,0.999987547004426,False,False,False
Lin7c,-0.04563690795529652,0.8249273031631469,0.0379284067732897,0.999987547004426,False,False,False
Commd9,-0.017350564419929247,0.9589056635275797,-0.236593730129111,0.999987547004426,False,False,False
Traf6,0.25643246901036687,0.14183365126847047,-0.399309966612607,0.999987547004426,False,False,False
Dnajc24,0.0033836356983263185,0.9898115977715731,-0.230978914339377,0.999987547004426,False,False,False
Elp4,-0.32413398713773356,0.2019318062256759,-0.226842281968935,0.999987547004426,False,False,False
Eif3m,0.006662288922829023,0.9731028292740819,0.983814678760655,0.999987547004426,False,False,False
Prrg4,0.3723863187364595,0.6339793037950959,-0.532463669260561,0.999987547004426,False,False,False
Depdc7,-0.2773294500439209,0.17073846181897123,-0.520524689684182,0.999987547004426,False,False,False
Tcp11l1,0.07587549923809742,0.7542931805523655,-0.398678127640941,0.999987547004426,False,False,False
Cstf3,0.042071851975642005,0.8452052535563492,-0.188305598093271,0.999987547004426,False,False,False
Hipk3,-0.13509561577030757,0.5712257602474837,-0.24132757781781,0.999987547004426,False,False,False
Fbxo3,0.13863915707396307,0.3468985609970998,-0.10369814939001,0.999987547004426,False,False,False
Caprin1,-0.048926747862939844,0.8060613217995516,-0.223638156419682,0.999987547004426,False,False,False
Nat10,-0.0028718240009927352,0.9941026950334206,-0.737049357482659,0.999987547004426,False,False,False
Cat,-0.2361962513335156,0.08929537863546932,0.185484609787069,0.999987547004426,False,False,False
Trim44,-0.07428942145312842,0.7313572056100835,-0.359218320666495,0.999987547004426,False,False,False
Api5,0.008783353868821012,0.9657765143186363,-0.433136519017444,0.999987547004426,False,False,False
Ttc17,-0.181769060787862,0.31265499628631505,-0.0244303736793778,0.999987547004426,False,False,False
Hsd17b12,0.10801334563695197,0.5197599063129416,0.302046576747903,0.999987547004426,False,False,False
Ext2,-0.05842859978359265,0.8132406607190312,-0.277062718684261,0.999987547004426,False,False,False
Gatm,-0.21644850806418908,0.3212761451131833,-0.132143188758715,0.999987547004426,False,False,False
Myef2,-0.029496284391298533,0.9356266895981205,-0.0728951788780776,0.999987547004426,False,False,False
Dut,-0.2857383276606336,0.024093288852368618,-0.365866539278629,0.999987547004426,True,False,False
Cops2,-0.1202862682013716,0.5592904019769315,-0.412457522719113,0.999987547004426,False,False,False
Galk2,0.2577561766764141,0.0775191392399301,-0.348820665205205,0.999987547004426,False,False,False
Meis2,-0.6923754174814218,0.3519383489973551,-0.158610201007288,0.999987547004426,False,False,False
Cd82,-0.02548235702149484,0.9128462762755152,-0.185462139466838,0.999987547004426,False,False,False
Tspan18,-0.09538866644230627,0.9355150277827982,-0.647984491387848,0.999987547004426,False,False,False
Slc28a2,-0.8552847306831324,0.018648171755935444,-0.331988711497348,0.999987547004426,True,False,False
Pex16,0.3348055910861483,0.019792929447859302,-0.397409544986696,0.999987547004426,True,False,False
Sord,0.7642843467237388,1.6193391972262858e-06,-0.585025581833651,0.999987547004426,True,False,False
Creb3l1,0.8864650775351895,0.07777196251892537,-0.521235556112722,0.999987547004426,False,False,False
Eif3j1,0.038281602385003825,0.860984954881271,-0.237073353075743,0.999987547004426,False,False,False
Frmd5,-0.5366130258707257,0.032390107524754755,0.24098503682396,0.999987547004426,True,False,False
Wdr76,-0.3749146093681208,0.1582844276128373,-0.134774943687189,0.999987547004426,False,False,False
Harbi1,-0.05127691867827018,0.886071797895808,-0.128815772971342,0.999987547004426,False,False,False
Ell3,0.7566276708051257,0.44762858137607814,-0.366335957865441,0.999987547004426,False,False,False
Arhgap1,0.36502054206731976,0.0029922788966913736,0.111177978590444,0.999987547004426,True,False,False
Lrp4,0.885750710411037,0.005793058488837015,-0.671288017998296,0.999987547004426,True,False,False
Arfgap2,0.03778148892995207,0.8606889189552244,-0.406948713339844,0.999987547004426,False,False,False
Ubr1,-0.408052116656807,0.009540843912454109,-0.224701907378527,0.999987547004426,True,False,False
Jag1,-0.540218632991172,0.08877461969620717,0.448987910586371,0.999987547004426,False,False,False
Mtch2,0.07997311701084649,0.669236970230596,-0.263243376791465,0.999987547004426,False,False,False
Haus2,0.27436593436306606,0.08993133279771424,0.378664311736968,0.999987547004426,False,False,False
Snap23,0.13110265912029073,0.39371304361901294,-0.209304307850577,0.999987547004426,False,False,False
Zfp106,-0.07199411414593528,0.7103837872291389,0.277388410404574,0.999987547004426,False,False,False
Vps39,-0.33009823232075425,0.034903294297373724,-0.212106235452142,0.999987547004426,True,False,False
Ehd4,0.3157698621217584,0.017986541152318784,-0.315224763529478,0.999987547004426,True,False,False
Ptpra,0.11985067188796368,0.422275993260208,0.234925997285049,0.999987547004426,False,False,False
Rtf1,0.17277916307957109,0.333667278584037,-0.962537843342383,0.999987547004426,False,False,False
Ndufaf1,-0.04497492103476161,0.8711302908935391,-0.0458717190740892,0.999987547004426,False,False,False
Dnaaf9,-0.42210111331224975,0.10372923909435994,-0.311286541214639,0.999987547004426,False,False,False
Chac1,-0.7491198444435713,0.005970541802529744,0.548057152321225,0.999987547004426,True,False,False
Dll4,-0.06670535346019642,0.9375991620255577,-0.643482716157693,0.999987547004426,False,False,False
Spint1,0.23811783342714335,0.03913748742507509,-0.416803230389114,0.999987547004426,True,False,False
Adam33,-0.06317146877821592,0.9701476643344489,-0.473922997022811,0.999987547004426,False,False,False
Siglec1,-0.23873958736700282,0.747629184426085,-0.840496161113444,0.999987547004426,False,False,False
Rad51,-0.5135055387933999,0.0005004106308217344,-0.362553565864868,0.999987547004426,True,False,False
Rpusd2,-0.23186475063702575,0.7729464995322307,-0.0607489667114027,0.999987547004426,False,False,False
Knl1,-0.6294083821347561,8.831206351460916e-05,0.464042268253744,0.999987547004426,True,False,False
Cdc25b,-0.15550455355458223,0.7875349247762187,-0.226073038268969,0.999987547004426,False,False,False
Knstrn,-0.2259149952017733,0.3653757473364116,-0.166810494902521,0.999987547004426,False,False,False
Smox,0.7315659469758526,0.0002891949730949959,0.0900087882159379,0.999987547004426,True,False,False
Slc23a2,0.13806239703406573,0.5411492466832241,-0.47858482579439,0.999987547004426,False,False,False
Tmem230,-0.013706115129058484,0.953090830965849,-0.275197500102493,0.999987547004426,False,False,False
Fsip1,-0.25002767963769024,0.7878242247975948,-0.513581238288435,0.999987547004426,False,False,False
Rasgrp1,0.23139632131685697,0.20890697365262087,-0.630176615690383,0.999987547004426,False,False,False
Fam98b,-0.15661632331775313,0.5100119428480436,-0.402306757454059,0.999987547004426,False,False,False
Spred1,-0.04391778658558846,0.8793782428506213,-0.220578496008519,0.999987547004426,False,False,False
Crls1,0.0065540761752972505,0.983827917757026,-0.0660486343390678,0.999987547004426,False,False,False
Bmp2,-0.5080150896673833,0.06255626657491165,0.242001095664653,0.999987547004426,False,False,False
Slc27a2,-0.0691102261996217,0.9135443739709214,0.490143082657719,0.999987547004426,False,False,False
Hdc,0.2405074301728152,0.2648465903057514,-0.63643005697515,0.999987547004426,False,False,False
Gabpb1,0.06402705387939667,0.7705121160133113,-0.349413819240834,0.999987547004426,False,False,False
Usp8,0.1670389373814553,0.2813013518161144,-0.245539288260827,0.999987547004426,False,False,False
Usp50,0.08668454617000806,0.9053113181564424,-0.132420759784058,0.999987547004426,False,False,False
Trpm7,-0.2801075321339441,0.06306175331476876,-0.335692176912951,0.999987547004426,False,False,False
Sppl2a,-0.23096700139825818,0.1483528127265328,-0.256462310721291,0.999987547004426,False,False,False
Stard7,0.12358455775263635,0.3968553225098215,-0.425912102386055,0.999987547004426,False,False,False
Dusp2,0.19374233080806574,0.2813887997567809,-0.256939742941181,0.999987547004426,False,False,False
Fahd2a,0.007524074248518012,0.9866642934350298,0.154454506726182,0.999987547004426,False,False,False
Mrps5,0.01818683677587131,0.9523599453134791,-0.523198699157388,0.999987547004426,False,False,False
Nphp1,0.34610283239605005,0.6877291564020074,-0.596585371628992,0.999987547004426,False,False,False
Bub1,-0.33302223340016934,0.31050453315278065,0.232905739967941,0.999987547004426,False,False,False
Bcl2l11,0.30301077158071055,0.13858069295830974,-0.358110468858706,0.999987547004426,False,False,False
Ndufaf5,-0.09316341408563143,0.6918085976917987,0.0808004416155148,0.999987547004426,False,False,False
Zc3h8,-0.3714883012461443,0.2677018376604148,-0.0885520287776549,0.999987547004426,False,False,False
Ttl,0.584340958355118,0.20383318687477678,-0.347386856446669,0.999987547004426,False,False,False
Polr1b,0.15888782562154133,0.6762060380684847,-0.0193790518511916,0.999987547004426,False,False,False
Slc20a1,0.13178995827142495,0.6269775619520398,-0.306959441525706,0.999987547004426,False,False,False
Il1b,0.6881337269409158,1.1036931039578409e-07,0.212343285997707,0.999987547004426,True,False,False
Il1a,0.9924137760049144,0.04692478995384137,0.564656004525445,0.999987547004426,True,False,False
Snrpb,0.004000838478852357,0.9831636975666895,-0.353717629964617,0.999987547004426,False,False,False
Nop56,-0.1681841821152146,0.22218574942896338,-0.438773245934062,0.999987547004426,False,False,False
Idh3b,-0.04450051255544829,0.797528413222914,0.119102499260002,0.999987547004426,False,False,False
Vps16,0.129817647169286,0.5171464091201846,-0.191098245537945,0.999987547004426,False,False,False
Rrbp1,0.23414115884186434,0.08675607916362196,-0.525815318904947,0.999987547004426,False,False,False
Snx5,-0.22881592084709523,0.06742809536899086,-0.506618026736199,0.999987547004426,False,False,False
Kat14,-0.0018338517339391478,0.9955815039916248,-0.0939722835924988,0.999987547004426,False,False,False
Rbbp9,0.7577167238942957,0.0019193201755006227,0.0248713166402776,0.999987547004426,True,False,False
Sec23b,0.04191800765992548,0.8517417112931032,-0.0865770829978043,0.999987547004426,False,False,False
Dtd1,-0.5465448548369006,0.010961021799999875,-0.143239308391445,0.999987547004426,True,False,False
Xrn2,-0.12582915776815282,0.36479826261216425,-0.842653495681603,0.999987547004426,False,False,False
Cd93,1.0279141177824505,0.0017587764118241148,-0.738148537381413,0.999987547004426,True,False,False
Napb,-0.09861088541834168,0.8529788838185697,1.43907321429395,0.999987547004426,False,False,False
Cst3,-0.11769853242722225,0.5240481203251828,-0.0940271902246277,0.999987547004426,False,False,False
Acss1,0.660000214753781,8.577844885959647e-06,-0.552193297799937,0.999987547004426,True,False,False
Nsfl1c,0.0697197905923312,0.6619248528428577,-0.175505748362776,0.999987547004426,False,False,False
Sdcbp2,0.10332033562276768,0.8904581230836108,0.489020974077927,0.999987547004426,False,False,False
Fam110a,1.0454136076514682,8.093314732668185e-08,0.0503600758615663,0.999987547004426,True,False,False
Tbc1d20,-0.07379499751941603,0.7591411870160357,-0.0532401826669142,0.999987547004426,False,False,False
Rbck1,0.04203264993169536,0.827124560682273,-0.265718481982552,0.999987547004426,False,False,False
Tpx2,-0.6980567948285823,3.611688119045053e-05,-0.0682785541677564,0.999987547004426,True,False,False
Pdrg1,-0.2574177413340671,0.03610208994127209,0.0166011861142117,0.999987547004426,True,False,False
Kif3b,-0.22618224174507193,0.4323978767949249,0.161994605183521,0.999987547004426,False,False,False
Mapre1,0.03072657692507593,0.860984954881271,1.2796539754215,0.999987547004426,False,False,False
Cdk5rap1,0.2718437059376128,0.8384634411058023,-0.649020061714235,0.999987547004426,False,False,False
Snta1,1.0930068473422077,1.9025596242982367e-05,-0.524713063247205,0.999987547004426,True,False,False
E2f1,0.0370857785060709,0.9010264209587145,-0.0748409850154363,0.999987547004426,False,False,False
Fam210b,0.35783133098257264,0.057951851123780436,-0.105140698359307,0.999987547004426,False,False,False
Cstf1,-0.082256135350351,0.7235220799998778,-0.261646739430155,0.999987547004426,False,False,False
Rtf2,0.14084312587574616,0.29723247956298066,0.391649892129352,0.999987547004426,False,False,False
Tpd52,0.39546143627972896,0.0004747729346119687,0.656713798307284,0.999987547004426,True,False,False
Pag1,-0.23973157586498592,0.37762892799637116,-0.264247374667248,0.999987547004426,False,False,False
Rae1,-0.04893672255943488,0.8030467147626096,-0.444881754214252,0.999987547004426,False,False,False
Rbm38,-0.11823304937776134,0.77858921041598,-0.0459381211434202,0.999987547004426,False,False,False
Zbp1,-0.2710048383762958,0.13445968421153337,-0.736310238385808,0.999987547004426,False,False,False
Rab22a,0.14320447470365094,0.3820289873841904,-0.397030862762351,0.999987547004426,False,False,False
Zdbf2,0.6116507192111528,0.3423128335413465,0.233621842798996,0.999987547004426,False,False,False
Stx16,-0.33849314882800585,0.04068226540538424,-0.189521142709995,0.999987547004426,True,False,False
Impa1,0.040323099588549335,0.8428598401468632,0.119492763838744,0.999987547004426,False,False,False
Fabp5,0.45361230909446526,0.28110746129484204,-1.18513897289638,0.999987547004426,False,False,False
Snx16,0.08078605610702642,0.8061826256827378,0.556700399987978,0.999987547004426,False,False,False
Chmp4c,-0.17035008421481201,0.8396501110246026,-0.515889756009908,0.999987547004426,False,False,False
Ptpn1,0.5355698354621876,1.6285430325880585e-06,-0.219262254310333,0.999987547004426,True,False,False
Nfatc2,-0.5514827877018694,0.0013283937509745553,0.93224318529376,0.999987547004426,True,False,False
Zfp64,0.5089507099743465,0.007587533638387862,-0.548719763710964,0.999987547004426,True,False,False
E2f5,0.36382369503728806,0.09446934510103418,0.591038841104557,0.999987547004426,False,False,False
Car13,-0.09403647687789315,0.8846014465348851,0.453141315124422,0.999987547004426,False,False,False
Car2,0.7880662398624871,7.439787211652394e-07,0.4304220361505,0.999987547004426,True,False,False
Psma7,0.14199608201198138,0.29976694936975773,0.0954674543648899,0.999987547004426,False,False,False
Mrgbp,-0.05009604266077424,0.8248436555234451,0.114240153976845,0.999987547004426,False,False,False
Gid8,0.08146167668155846,0.7008803631777082,-0.318778597797152,0.999987547004426,False,False,False
Arfgap1,0.16082001982095517,0.37813705428509076,-0.147244460240314,0.999987547004426,False,False,False
Srms,-0.7998662825326218,0.04131276427868984,-0.144671244090848,0.999987547004426,True,False,False
Helz2,-0.2688176689936092,0.17530216704613583,-0.352969239717177,0.999987547004426,False,False,False
Zbtb46,-0.3370207442613813,0.005359735244500631,-0.110595972300505,0.999987547004426,True,False,False
Pcmtd2,-0.0471214766487379,0.8505367199185737,-0.273760210080574,0.999987547004426,False,False,False
Raly,0.07159623647629323,0.7363656763196608,-0.226475373945415,0.999987547004426,False,False,False
Ahcy,-0.15115379412635296,0.5721183737626799,-0.15734297732669,0.999987547004426,False,False,False
Itch,-0.35184458539245134,0.016863895651307095,-0.221264604857502,0.999987547004426,True,False,False
Mtfr1,-0.04687624229988011,0.8799015210847739,-0.0747553364822977,0.999987547004426,False,False,False
Map1lc3a,0.5310771348232949,0.00016706485588073526,-0.435392963798256,0.999987547004426,True,False,False
Acss2,0.11534472160606925,0.7436446467404654,-0.220858526563235,0.999987547004426,False,False,False
Gss,0.3101532386770548,0.1564593338326703,-0.491208899819794,0.999987547004426,False,False,False
Procr,0.4417132497062917,0.009021818114623235,0.408681141487612,0.999987547004426,True,False,False
Eif6,0.16571212501182198,0.1894299057961203,-0.231145617537474,0.999987547004426,False,False,False
Hps3,-0.16594572811633226,0.2557164292975014,0.4013283108813,0.999987547004426,False,False,False
Nfs1,0.046902142599718755,0.8236221728979068,-0.0781209094625677,0.999987547004426,False,False,False
Rbm39,-0.26545475859151224,0.012553491069132656,-0.315423788266218,0.999987547004426,True,False,False
Epb41l1,0.3609231447973098,0.7428225649905199,-0.362466609665535,0.999987547004426,False,False,False
Aar2,0.04790686676324293,0.8721196134284568,-0.869457998402906,0.999987547004426,False,False,False
Ndrg3,-0.18904595000737032,0.29207674518962123,-0.300833898778591,0.999987547004426,False,False,False
Dsn1,-0.23139509165907074,0.44942342632255516,-0.651863560840662,0.999987547004426,False,False,False
Sla2,-0.24470253363924918,0.8131177729545378,-0.0244287299063197,0.999987547004426,False,False,False
Rab5if,0.07843701079326078,0.6377540904202867,-0.188864025648501,0.999987547004426,False,False,False
Samhd1,-0.09350693242018729,0.5379906266238106,0.539146346033436,0.999987547004426,False,False,False
Rbl1,-0.31170348897114125,0.053215891129756276,0.237270624722459,0.999987547004426,False,False,False
Rpn2,0.20419282216393425,0.0943286281825428,-0.267962490543303,0.999987547004426,False,False,False
Src,0.16083755211352754,0.8742918093527448,0.127321436396401,0.999987547004426,False,False,False
Ctnnbl1,0.051642456543178866,0.7942636914623343,-0.292970612875543,0.999987547004426,False,False,False
Tti1,-0.04217044055524321,0.8882959583716785,0.512313842663859,0.999987547004426,False,False,False
Ralgapb,-0.3634011448490248,0.04018017554515096,-0.254553060632459,0.999987547004426,True,False,False
Fam83d,-0.1507318532844685,0.8249273031631469,-0.0653659095483192,0.999987547004426,False,False,False
Dhx35,-0.09379102673213513,0.8172153314454853,-0.346064352126716,0.999987547004426,False,False,False
Skil,0.24291000038071192,0.21949686282440373,0.0634953103457825,0.999987547004426,False,False,False
Zmat3,-0.2734005524149895,0.52603532200481,-0.200914320345262,0.999987547004426,False,False,False
Pik3ca,-0.1273931524061173,0.5885779918589311,0.375271038993001,0.999987547004426,False,False,False
Zfp639,-0.03567584191331679,0.8884734723895006,-0.170974074855329,0.999987547004426,False,False,False
Mfn1,0.029587253975703103,0.9441266932863605,-0.0462548623080057,0.999987547004426,False,False,False
Gnb4,0.35174613023231843,0.13834118149486446,-0.625772665187571,0.999987547004426,False,False,False
Ocstamp,1.2720558427808608,1.4778633863395729e-09,-1.05011837863929,0.999987547004426,True,False,False
Actl6a,0.039069974187811336,0.8566202715472785,1.07170092858039,0.999987547004426,False,False,False
Ndufb5,0.071059500232715,0.7148370881049119,-0.317890471859052,0.999987547004426,False,False,False
Ncoa3,-0.2250410607248616,0.08675607916362196,-0.710364473975647,0.999987547004426,False,False,False
Dnajc19,0.07029147577500906,0.7230907973996046,-0.129229864250605,0.999987547004426,False,False,False
Fxr1,-0.21685665030374943,0.20784970822363757,0.193525762835231,0.999987547004426,False,False,False
Tnik,-0.9032448597983973,0.022860734936611258,0.109091769079348,0.999987547004426,True,False,False
Pld1,0.10836440801094947,0.7770713339032767,-0.368591443057074,0.999987547004426,False,False,False
Nceh1,0.5754794653351676,0.001626984792549317,0.27589833570634,0.999987547004426,True,False,False
Ect2,-0.31224992066671253,0.3226191673828183,0.04143422117372,0.999987547004426,False,False,False
Sec62,0.01914544734454724,0.9316946325490463,-0.166811038003729,0.999987547004426,False,False,False
Mccc1,0.12833587235940844,0.5929241828112335,0.108952152326289,0.999987547004426,False,False,False
Acad9,-0.20810198719170714,0.207221306938173,0.394218433601726,0.999987547004426,False,False,False
Anxa5,0.4180273884929381,1.14769375393032e-05,0.0286913485445215,0.999987547004426,True,False,False
Ccna2,-0.4765279556231864,0.0024176702771483358,0.0174132134459413,0.999987547004426,True,False,False
Slc7a11,0.5086329236573017,0.0026310945777126473,-0.163305969980269,0.999987547004426,True,False,False
Rab33b,0.2674165550073702,0.1441897249770163,-0.159085618393867,0.999987547004426,False,False,False
Cog6,-0.020109351107882104,0.9494327712140296,-0.582185053723223,0.999987547004426,False,False,False
Ufm1,0.05321406014281506,0.804272879215765,0.817200215428993,0.999987547004426,False,False,False
Postn,2.976661981525611,0.00029225088089291626,-2.01925476933342,0.999987547004426,True,False,False
Supt20,-0.3039226003469726,0.01013256009447754,0.260895984693991,0.999987547004426,True,False,False
Exosc8,0.0752408925418828,0.6782327336724406,-0.197040004667322,0.999987547004426,False,False,False
Sucnr1,0.7273653727816669,2.8614337349968625e-06,-0.169116785138799,0.999987547004426,True,False,False
Mbnl1,-0.48110843436243683,1.8699856693099538e-06,0.231006786193785,0.999987547004426,True,False,False
P2ry1,-0.15883539977773684,0.7443357920768162,-0.570899958840495,0.999987547004426,False,False,False
Dhx36,-0.31991592433021665,0.010163222109707973,0.869078486452628,0.999987547004426,True,False,False
Gfm1,0.19332635885060742,0.31125002481204417,-0.138592330229335,0.999987547004426,False,False,False
Mfsd1,0.39786378900729485,0.00010653115629822221,-0.482068180925446,0.999987547004426,True,False,False
Ift80,0.01799721988816854,0.9698027946103345,-0.0743208110149096,0.999987547004426,False,False,False
Kpna4,-0.28417002023224,0.010166291869400861,-0.040393976760269,0.999987547004426,True,False,False
Nmd3,-0.05832804751525582,0.7490465276728,-0.302106013941463,0.999987547004426,False,False,False
Dclk1,-0.016631885962093456,0.9896050024687432,-1.20292622114152,0.999987547004426,False,False,False
Nbea,-0.5730051066085107,0.21508118623053746,0.133119317997044,0.999987547004426,False,False,False
Ppid,-0.07815027900244625,0.6263495785724827,-0.265209115409648,0.999987547004426,False,False,False
Tsc22d2,-0.014722820136204398,0.9595641354747906,0.177432883588167,0.999987547004426,False,False,False
Serp1,0.16600932503876253,0.13729440211783372,-0.0408220577340099,0.999987547004426,False,False,False
Etfdh,0.1736700237900894,0.33814045338634985,0.20694075710773,0.999987547004426,False,False,False
4930579G24Rik,0.03495164592068805,0.9135681970294637,-0.0599191921724618,0.999987547004426,False,False,False
Slc33a1,-0.03965595594428786,0.8936619730297106,0.0123379238247701,0.999987547004426,False,False,False
Gmps,0.05199653277778743,0.8036951845488851,-0.0872891870901196,0.999987547004426,False,False,False
Ssr3,0.20220808043841315,0.16346672018471461,-0.286371978299215,0.999987547004426,False,False,False
Ccnl1,0.06773497650357672,0.6892827888684521,0.109564193527071,0.999987547004426,False,False,False
Serpini1,0.22192335001534902,0.4059515261771168,-0.690504800870628,0.999987547004426,False,False,False
Ptpn22,-0.11926010226943948,0.4526066914839464,0.385049349829083,0.999987547004426,False,False,False
Olfml3,-0.04979062443345271,0.9593255557313926,-0.513842060128521,0.999987547004426,False,False,False
Nras,0.061722107465181746,0.7430332305028575,-0.206571246056249,0.999987547004426,False,False,False
Sike1,0.012258854646617861,0.9604623751640087,-0.0232304503635419,0.999987547004426,False,False,False
Tspan2,-0.6406039445186867,1.0612731477170728e-07,-0.332994832098795,0.999987547004426,True,False,False
Vangl1,0.9576326057627396,0.24124646948866327,-1.14914494054646,0.999987547004426,False,False,False
Cd2,0.4081162590013448,0.6810176227679929,-1.3353427589947,0.999987547004426,False,False,False
Ptgfrn,0.7681093823029133,0.4711286222694903,-0.16988701694947,0.999987547004426,False,False,False
Notch2,-0.5302814898776377,0.0027254941229452353,-0.404448641778282,0.999987547004426,True,False,False
Sec22b,-0.03204676887977107,0.8763912114081008,-0.578116632158878,0.999987547004426,False,False,False
Prpf38b,-0.12695586542966875,0.42088493044470443,-0.0475134424515291,0.999987547004426,False,False,False
Stxbp3,0.391301720775566,0.001201601798675463,-0.103225759295987,0.999987547004426,True,False,False
Gpsm2,0.1901357236669824,0.8939094391373537,0.678537860703254,0.999987547004426,False,False,False
Clcc1,0.11320008725811821,0.5406363174079136,0.450005898515246,0.999987547004426,False,False,False
Ampd2,0.0453255168839499,0.8922473664603778,-0.285436620023407,0.999987547004426,False,False,False
Gstm4,0.24659826910211677,0.3512675453906551,-0.502206175737129,0.999987547004426,False,False,False
Ahcyl1,0.1367178370095842,0.45812443334394826,0.339297919860616,0.999987547004426,False,False,False
Dram2,-0.05164611952199496,0.7645764966072875,-0.394783124466461,0.999987547004426,False,False,False
Dennd2d,-0.725946636480193,0.0011822683313039155,-0.0847706720172168,0.999987547004426,True,False,False
Ddx20,-0.16860498164020293,0.5421005158979597,-0.620161072581973,0.999987547004426,False,False,False
S100a11,-0.39768225784913735,0.00673373358760563,-0.307633560691395,0.999987547004426,True,False,False
Ints3,-0.2921875070131791,0.25406171245668857,-0.264482158528097,0.999987547004426,False,False,False
Crtc2,-0.011611333518547278,0.961203283236292,-0.185852914752547,0.999987547004426,False,False,False
Jtb,0.036790955104359,0.8493968937111981,-0.222977335744591,0.999987547004426,False,False,False
Nup210l,-0.6031062685533791,0.40891158310462955,0.0096643645252401,0.999987547004426,False,False,False
Tpm3,-0.03073283510334889,0.8494562405810597,-0.188837943156412,0.999987547004426,False,False,False
Hax1,0.25817169551057995,0.0256003234772028,0.58611369909854,0.999987547004426,True,False,False
Il6ra,0.22164579712430368,0.24579025435359253,0.649193710413937,0.999987547004426,False,False,False
Chrnb2,-0.8922388222103822,0.3403398646443774,0.180620170727226,0.999987547004426,False,False,False
Adar,0.014278642593111398,0.9563684944287323,-0.0566177659657265,0.999987547004426,False,False,False
Pmvk,-0.0513327990515337,0.8522563416774248,-0.563938387870063,0.999987547004426,False,False,False
Slc50a1,0.0009356475733268932,0.9961545872500016,-0.231376005596056,0.999987547004426,False,False,False
Gask1b,-0.11087717309126938,0.8645388169034103,0.0860537321632826,0.999987547004426,False,False,False
Slc35a3,-0.12401022441105143,0.5878346088123644,0.731021633664855,0.999987547004426,False,False,False
Sass6,-0.052897642066703006,0.8880287506012291,-0.118440561089602,0.999987547004426,False,False,False
Larp7,0.07961710758522471,0.6343611946929788,0.0812450703052843,0.999987547004426,False,False,False
Ndst4,0.13981590096459245,0.8833991339082673,1.82005125301181,0.999987547004426,False,False,False
Rnpc3,-0.055948477473762706,0.7881640000014293,0.239168710457289,0.999987547004426,False,False,False
Cyp2u1,0.12784608844744277,0.901718385039789,-0.373158483091514,0.999987547004426,False,False,False
Hadh,0.614727502463475,0.0005565026347898903,-0.312999398055624,0.999987547004426,True,False,False
Trim2,-0.10126883178246547,0.8504339483193173,-0.550159201843386,0.999987547004426,False,False,False
Mcub,1.308775666687177,7.379383148697048e-17,-0.504008037554375,0.999987547004426,True,False,False
Tlr2,0.714627835230249,3.1524674533214e-05,-0.957108990338507,0.999987547004426,True,False,False
Casp6,0.21628770516256823,0.25813195592920835,-0.147386630473982,0.999987547004426,False,False,False
Plrg1,0.13708079175513754,0.37134793636683056,-0.346001197645099,0.999987547004426,False,False,False
Pla2g12a,0.5683816937190526,0.030523889370733293,-0.154504566235252,0.999987547004426,True,False,False
Gar1,0.008565962487230025,0.9810900168727218,-0.157753636792778,0.999987547004426,False,False,False
Tdo2,0.31033871191296547,0.8207675779827822,0.209752765808962,0.999987547004426,False,False,False
Ppa2,0.24946369486845751,0.07615290151178807,-0.66182096797673,0.999987547004426,False,False,False
Ctso,-0.31358036147167945,0.013541862513706033,0.336120699109278,0.999987547004426,True,False,False
Ints12,0.08012318740619384,0.7414993562915936,-0.0855322570359132,0.999987547004426,False,False,False
Gstcd,-0.6139955962932315,0.02762238068792918,-0.0913700161872146,0.999987547004426,True,False,False
Alpk1,-0.02587085518481447,0.9340395343998623,0.367358977130027,0.999987547004426,False,False,False
Tbck,-0.22456045236568134,0.3131921843566795,-0.0416599718710433,0.999987547004426,False,False,False
Dkk2,-0.0014806486773791714,0.9966471930960837,-0.3645979301088,0.999987547004426,False,False,False
Papss1,0.34200969404702164,0.04323693172985195,0.246958926846178,0.999987547004426,True,False,False
Fubp1,-0.21554657801257368,0.11712389394545422,-0.193880260413625,0.999987547004426,False,False,False
Ifi44,0.032293786357883214,0.8910645262026607,-0.443549367337525,0.999987547004426,False,False,False
Efna4,0.9260966442825362,0.1905730787735398,-0.177369680422617,0.999987547004426,False,False,False
Adam15,0.9960947903298907,1.1205295535140829e-05,-0.123902616145181,0.999987547004426,True,False,False
Zbtb7b,-0.1736668732230305,0.5393315197667847,-0.236077696937969,0.999987547004426,False,False,False
Scamp3,0.20823870450198995,0.15783045962228012,-0.442232784242777,0.999987547004426,False,False,False
Hcn3,0.22628453430103895,0.7645435808438655,-0.215522912318898,0.999987547004426,False,False,False
Ash1l,-0.20861324375941434,0.17574635027506424,-0.150587037291175,0.999987547004426,False,False,False
Rit1,0.12232529159524747,0.5512743813015881,-0.364787705446327,0.999987547004426,False,False,False
Arhgef2,-0.09871382376669859,0.48766247907344806,-0.204220206516061,0.999987547004426,False,False,False
Khdc4,-0.09759676886416652,0.5652859325896226,-0.0827105901541536,0.999987547004426,False,False,False
Lmna,1.1037608699512063,0.08259426779585896,-0.467172850499169,0.999987547004426,False,False,False
Sema4a,0.699165851495818,0.0035831885727055607,-0.683013425034373,0.999987547004426,True,False,False
Pmf1,-0.11971101885114005,0.5587391207080057,-0.242675229527195,0.999987547004426,False,False,False
Iqgap3,-0.373774908799045,0.3856042975352682,-0.128413913477021,0.999987547004426,False,False,False
Gpatch4,0.0637957364298705,0.8522563416774248,-0.264878710952575,0.999987547004426,False,False,False
Naxe,0.1403569099346325,0.37813705428509076,-0.448190690659078,0.999987547004426,False,False,False
Cd1d1,-0.326645943447705,0.06977180224096559,-0.139891377362943,0.999987547004426,False,False,False
Lrba,-0.2987920462196526,0.17384417629924867,-0.393574434448414,0.999987547004426,False,False,False
Fbxw7,-0.2620935722471781,0.23477628779617807,-0.288259239466936,0.999987547004426,False,False,False
Fmo5,-0.3725024949377757,0.03172177160687623,-0.684625710443885,0.999987547004426,True,False,False
Chd1l,-0.16609259206819899,0.5830850847719783,0.0951966201651162,0.999987547004426,False,False,False
Acp6,0.17743060228859073,0.42893094390549097,-0.361706308044718,0.999987547004426,False,False,False
Gpr89,-0.007901601563057742,0.9810999142880231,0.0504504382866147,0.999987547004426,False,False,False
Rnf115,0.12460019534209367,0.43674263422836024,-0.277442069338453,0.999987547004426,False,False,False
Nudt17,-0.43077116630879686,0.06194533702360808,-0.52195392645356,0.999987547004426,False,False,False
Pias3,0.026783610909917183,0.9510262550036227,-0.190634126983102,0.999987547004426,False,False,False
Polr3gl,0.11579381220711268,0.7836857267426761,-0.1011432617012,0.999987547004426,False,False,False
Rprd2,0.013721941032244512,0.9646238847919496,-0.351381215951889,0.999987547004426,False,False,False
Tars2,0.0011349256619449513,0.9959305395465365,-0.425832673992939,0.999987547004426,False,False,False
Mettl14,-0.10927463737135318,0.7062544507800047,0.464125793638664,0.999987547004426,False,False,False
Gclm,0.07655058150048305,0.7993054396921837,-0.0304349797998569,0.999987547004426,False,False,False
Pip5k1a,0.00924895414290918,0.9763262639275081,-0.103290286923289,0.999987547004426,False,False,False
Abcd3,0.40240755976369214,0.03293111448506653,-0.281299051644091,0.999987547004426,True,False,False
Rwdd3,-0.5790076435751735,0.3354123253863454,-0.119247222174577,0.999987547004426,False,False,False
Ptbp2,0.018386746976051905,0.9544463775683181,0.206877966328951,0.999987547004426,False,False,False
Snx27,0.09106753830730213,0.69143983108806,-0.15332231236386,0.999987547004426,False,False,False
Adh5,0.12069544219116383,0.40457391658824754,-0.0853038630619025,0.999987547004426,False,False,False
Mrpl9,-0.3347409008619007,0.05760164510090515,-0.111718942171872,0.999987547004426,False,False,False
Them4,-0.3502041886738616,0.5411492466832241,-0.288655428787411,0.999987547004426,False,False,False
Rap1gds1,-0.14844822729542553,0.3333807837066149,0.341245533813517,0.999987547004426,False,False,False
Tspan5,0.49398034427661586,0.0793510531292687,-1.04140865718262,0.999987547004426,False,False,False
Eif4e,0.21989621813984384,0.07244452586175397,0.38340121731308,0.999987547004426,False,False,False
Mttp,-0.4041400255632538,0.1131956718895631,0.165632768508784,0.999987547004426,False,False,False
Dapp1,0.005802837666232642,0.976336811370446,0.444797500428036,0.999987547004426,False,False,False
Ppp3ca,0.22657283933339797,0.2582204126194056,0.0695935754845243,0.999987547004426,False,False,False
Nfkb1,0.049767679734404165,0.8145751696273819,0.566444340679648,0.999987547004426,False,False,False
Manba,0.21054772841136912,0.2865842082541417,-0.0673899839080301,0.999987547004426,False,False,False
Wls,0.9812122502096641,1.9172965079217823e-11,-0.613490204956239,0.999987547004426,True,False,False
Depdc1a,-0.34651438330751094,0.23182049968469395,0.724526558405185,0.999987547004426,False,False,False
Zranb2,-0.09790193382411082,0.5582147680043852,0.0502588958739114,0.999987547004426,False,False,False
Dnase2b,0.3954237731388864,0.7542784337723965,1.04455277930585,0.999987547004426,False,False,False
Rpf1,0.011033477532664482,0.9609228358568633,0.079839195483955,0.999987547004426,False,False,False
Spata1,-0.49303565352739454,0.149056100890452,-0.213934456486834,0.999987547004426,False,False,False
Ctbs,0.23281984039692605,0.25378456010946054,0.340493949525981,0.999987547004426,False,False,False
Bcl10,0.16608310941997534,0.20334519997834227,0.645084699954988,0.999987547004426,False,False,False
Cryz,-0.16724609376221058,0.6195326540164515,0.970832685017112,0.999987547004426,False,False,False
Asph,0.41297883108341205,0.01584146353366296,-0.325616743224114,0.999987547004426,True,False,False
Trp53inp1,0.007917093875023875,0.9831636975666895,0.803286246930968,0.999987547004426,False,False,False
Ccne2,-0.6528790084480626,2.8775076323375196e-05,0.202906247772342,0.999987547004426,True,False,False
Gem,0.34093427377962465,0.09621473452526123,-0.210201634082043,0.999987547004426,False,False,False
Cdh17,-0.8186835396639556,6.546581391155658e-05,0.285581177972086,0.999987547004426,True,False,False
Pip4p2,0.6813456054934223,0.001001410021553175,-1.16530418188237,0.999987547004426,True,False,False
Decr1,0.05545634273397562,0.8402470985968682,-0.129920740584165,0.999987547004426,False,False,False
Cpne3,0.06824953388778524,0.7232923833619375,0.0382252449029359,0.999987547004426,False,False,False
Rmdn1,-0.17587167785266136,0.3432176795502864,0.0892954656170772,0.999987547004426,False,False,False
Tgs1,-0.2139125642743903,0.15262422703396505,-0.20107485602976,0.999987547004426,False,False,False
Rps20,-0.09616827268481982,0.6597726327046131,-0.151125877037638,0.999987547004426,False,False,False
Ubxn2b,0.14936787271991028,0.5284990293978508,-0.3703935529132,0.999987547004426,False,False,False
Nsmaf,-0.3157172814732847,0.004120307778920095,0.90129128160755,0.999987547004426,True,False,False
Coq3,0.08716328593930964,0.7228978595474901,0.752725401136619,0.999987547004426,False,False,False
Pnisr,-0.293505472105917,0.026056943276284123,-0.0971294932787421,0.999987547004426,True,False,False
Sdcbp,0.5693433882028062,2.413792208658164e-09,0.189144936258653,0.999987547004426,True,False,False
Tstd3,0.20514752432365185,0.2709621591873317,0.0248749749423851,0.999987547004426,False,False,False
Ccnc,0.04336542999014353,0.8619939430949327,-0.298436410210505,0.999987547004426,False,False,False
Odf2l,-0.19209765153208228,0.5529010518783766,-0.0521844348509966,0.999987547004426,False,False,False
Ndufaf4,-0.2497274889196351,0.1905730787735398,-0.493962350314014,0.999987547004426,False,False,False
Lmo4,0.11387638760727721,0.5436930069451114,-0.146037991212654,0.999987547004426,False,False,False
Gbp3,0.5510393090819351,0.020630736602330172,-0.115661106985845,0.999987547004426,True,False,False
Gbp2,-0.08675071075865884,0.7934946544971327,-0.60722899685913,0.999987547004426,False,False,False
Gtf2b,0.19486871415366075,0.1623058317185713,0.183853540120234,0.999987547004426,False,False,False
Pdlim5,0.29831723339065097,0.059581606472925104,0.286490640015983,0.999987547004426,False,False,False
Rngtt,-0.04413298074632576,0.860984954881271,0.0705993559104847,0.999987547004426,False,False,False
Ube2j1,0.3602009610968834,0.01661011239444306,0.115250983675184,0.999987547004426,True,False,False
Rragd,0.3034293064282855,0.6922952134510982,-0.618213880094992,0.999987547004426,False,False,False
Map3k7,-0.07594727692837405,0.7626113924033937,-0.124483802554034,0.999987547004426,False,False,False
Epha7,-0.5525505923376187,0.6040475421327323,-0.269157395740471,0.999987547004426,False,False,False
Akirin2,0.04521572031314629,0.8441040082191579,0.693447856278567,0.999987547004426,False,False,False
Slc35a1,0.13622547423876674,0.44639359628172787,0.148599774473203,0.999987547004426,False,False,False
Smim8,-0.1624578015583147,0.4854912409810025,0.061046071721468,0.999987547004426,False,False,False
C9orf72,0.33953542637866463,0.04057059427490176,0.756368892355675,0.999987547004426,True,False,False
Smc2,-0.24334597054782142,0.059581606472925104,-0.0302870832771855,0.999987547004426,False,False,False
Polr1e,-0.08007315737300161,0.745445471138817,0.737338058688563,0.999987547004426,False,False,False
Stra6l,-0.8665549508389861,5.841264683526827e-15,-0.146212204152365,0.999987547004426,True,False,False
Tmod1,0.5655104796498784,0.5845675617388935,-0.247994640144842,0.999987547004426,False,False,False
Xpa,-0.08498254607006452,0.7188611106654755,-0.210110646066249,0.999987547004426,False,False,False
Trmo,-0.3298974588789479,0.09341558942594422,0.262762246734651,0.999987547004426,False,False,False
Hemgn,0.9356518490466007,0.07378011630327226,-0.552493290980223,0.999987547004426,False,False,False
Anp32b,-0.11038153406752611,0.42346155710680594,-0.269431197961984,0.999987547004426,False,False,False
Nans,0.3064084493090302,0.017592482826404313,-0.346833359522141,0.999987547004426,True,False,False
Coro2a,-0.054988152681377314,0.924157113753921,-0.140007162175367,0.999987547004426,False,False,False
Nr4a3,-0.08649485582593454,0.7022749051502936,-0.0088633437540508,0.999987547004426,False,False,False
Erp44,0.18770890985896285,0.1458488705752347,0.284532840191309,0.999987547004426,False,False,False
Invs,-0.25686227698513053,0.21923226610681795,-0.200695897041953,0.999987547004426,False,False,False
Tex10,0.0781092769039203,0.6918489407960852,-0.398974192923458,0.999987547004426,False,False,False
Tmeff1,0.5014649351114324,0.15931753379572589,-0.659305888268202,0.999987547004426,False,False,False
Slc44a5,-0.02512885740276477,0.9549648063971518,-0.433373193060837,0.999987547004426,False,False,False
Tnfsf8,-1.731951458415083,2.432967270565634e-09,0.567060260372952,0.999987547004426,True,False,False
Txn1,0.3164446374818067,0.08262004107164296,-0.189289676557834,0.999987547004426,False,False,False
Ptgr1,0.5280848763752835,0.06509050399671595,-0.955692081925642,0.999987547004426,False,False,False
Ugcg,-0.0008663524585535222,0.9968028550036951,-0.763210870199653,0.999987547004426,False,False,False
Ptbp3,-0.19533151441072402,0.16309028574167997,-0.0213614434775833,0.999987547004426,False,False,False
Hsdl2,0.05530857810648071,0.8125892654598571,-0.127872271234823,0.999987547004426,False,False,False
Snx30,-0.09351382408286613,0.7455421847036058,-0.263068548306373,0.999987547004426,False,False,False
Wdr31,-0.028486719168674693,0.9813897054386018,-0.351102724368767,0.999987547004426,False,False,False
Alad,0.28729189903757885,0.12704694323334345,-0.110324043254585,0.999987547004426,False,False,False
Dmac1,0.09471899626944734,0.6263772282656914,-0.266961912928836,0.999987547004426,False,False,False
Zdhhc21,-0.15724876701387322,0.4620789937346774,-0.2283118304799,0.999987547004426,False,False,False
Aco1,0.24989730717683242,0.2563275275681461,-0.364816757954419,0.999987547004426,False,False,False
Smim27,0.07532670094859228,0.8067050474258558,-0.15457269571238,0.999987547004426,False,False,False
Smu1,0.041943350665791405,0.8085244062652077,0.0299972919537712,0.999987547004426,False,False,False
Dnaja1,0.2779049440911745,0.08055841289133635,0.293927627198709,0.999987547004426,False,False,False
Aptx,0.22428132416174348,0.19732400819255308,-0.282218685051962,0.999987547004426,False,False,False
Slc44a1,-0.20674367045835026,0.2855649143185193,0.412729508724293,0.999987547004426,False,False,False
B4galt1,-0.10852242364481283,0.6395470391509405,-0.22721816092608,0.999987547004426,False,False,False
Fktn,-0.30011923627582066,0.33339859730035715,-0.0903526740040332,0.999987547004426,False,False,False
Bag1,0.24810391294988854,0.0454061155230177,0.012195356003958,0.999987547004426,True,False,False
Tmem38b,0.0896194579163892,0.7985109418940245,0.230879259374468,0.999987547004426,False,False,False
Nfx1,-0.1497384943907514,0.3774459351028361,0.276791023558172,0.999987547004426,False,False,False
Rad23b,0.13013150484919064,0.49399028948717466,0.267328103791169,0.999987547004426,False,False,False
Nol6,-0.041769213563002255,0.8927247068744276,0.28819002851536,0.999987547004426,False,False,False
Ubap2,-0.13641894969556045,0.527368909155604,-0.0360903094655205,0.999987547004426,False,False,False
Epb41l4b,-0.8874694305232144,0.11196064864622877,-0.153817463067602,0.999987547004426,False,False,False
Dcaf12,-0.18099180108189872,0.3358367756241012,0.110007049269877,0.999987547004426,False,False,False
Ubap1,0.022726768255797152,0.9251879110789692,0.636363595886592,0.999987547004426,False,False,False
Fam219a,-0.06328749264268484,0.9112226587003062,0.680807843916893,0.999987547004426,False,False,False
Nudt2,-0.11770438384186802,0.669236970230596,-0.111227645192228,0.999987547004426,False,False,False
Enho,-0.23614148446559685,0.6083782082079074,-0.272338331146194,0.999987547004426,False,False,False
Dctn3,0.24225713512443264,0.045856400777109764,-0.159751896647053,0.999987547004426,True,False,False
Vcp,0.24964278848087817,0.04683726996385707,-0.176536644833472,0.999987547004426,True,False,False
Fancg,0.2727518388734523,0.1726401744664763,-0.328105820598555,0.999987547004426,False,False,False
Pigo,-0.12641104517499369,0.6779019689302728,-0.31849427923697,0.999987547004426,False,False,False
Stoml2,0.10946504475472019,0.5166659512774401,-0.19962527725477,0.999987547004426,False,False,False
Atp8b5,-0.6551678763023012,0.44496568650192625,0.599326382960303,0.999987547004426,False,False,False
Tesk1,0.5087174583981021,0.0003374658456445249,-0.448117738872022,0.999987547004426,True,False,False
Cd72,0.11053351162941114,0.5049765465155557,-0.310771037731106,0.999987547004426,False,False,False
Ccdc107,0.2315849444311482,0.14898278569577691,-0.010817516399884,0.999987547004426,False,False,False
Tpm2,0.9106970748591955,5.00467989451322e-08,-0.6044055958876,0.999987547004426,True,False,False
Creb3,-0.11579044754094835,0.4870857188566453,-0.69698124590434,0.999987547004426,False,False,False
Rgp1,-0.4958931509236566,0.07577176266095856,-0.11904202137233,0.999987547004426,False,False,False
Hint2,0.1295707667195766,0.5002976060252422,-0.135357821936338,0.999987547004426,False,False,False
Spaar,-0.6883389698086405,0.3268503156555148,0.185990071739593,0.999987547004426,False,False,False
Reck,0.2675466575175102,0.8424553144334981,-0.216114583152935,0.999987547004426,False,False,False
Gne,-0.09391658513034194,0.7414993562915936,-0.398278213543851,0.999987547004426,False,False,False
Glipr2,0.8992837517926009,0.00023076745743916532,-1.07575212105691,0.999987547004426,True,False,False
Snapc3,-0.1321120131572348,0.4606247158721066,-0.657131376533977,0.999987547004426,False,False,False
Psip1,-0.06986134723806743,0.6716172392589647,-0.0052520751055151,0.999987547004426,False,False,False
Plin2,1.1948512541857912,1.0326125260694262e-26,-0.703106505636091,0.999987547004426,True,False,False
Rps6,-0.11854311535761033,0.37353779390440073,0.0048245891368505,0.999987547004426,False,False,False
Mllt3,0.45622523759285744,0.5041767335035299,-0.37885912540621,0.999987547004426,False,False,False
Hacd4,0.32558743469626955,0.2641247427203537,1.35544874975638,0.999987547004426,False,False,False
Usp24,-0.2545067190321267,0.2560857505424811,0.0771549888667415,0.999987547004426,False,False,False
Plpp3,1.0541664416302174,0.18600039553730996,-0.0975960330264574,0.999987547004426,False,False,False
Slc35d1,0.27584149267369124,0.23206172775766915,-0.258809982660515,0.999987547004426,False,False,False
Mier1,-0.35130004842939255,0.0066073830774848194,-0.0292540110431023,0.999987547004426,True,False,False
Sgip1,-0.7411484926700392,0.00014293855507233852,-0.531605112495133,0.999987547004426,True,False,False
Pde4b,0.22056269878819704,0.18286692801081103,-0.397971777562322,0.999987547004426,False,False,False
Jak1,-0.010125008853201969,0.9593218286648708,0.529507017949295,0.999987547004426,False,False,False
Dph2,-0.43529294923142536,0.08901853279074769,0.10813134304375,0.999987547004426,False,False,False
Slc6a9,1.7219850435128636,0.027374356641630623,-0.41995425826974,0.999987547004426,True,False,False
Bend5,0.6807644572403556,0.310437170884927,-1.14110808466716,0.999987547004426,False,False,False
Elavl4,0.9203509378986188,0.3729249096426633,-0.367624660155493,0.999987547004426,False,False,False
Eps15,-0.1546738540318817,0.34726327837731413,0.813147725077821,0.999987547004426,False,False,False
Angptl3,0.5848067471084907,0.379448811456233,-0.504450715111082,0.999987547004426,False,False,False
Ttc39a,-0.6311174881999001,0.3068340876268111,-1.03309068408026,0.999987547004426,False,False,False
Dock7,0.41101583221337157,0.056352955776187125,-0.241961685912293,0.999987547004426,False,False,False
Rnf11,0.24642759128715036,0.06306175331476876,-0.729617431855718,0.999987547004426,False,False,False
Osbpl9,0.16732635700475917,0.22839695002294383,-0.100122869515112,0.999987547004426,False,False,False
Usp1,-0.15821126270124167,0.30121992016798826,0.137284289440174,0.999987547004426,False,False,False
Tm2d1,0.0667809732467431,0.6859663294974223,0.129134497480898,0.999987547004426,False,False,False
Nfia,-0.3806955790777455,0.2802129019167451,-0.190824349751765,0.999987547004426,False,False,False
Btf3l4,0.02616871156115388,0.8981488480076437,-0.133681026185843,0.999987547004426,False,False,False
Hook1,-0.9791640333691566,0.0038499155612298497,-1.00437542451468,0.999987547004426,True,False,False
Fggy,-0.2324954336122538,0.7393155258826719,-0.430507316103366,0.999987547004426,False,False,False
Ift74,-0.05150729812318842,0.9075423721817939,0.0770315363326963,0.999987547004426,False,False,False
Plaa,0.007836864770122009,0.9743388376378656,-0.0349078558325751,0.999987547004426,False,False,False
Caap1,0.037569592207120375,0.8797681280692617,0.0824189249535872,0.999987547004426,False,False,False
Pum1,-0.2457521553859933,0.2384652045104574,0.192830688697536,0.999987547004426,False,False,False
Laptm5,0.2665111376907671,0.016056231703818903,-0.452357344062157,0.999987547004426,True,False,False
Cc2d1b,-0.20201707246948697,0.3555869863667984,-0.143260442392529,0.999987547004426,False,False,False
Tnfrsf1b,0.019256476908686797,0.9355150277827982,0.215012684565531,0.999987547004426,False,False,False
Cpt2,0.37749250106141385,0.07051160628944837,-0.551774016337971,0.999987547004426,False,False,False
Czib,0.1468923983396945,0.3820789708714133,-0.123027931914804,0.999987547004426,False,False,False
Magoh,0.0022867833017050864,0.9921772998340498,-0.12643621062487,0.999987547004426,False,False,False
Dmrtb1,-0.19722423202671643,0.5322706260596556,-0.910134890688406,0.999987547004426,False,False,False
Lrp8,0.44430823627986127,0.0019647590205708774,0.332198894832453,0.999987547004426,True,False,False
Ndc1,0.1309556028277211,0.6645827788697802,0.044871703732249,0.999987547004426,False,False,False
Tmem59,0.20732596956318622,0.08680654898892345,-0.432161092399316,0.999987547004426,False,False,False
Tceanc2,-0.10898689043781613,0.6939253419930481,-0.542865795211804,0.999987547004426,False,False,False
Cyb5rl,-0.2782997972267565,0.5197256226640846,-0.232371881028326,0.999987547004426,False,False,False
Mrpl37,0.14503615837257813,0.3557601555611931,-1.28630399414443,0.999987547004426,False,False,False
Dyrk2,0.02166604749148674,0.9503723113049145,-0.102121131611222,0.999987547004426,False,False,False
Hivep3,-0.5752248903410592,0.06094136640273123,-0.760449515427382,0.999987547004426,False,False,False
Ccdc30,-0.12721259497470266,0.7954885335163082,0.0034539563826978,0.999987547004426,False,False,False
Ybx1,0.31232407066467655,0.007752901169509858,-0.281950363844027,0.999987547004426,True,False,False
P3h1,0.2771518915722615,0.6042410124887045,-0.404654921712825,0.999987547004426,False,False,False
Svbp,0.27947965317870055,0.10911541834465502,-0.355058837460456,0.999987547004426,False,False,False
Ermap,0.37513897871099167,0.527458040984295,-0.233972995972384,0.999987547004426,False,False,False
Slc2a1,0.09494430767457629,0.7131062672511354,-0.173675626465275,0.999987547004426,False,False,False
Rragc,-0.03182587447837013,0.8785481248674668,-0.234535607846194,0.999987547004426,False,False,False
Mycbp,0.19141141234151302,0.2693363809048805,-0.259192579119918,0.999987547004426,False,False,False
Ndufs5,0.2769406581222798,0.18410413538034784,0.292531296839706,0.999987547004426,False,False,False
Macf1,-0.7801655862413354,4.4526015552749014e-11,0.0025388488445257,0.999987547004426,True,False,False
Ppie,-0.25988170934410454,0.17146590465797912,-0.484764823076008,0.999987547004426,False,False,False
Trit1,-0.25770590765541984,0.13556958389751886,-0.386281265385235,0.999987547004426,False,False,False
Mycl,0.182757501851817,0.3333580823375308,-0.625576751448063,0.999987547004426,False,False,False
Mfsd2a,-0.8764156584246823,0.010064643409161958,-0.35243016355895,0.999987547004426,True,False,False
Cap1,0.1882188368436429,0.20880233186535063,-0.165158592515635,0.999987547004426,False,False,False
Ppt1,0.3626411392367564,0.00022667757765110994,-0.351389844346358,0.999987547004426,True,False,False
Ephb2,-0.48684006499546745,0.6223415450925633,-0.0968071853022394,0.999987547004426,False,False,False
Eloa,-0.12504285692617112,0.3612194825829327,0.0428358306383521,0.999987547004426,False,False,False
Pithd1,-0.26409158070771144,0.17565021288352622,-0.617874588060341,0.999987547004426,False,False,False
Lypla2,-0.12494758940515573,0.4765185250969804,-0.0822133649469112,0.999987547004426,False,False,False
Gale,-0.07627039478242209,0.7566228955373819,-0.198876533312927,0.999987547004426,False,False,False
Hmgcl,0.13795243513401548,0.44829374549388173,-0.403682594483064,0.999987547004426,False,False,False
Fuca1,0.3701891207131245,0.00021861579847262433,-0.417632263813295,0.999987547004426,True,False,False
Pnrc2,-0.508177970419817,3.232953485909407e-07,-0.181087392039753,0.999987547004426,True,False,False
Kif2c,0.39121816411974475,0.13858069295830974,-0.136345610727004,0.999987547004426,False,False,False
Plk3,0.563797877535569,0.0047141394018712,-0.232289179707917,0.999987547004426,True,False,False
Eif2b3,0.12729225451980491,0.571804986944987,-0.234922270723231,0.999987547004426,False,False,False
Urod,0.2569210137606072,0.06494600414018104,-0.175786087196346,0.999987547004426,False,False,False
Toe1,-0.12258858213745522,0.5730875190675356,-1.11645062957566,0.999987547004426,False,False,False
Ccdc163,-0.4858920980189327,0.14164701807998786,-0.0638553015111523,0.999987547004426,False,False,False
Prdx1,0.2854093259165851,0.024801435095540673,0.0389770363290678,0.999987547004426,True,False,False
Akr1a1,0.13289169823228345,0.2698338459104895,-0.37036673290413,0.999987547004426,False,False,False
Nasp,0.05511595644287164,0.7575267733286084,0.0486357598343012,0.999987547004426,False,False,False
Ipp,-0.3336440338363277,0.13105789249804756,-0.270496824699593,0.999987547004426,False,False,False
Pik3r3,-0.06305110012839027,0.9327074504618144,-0.584722272382173,0.999987547004426,False,False,False
Pomgnt1,0.26651036623513674,0.23059221597107596,-0.39700465777089,0.999987547004426,False,False,False
Lurap1,-1.0140177041701772,0.04735443585958411,-0.383169442083328,0.999987547004426,True,False,False
Rad54l,-0.10878646060958866,0.6799809040443395,0.447902456003832,0.999987547004426,False,False,False
Lrrc41,0.23333777450038745,0.1437455898317718,-0.164809811009961,0.999987547004426,False,False,False
Nsun4,-0.12194010069832092,0.6492376609345241,-0.128106377274277,0.999987547004426,False,False,False
Mknk1,0.274071331184873,0.07775734557793385,-0.381253502249515,0.999987547004426,False,False,False
Mob3c,-0.02345156763068987,0.9273356931608832,-0.0786738468522969,0.999987547004426,False,False,False
Atpaf1,-0.007222901899034039,0.9825621828990581,-0.203112840234029,0.999987547004426,False,False,False
Pdzk1ip1,1.6414737384236167,0.0006776079443455833,-0.460122003236854,0.999987547004426,True,False,False
Stil,-0.4527403622259326,0.18306174113106224,0.39144808926027,0.999987547004426,False,False,False
Cmpk1,0.11344047632852368,0.4107144926832178,-0.34433055818446,0.999987547004426,False,False,False
Aldh4a1,0.4083959336691784,0.15216064063933518,-0.0906721314443377,0.999987547004426,False,False,False
Mrto4,0.18742334457111576,0.3105769672673355,-0.168483885388693,0.999987547004426,False,False,False
Akr7a5,0.08495973623761642,0.6204649380046208,-0.699471614091872,0.999987547004426,False,False,False
Slc66a1,-0.007397392603789996,0.9796713846162205,-0.84715296158522,0.999987547004426,False,False,False
Ddost,0.08043473657081536,0.5777873373496525,-0.277358375392606,0.999987547004426,False,False,False
Hp1bp3,0.1372613747388489,0.36149047092888104,-0.227581657174017,0.999987547004426,False,False,False
Eif4g3,-0.04297120688961611,0.8418995091147414,0.171026068540597,0.999987547004426,False,False,False
Ptpn12,0.02831775105002327,0.9301025433991275,-0.0867553337717375,0.999987547004426,False,False,False
Zcchc17,-0.03407365064097354,0.8965398843245548,-0.448323492607059,0.999987547004426,False,False,False
Pef1,0.0037870389433375235,0.9874999322159369,-0.0313785376510003,0.999987547004426,False,False,False
Ptp4a2,-0.1916573737617691,0.12287979863518703,-0.32169277967829,0.999987547004426,False,False,False
Khdrbs1,-0.17905768459868937,0.18626211613023766,0.502782043930565,0.999987547004426,False,False,False
Ak2,0.2982757529889092,0.02099936616174313,-0.531353773051979,0.999987547004426,True,False,False
Rnf19b,0.10043364476109397,0.7100655074158456,-0.177563707878942,0.999987547004426,False,False,False
Ccdc28b,0.12475548222435952,0.4606247158721066,-0.109787905829696,0.999987547004426,False,False,False
Phc2,0.24175352419795293,0.0948928244308725,-0.386459418574775,0.999987547004426,False,False,False
Eif3i,0.11796405532557798,0.436021776672479,-0.31208122073007,0.999987547004426,False,False,False
Zfp362,0.17129566404759125,0.3206890161742821,-0.752773918601807,0.999987547004426,False,False,False
Hdac1,-3.459967492207016,2.87882545999463e-145,-0.381346125099409,0.999987547004426,True,False,False
Nipal3,-0.2523255971473964,0.4114649071199001,-0.0875792411258622,0.999987547004426,False,False,False
Zbtb8a,0.46416448949945305,0.43236132539446553,-0.558835606866698,0.999987547004426,False,False,False
Srrm1,-0.08866414743810404,0.5537940818445529,-0.170714794998558,0.999987547004426,False,False,False
Sfpq,-0.10247258185898997,0.5921425384403872,-0.359051232331908,0.999987547004426,False,False,False
Syf2,0.1509068513349931,0.3179024321737746,-0.0997087498746501,0.999987547004426,False,False,False
Tmem50a,0.33179036606188517,0.0014927823010876043,-0.225507194167684,0.999987547004426,True,False,False
Rhd,1.0046989800442498,0.009998411660168237,-0.486175451987962,0.999987547004426,True,False,False
Maco1,-0.20254704341496554,0.27157491161940955,-0.26275847919822,0.999987547004426,False,False,False
AU040320,-0.06007256818008832,0.8361922353122294,0.0010835294502955,0.999987547004426,False,False,False
Stmn1,-0.2126505137627921,0.1422503915979335,-0.186117568145476,0.999987547004426,False,False,False
Ncdn,0.12830744109491213,0.6892827888684521,-0.385685660981133,0.999987547004426,False,False,False
Psmb2,0.1920861271400126,0.15194380253846435,1.02393244835813,0.999987547004426,False,False,False
Zfp593,0.22517870781860216,0.29723247956298066,-0.272189900722176,0.999987547004426,False,False,False
Ago3,-0.01769069404576218,0.9589056635275797,-0.296079533461366,0.999987547004426,False,False,False
Sh3bgrl3,0.19411623047572837,0.2314939802732104,0.443170059121815,0.999987547004426,False,False,False
Trappc3,0.28354319999063315,0.03316228961223994,-0.22606006266124,0.999987547004426,True,False,False
Gpn2,0.2825658009885856,0.22185737003192202,-0.538558094012374,0.999987547004426,False,False,False
Map7d1,0.3488468538426263,0.014916879841531925,-0.22097677450203,0.999987547004426,True,False,False
Gpatch3,0.12526933323846512,0.6916701420994573,-0.0860384485244312,0.999987547004426,False,False,False
Nudc,0.19721758897713398,0.17089369131688037,-0.381673188623995,0.999987547004426,False,False,False
Tmem222,0.04565010739055683,0.8349123342893522,-0.310376868284286,0.999987547004426,False,False,False
Csf3r,1.1003502692226113,3.2069515417708186e-08,-0.956300590208282,0.999987547004426,True,False,False
Mrps15,0.13245327145607427,0.4017862986192466,-0.0601398068930861,0.999987547004426,False,False,False
Meaf6,0.2828898163455483,0.028545351536341936,-0.292745098717029,0.999987547004426,True,False,False
Hgf,-0.3747710732115632,0.6427013921545679,-0.816940277626522,0.999987547004426,False,False,False
Wasf2,0.031734711454802944,0.8888894485436352,-0.456999065220382,0.999987547004426,False,False,False
Gnl2,0.25853483748459444,0.07713423812661167,-1.43628111306208,0.999987547004426,False,False,False
Rspo1,2.110181157366779,0.010064643409161958,-0.254726410749069,0.999987547004426,True,False,False
Cdca8,-0.2598026526783621,0.14898278569577691,-0.362230139123424,0.999987547004426,False,False,False
Fgr,0.26778371545417645,0.011595617157757107,-0.934860716763048,0.999987547004426,True,False,False
Fam76a,0.08765622493443312,0.6570030615675081,-0.0830201081858419,0.999987547004426,False,False,False
Stx12,0.22799589561659572,0.18603452908054213,-0.217830179375239,0.999987547004426,False,False,False
Ppp1r8,0.011977985661298641,0.9665816061327815,0.0941249843585021,0.999987547004426,False,False,False
Rpa2,-0.2777616516316502,0.05748002353522908,0.274649889781164,0.999987547004426,False,False,False
Smpdl3b,0.7384638936170779,0.19711578072443822,-0.290328408250669,0.999987547004426,False,False,False
Eya3,-0.12087613430928479,0.5428105748454676,-0.212408586895404,0.999987547004426,False,False,False
Yrdc,0.24192389330253117,0.10589188685324905,-0.785042912190397,0.999987547004426,False,False,False
Mtf1,0.22182746638125467,0.21797884392920042,-0.883537336139324,0.999987547004426,False,False,False
Sesn2,-0.05498578672749711,0.8100290292597403,-0.0702501847386285,0.999987547004426,False,False,False
Inpp5b,-0.4375598836939727,0.0015792255405782734,-0.511565089601796,0.999987547004426,True,False,False
Trnau1ap,0.16819349073409848,0.23323340122934316,-0.505233289063955,0.999987547004426,False,False,False
Gmeb1,-0.148219119773456,0.6736664572736208,-0.250351745409063,0.999987547004426,False,False,False
Sf3a3,-0.008239576601335003,0.9710696523368132,-0.205978981099253,0.999987547004426,False,False,False
Epb41,-0.009978490359783288,0.9743601449191207,-0.148501757166919,0.999987547004426,False,False,False
Utp11,0.038426851443343325,0.8547855172443055,-0.176252652126783,0.999987547004426,False,False,False
Mecr,0.3699159094521936,0.05180521923657769,-0.715408562933121,0.999987547004426,False,False,False
Casp9,0.41087964593423865,0.01870281067377917,-0.319072385309397,0.999987547004426,True,False,False
Plekhm2,0.055526027184330945,0.8670973472757785,-0.108020284810993,0.999987547004426,False,False,False
Fbxo42,-0.11324195134097034,0.6467793996961778,-0.504203996925053,0.999987547004426,False,False,False
Necap2,0.3479058076071718,0.0019563034048162495,-0.248051747949266,0.999987547004426,True,False,False
Cdk14,-0.6135486696197391,1.1883027657048557e-07,0.814330221416897,0.999987547004426,True,False,False
Padi2,0.6022054720465265,0.20880233186535063,-0.197614670890977,0.999987547004426,False,False,False
Kcnab2,0.3196976036427362,0.2813887997567809,0.61283700349489,0.999987547004426,False,False,False
Psmc2,0.12599136016611415,0.3507120795689283,-0.0167767019003051,0.999987547004426,False,False,False
Xrcc2,-0.17275267012882928,0.7232923833619375,-0.397916167992266,0.999987547004426,False,False,False
Rpl22,-0.24229621784799055,0.17995208676770488,-0.0735577382425028,0.999987547004426,False,False,False
Acot7,-0.2129763578696337,0.08222076689724117,-0.318688065332021,0.999987547004426,False,False,False
Espn,1.4436376770584471,0.002918411094345735,-0.716120708375183,0.999987547004426,True,False,False
Prkag2,-0.07491151817032005,0.7627751748148854,-0.388700496478891,0.999987547004426,False,False,False
Nol9,-0.12209251890857198,0.6935676038891652,-0.149492422256265,0.999987547004426,False,False,False
Zbtb48,-0.21258779565206273,0.5660125219995229,-0.304087428172847,0.999987547004426,False,False,False
Abcf2,0.07912038636811047,0.7008803631777082,-0.271104913334074,0.999987547004426,False,False,False
Nub1,-0.029156336283572396,0.8946353126137963,-0.340965295506905,0.999987547004426,False,False,False
Vamp3,0.39502236764708015,0.0033228918592497,-0.427658679804191,0.999987547004426,True,False,False
Per3,-0.13795573671456718,0.7891807600145778,0.266964025670191,0.999987547004426,False,False,False
Tmub1,0.03777489268481169,0.893692599334882,-0.273910190050124,0.999987547004426,False,False,False
Fastk,0.14098852236826914,0.47025916731645956,0.006042039953682,0.999987547004426,False,False,False
Ube4b,-0.19929692427901394,0.3886433878911737,-0.253417897761753,0.999987547004426,False,False,False
Pgd,0.5946372744858441,1.14769375393032e-05,-1.2087416468,0.999987547004426,True,False,False
Slc4a2,0.05484042234424045,0.8780743788686124,-0.318135992216972,0.999987547004426,False,False,False
Park7,0.09862727314494725,0.5210510152888842,-0.165348889809779,0.999987547004426,False,False,False
Abcb8,0.10773500903091958,0.7190183672390755,-0.314754992320106,0.999987547004426,False,False,False
Dffa,-0.12410229989320092,0.5500532979452145,-0.149195049175375,0.999987547004426,False,False,False
Pex14,0.22424604222783667,0.21472728587066967,-0.116963428903193,0.999987547004426,False,False,False
Casz1,-0.10346165181679917,0.869284614865682,0.0490468586151884,0.999987547004426,False,False,False
H6pd,0.010946019338994062,0.9854038375498734,-0.530772587283893,0.999987547004426,False,False,False
Slc25a33,0.7601759697624066,4.286294889125864e-09,0.536893905109086,0.999987547004426,True,False,False
Klhl7,0.11442433418251823,0.6476330911001402,0.016725076201892,0.999987547004426,False,False,False
Ctnnbip1,0.871072515253915,1.092290168731704e-05,-0.29808790896239,0.999987547004426,True,False,False
Angptl7,-0.539629516452368,0.010965622434552687,-0.759283596052296,0.999987547004426,True,False,False
Lzic,-0.06888770925898823,0.7747940416378998,-0.224846961171131,0.999987547004426,False,False,False
Mtor,-0.34027873132278275,0.17495805261640696,-0.199737643016556,0.999987547004426,False,False,False
Tomm7,-0.05392562657269622,0.8444336386092154,-0.26160554212389,0.999987547004426,False,False,False
Rint1,-0.4408560324657836,0.035401730631505215,-0.121900852232813,0.999987547004426,True,False,False
Mad2l2,0.05616170045667197,0.8297103349746576,-0.22585901882693,0.999987547004426,False,False,False
Agtrap,0.23929801897451206,0.2644276847580788,-0.152773272486172,0.999987547004426,False,False,False
Mthfr,0.8090722405031004,5.2992778750909756e-05,-0.484050636308326,0.999987547004426,True,False,False
Dnajc2,0.007067568186346789,0.9744172959321691,-0.308713724450549,0.999987547004426,False,False,False
Pmpcb,0.19449869705148565,0.19732400819255308,-0.0408188153042257,0.999987547004426,False,False,False
Mfn2,0.11993666771563989,0.6727001035113113,-0.593848432205896,0.999987547004426,False,False,False
Miip,0.14137205269688047,0.5169687434111948,-0.501723564976218,0.999987547004426,False,False,False
Dffb,-0.41303121736087584,0.10261941334008216,-0.44926562757778,0.999987547004426,False,False,False
Lrrc47,0.04178758881694502,0.8810013974512295,-0.0665702594062587,0.999987547004426,False,False,False
Wrap73,-0.02170279673865866,0.9364800021198615,-0.117257590995543,0.999987547004426,False,False,False
Acap3,0.20714697939807158,0.5730442143307367,-0.303691132095926,0.999987547004426,False,False,False
Ints11,0.19192965236626605,0.2030224558301463,-0.51626696010123,0.999987547004426,False,False,False
Atad3a,0.13724559121948665,0.5898091010059608,-0.234576318647838,0.999987547004426,False,False,False
Ssu72,0.1186133223693169,0.3738049235545521,-0.236928764427392,0.999987547004426,False,False,False
Pex10,0.387834758091135,0.14898278569577691,-0.111945350589785,0.999987547004426,False,False,False
Morn1,0.5751734515262727,0.3041747494978924,-0.190391129482627,0.999987547004426,False,False,False
Ski,0.34788296394141244,0.1976234601342857,-0.902439433559397,0.999987547004426,False,False,False
Prkcz,-0.2560711159123073,0.5777873373496525,-0.561836886407561,0.999987547004426,False,False,False
Pank4,-0.08356620519929407,0.7440104864639855,-0.254732376208062,0.999987547004426,False,False,False
Prxl2b,0.7948340895654437,1.428791939263589e-07,-0.34733198808175,0.999987547004426,True,False,False
Mmp23,1.0794073289782264,6.107675049636334e-08,-0.455125042381104,0.999987547004426,True,False,False
Nadk,0.017268525108433186,0.9352648582922742,0.537083978035571,0.999987547004426,False,False,False
Gnb1,0.0695122551216596,0.635829592753924,-0.468000619547239,0.999987547004426,False,False,False
Mrpl20,0.011400242450639477,0.9601738595728511,-0.255902526870509,0.999987547004426,False,False,False
Ccnl2,-0.17505106544773893,0.21113366904130348,0.112997652376695,0.999987547004426,False,False,False
Dvl1,0.14888919369387882,0.5177697047610607,0.16322413259195,0.999987547004426,False,False,False
Tnfrsf4,-0.48886418782852786,0.051141662814062835,-0.494871583269563,0.999987547004426,False,False,False
Bst1,0.15601033188782848,0.8608748858780192,-0.0391003090379511,0.999987547004426,False,False,False
Cd38,-0.09889644531186897,0.6692357664404845,0.0403070865191042,0.999987547004426,False,False,False
5730480H06Rik,0.06311413892720466,0.8391846163986395,-0.391843890381026,0.999987547004426,False,False,False
Adgra3,0.42820779623312216,0.5171464091201846,-1.13593785032034,0.999987547004426,False,False,False
Afap1,0.4395467457851888,0.40393330584463805,-0.495840941511949,0.999987547004426,False,False,False
Htra3,5.948089260515023,0.025809759602784605,-0.488394228928389,0.999987547004426,True,False,False
Trmt44,0.35441269224409855,0.30857222784691657,-0.535649218112864,0.999987547004426,False,False,False
Acox3,-0.2064996439296478,0.18585773517997362,-0.155712126381303,0.999987547004426,False,False,False
Rgs12,-0.49128549787305287,0.00032828904296796203,0.297717340897562,0.999987547004426,True,False,False
Hgfac,-0.8089051396768836,0.004069361945932722,0.065998621758939,0.999987547004426,True,False,False
Lrpap1,0.5646829664218652,2.814522252375458e-06,-0.219868800872947,0.999987547004426,True,False,False
Htt,-0.1945877048897635,0.36149047092888104,-0.141487007679881,0.999987547004426,False,False,False
Add1,0.2954522485046484,0.03546954777092135,-0.411054425030326,0.999987547004426,True,False,False
Rnf4,0.2016702439801985,0.19071211582167086,-0.110310935707531,0.999987547004426,False,False,False
Nelfa,0.1134087351297565,0.5513805341729029,-0.481804178064101,0.999987547004426,False,False,False
Man2b2,0.22896002944320626,0.5464105177521644,0.472621638216667,0.999987547004426,False,False,False
Stx18,-0.03522934454347102,0.8973122673093366,0.18260653859331,0.999987547004426,False,False,False
Dnajb6,0.12235031518781958,0.39004286754058937,-0.290156963564098,0.999987547004426,False,False,False
Plb1,-0.5253989675893351,0.4195363201062939,-0.275277308074715,0.999987547004426,False,False,False
Fosl2,0.4869788267581643,0.002156764261304855,0.15020052389126,0.999987547004426,True,False,False
Slc4a1ap,-0.14399705962359804,0.4449945919672454,-0.22269453562712,0.999987547004426,False,False,False
Snx17,0.19692884868250088,0.1527668242490031,0.0307689957950528,0.999987547004426,False,False,False
Ppm1g,0.3312431085327957,0.013698166837429396,-0.176813068323252,0.999987547004426,True,False,False
Nrbp1,0.48195914789555805,4.614187289565296e-05,-0.0639337991364268,0.999987547004426,True,False,False
Krtcap3,-0.49308313430214284,0.01838332843206622,0.103330747586623,0.999987547004426,True,False,False
Ociad1,-0.08335980351569523,0.5707616939475331,-0.0494944685962579,0.999987547004426,False,False,False
Ociad2,-0.6164621256899708,0.5045530405864648,0.688706391814148,0.999987547004426,False,False,False
Cgref1,-0.6147417389817348,0.48824611189788414,0.234317439246793,0.999987547004426,False,False,False
Khk,0.49193304380374836,0.00047660545266926986,-0.143657697432271,0.999987547004426,True,False,False
Emilin1,0.6932042335169858,0.06382857143834965,-0.622541700916696,0.999987547004426,False,False,False
Agbl5,0.050677857969223215,0.931141910530181,-0.366536790631679,0.999987547004426,False,False,False
Mapre3,0.32356465450193517,0.6857907153205021,-0.381245309098191,0.999987547004426,False,False,False
Ppargc1a,-0.1689410173834198,0.7645435808438655,0.578525285606796,0.999987547004426,False,False,False
Pgm2,0.47409302438475004,0.0010224221230687221,-0.50762342389161,0.999987547004426,True,False,False
Sepsecs,-0.20046102683071934,0.47806250488021246,-0.209131193169001,0.999987547004426,False,False,False
Tbc1d1,-0.1439684572415864,0.4143964870579513,-0.355913551158725,0.999987547004426,False,False,False
Slc35f6,0.4215159601745149,0.01013256009447754,-0.731968054351125,0.999987547004426,True,False,False
Anapc4,0.08379500406617024,0.7005889468710574,0.0325295533307965,0.999987547004426,False,False,False
Cenpa,0.3381321182640258,0.006733428312514504,-0.207853985168583,0.999987547004426,True,False,False
Klf3,0.07016117411122363,0.7403952671037637,-0.153197604519164,0.999987547004426,False,False,False
Zcchc4,-0.21006875282326154,0.36570654309882317,-0.591346182515003,0.999987547004426,False,False,False
Fam114a1,0.4371685740054541,0.047769541680531,-0.494396598004294,0.999987547004426,True,False,False
Pi4k2b,0.5894676808242674,0.06977180224096559,-0.21157721039766,0.999987547004426,False,False,False
Sel1l3,-0.6906880184600278,0.09206146003079398,0.179870842942147,0.999987547004426,False,False,False
D5Ertd579e,-0.3020517462964863,0.04880308791517882,-0.184035010540819,0.999987547004426,True,False,False
Rfc1,-0.23450635896559416,0.1255119171459447,0.189980308110725,0.999987547004426,False,False,False
Tbc1d14,-0.3725748286618335,0.05408531525568809,-0.796930954090133,0.999987547004426,False,False,False
Grpel1,0.1253652747048625,0.38804744173093253,-0.157830245526675,0.999987547004426,False,False,False
Lias,-0.13044299985964086,0.49987907437182155,0.100606746258157,0.999987547004426,False,False,False
Ugdh,0.3035067947190239,0.036432700688804394,-0.0642710357047793,0.999987547004426,True,False,False
Pds5a,-0.2633403963347687,0.07574089670625918,-0.117429055062087,0.999987547004426,False,False,False
Rhoh,-0.1548170044114694,0.39159738987823617,0.428495791672113,0.999987547004426,False,False,False
Nsun7,-0.7962844525018165,0.4280070119743672,-0.141414400680945,0.999987547004426,False,False,False
Apbb2,-0.4162157168022237,0.6390410257259573,-0.362208236918587,0.999987547004426,False,False,False
Guf1,-0.09651853068883656,0.6990729525531241,-0.397051541221671,0.999987547004426,False,False,False
Gnpda2,-0.23585933183845578,0.0995143474276954,-0.092401247895082,0.999987547004426,False,False,False
Commd8,-0.28458441225380426,0.01579337053788479,-0.204128157805473,0.999987547004426,True,False,False
Tec,-0.3325056372216723,0.025449028792134783,0.346528976448118,0.999987547004426,True,False,False
Slc30a9,-0.1550913115108188,0.35806691954663417,0.708195937345394,0.999987547004426,False,False,False
Fip1l1,-0.18130481283962618,0.239473620780542,-0.0572859806782668,0.999987547004426,False,False,False
Chic2,0.1868889222405978,0.18452933070221855,-0.191558007881807,0.999987547004426,False,False,False
Srd5a3,-0.19957421373232023,0.2582204126194056,-0.340612239430181,0.999987547004426,False,False,False
Tmem165,0.2724736209377562,0.05539907113735817,0.0948727281682835,0.999987547004426,False,False,False
Clock,-0.3778850221994247,0.043458194994199346,-0.0286631183263815,0.999987547004426,True,False,False
Epha5,0.028189704345521576,0.9630206172341494,-0.164867396934394,0.999987547004426,False,False,False
Ppat,-0.10638990011319975,0.6416995155057048,0.0451779761951445,0.999987547004426,False,False,False
Paics,0.2455356697637099,0.032925867472972756,-0.0783927030481024,0.999987547004426,True,False,False
Rest,0.2970364906556866,0.0823437266238745,-0.0624669440236421,0.999987547004426,False,False,False
Polr2b,0.07079932036154665,0.7695102517101734,0.105103074336371,0.999987547004426,False,False,False
Stap1,-0.002216323106925791,0.9911527556919748,-0.268852656615645,0.999987547004426,False,False,False
Dr1,-0.13149502052519838,0.46338897015535024,0.437483278618677,0.999987547004426,False,False,False
Mtf2,-0.08016828250510308,0.6744008255374743,-0.328385946850491,0.999987547004426,False,False,False
Dipk1a,-0.011080698033357714,0.9579462007072489,-0.187436687764243,0.999987547004426,False,False,False
Gfi1,0.07185581607415491,0.9428549704751837,0.0078663757719921,0.999987547004426,False,False,False
Glmn,0.16210312149990774,0.6429943528763867,0.110320971976292,0.999987547004426,False,False,False
Cdc7,-0.06969864851291295,0.8030467147626096,-0.273417331171051,0.999987547004426,False,False,False
Tgfbr3,2.1225404005964954,0.03903575178609094,-0.777124758112745,0.999987547004426,True,False,False
Zfp326,0.22559314109805895,0.22798184282295686,-0.206069628155665,0.999987547004426,False,False,False
Gbp9,-0.5016639235488413,7.905234998146791e-06,-0.143747660534206,0.999987547004426,True,False,False
Abcg3,-0.3391458139822168,0.0018049584918883243,0.298311069717646,0.999987547004426,True,False,False
Spp1,0.3403524598128687,0.27813434689901256,0.244852086508888,0.999987547004426,False,False,False
Nudt9,-0.14303803539149063,0.38411686941491663,-0.116283588160602,0.999987547004426,False,False,False
Hsd17b11,-0.20306612419294365,0.27099048140325577,-0.468676997154458,0.999987547004426,False,False,False
Klhl8,0.22592077455175427,0.5419854973056304,-0.378797372991152,0.999987547004426,False,False,False
Aff1,-0.36822020235324343,0.0515466329138939,0.369932105237599,0.999987547004426,False,False,False
Gpat3,0.1547902797798858,0.8898033470845894,-0.0357519194731184,0.999987547004426,False,False,False
Coq2,-0.08367454793228576,0.6509939188256393,0.343572129119384,0.999987547004426,False,False,False
Plac8,-0.04425971858619402,0.8452052535563492,-0.647765352145365,0.999987547004426,False,False,False
Hnrnpdl,-0.14572786969752774,0.2592857152362287,-0.0703016275310677,0.999987547004426,False,False,False
Cds1,0.6040514237067863,0.1382918356214,-0.1502661765474,0.999987547004426,False,False,False
Antxr2,-0.15557036879070552,0.4147358746224715,0.339023373490411,0.999987547004426,False,False,False
Tpst2,0.5479099746023055,8.278011013281802e-05,-0.232694114768353,0.999987547004426,True,False,False
Tfip11,0.39505067452458076,0.03193384094467329,0.143972197225465,0.999987547004426,True,False,False
Srrd,0.2339407029837726,0.20856288602878426,0.784685469032188,0.999987547004426,False,False,False
Tesc,0.6756569675226314,0.025446843898592822,-0.225116676314424,0.999987547004426,True,False,False
Rfc5,0.02743216945902123,0.9022197998883336,0.351876935133137,0.999987547004426,False,False,False
Wsb2,0.22996508541093585,0.17364933816026826,-0.34576467607758,0.999987547004426,False,False,False
Dck,0.2708458585070476,0.1251545659587028,-0.454988912828217,0.999987547004426,False,False,False
Rassf6,-0.056077430902200055,0.9487204215054311,-0.564567037903512,0.999987547004426,False,False,False
Mthfd2l,0.3432265901640096,0.24228379478341194,-0.582707709814529,0.999987547004426,False,False,False
Areg,0.8042322274087961,0.003422097533794956,-0.467498551284921,0.999987547004426,True,False,False
Cxcl1,0.6105812642338928,0.5869087894551707,0.824562309877557,0.999987547004426,False,False,False
2010109A12Rik,-0.7816752683121986,0.3563369712250424,-0.0414054240647888,0.999987547004426,False,False,False
Ccng2,0.579018630087398,0.00010184896257519809,0.327451495720058,0.999987547004426,True,False,False
Eif2b1,-0.017009899972916635,0.9503723113049145,0.158841565436004,0.999987547004426,False,False,False
Ddx55,-0.32426334695177716,0.08675607916362196,-0.129063588613912,0.999987547004426,False,False,False
Tmed2,0.216552194258079,0.04727537969621798,-0.187946621746482,0.999987547004426,True,False,False
Rilpl1,0.8765236837877761,0.149056100890452,0.0888818433728327,0.999987547004426,False,False,False
Cdk2ap1,0.28130073566432423,0.028545351536341936,-0.343076410945528,0.999987547004426,True,False,False
Rchy1,0.030184838046830594,0.8896487781061952,0.0678203100969288,0.999987547004426,False,False,False
Rilpl2,-0.16536111731486475,0.5307948385607478,-0.447287586734403,0.999987547004426,False,False,False
Snrnp35,-0.04958843996347278,0.8859323288985969,-0.121286773811295,0.999987547004426,False,False,False
Arl6ip4,0.01745628082808129,0.9434352714514618,-0.319616657185643,0.999987547004426,False,False,False
G3bp2,0.10964008060719996,0.4706079948244928,0.0297351163324873,0.999987547004426,False,False,False
Uso1,0.21804651524160837,0.15479674780732122,-0.0420590842473807,0.999987547004426,False,False,False
Abcb9,0.7727512960343639,0.056582439025023225,-0.156163947565301,0.999987547004426,False,False,False
Naaa,0.8374445217702117,7.318678839515299e-10,-0.20496943335835,0.999987547004426,True,False,False
Sdad1,-0.1853291660467762,0.31012142920968816,-0.447091547770097,0.999987547004426,False,False,False
Slc15a4,-0.0854799125385588,0.6694797019491933,-0.620036333694548,0.999987547004426,False,False,False
Cxcl9,0.5664148971654146,0.004106350076478725,0.487581568862943,0.999987547004426,True,False,False
Ajm1,-0.21965851680656648,0.8586713871687158,-0.439861865848189,0.999987547004426,False,False,False
Rsrc2,-0.13111653268041892,0.34920836466608957,0.0211249592102067,0.999987547004426,False,False,False
Scarb2,0.677831621948632,8.814064065932088e-07,-0.452891956156207,0.999987547004426,True,False,False
Zcchc8,0.016177995625171474,0.9555813663083379,-0.282189973515639,0.999987547004426,False,False,False
Stx2,0.5460675296352385,0.0018462325026194256,-0.596135973190507,0.999987547004426,True,False,False
Ran,0.02423605544519455,0.8910645262026607,-0.104622740445002,0.999987547004426,False,False,False
Nipsnap2,0.09884922606601072,0.7854873765347595,-0.0905200079014579,0.999987547004426,False,False,False
Diablo,-0.02178098626910309,0.9124687114189801,-0.394318158452759,0.999987547004426,False,False,False
Vps33a,-0.022289170300040285,0.9353586387570755,-0.276288582774056,0.999987547004426,False,False,False
Mmp17,-0.30886534249169945,0.7011467332388925,-0.297457963976512,0.999987547004426,False,False,False
Bcl7a,-0.3697158410162345,0.26902358162156176,0.19681397162612,0.999987547004426,False,False,False
Sfswap,-0.08339905424732182,0.7306871340913844,-0.0032554648250453,0.999987547004426,False,False,False
Psmd9,-0.016049296644326368,0.9501868142167591,-0.187522604321428,0.999987547004426,False,False,False
Psph,0.018942837508867508,0.9487284851701613,-0.0903221289230913,0.999987547004426,False,False,False
Rhof,-0.8294189968292938,9.579332652726732e-08,-0.0707994923638502,0.999987547004426,True,False,False
Tmem116,0.07780108438984676,0.9395869202614355,-0.186291958599292,0.999987547004426,False,False,False
Mapkapk5,0.10527916548631847,0.6179190728232545,-0.175587542150429,0.999987547004426,False,False,False
Aldh2,1.1547248956458345,3.5640853583468135e-25,-0.799312881102751,0.999987547004426,True,False,False
Brap,-0.03305293049002339,0.9055588475924973,-0.155660084630805,0.999987547004426,False,False,False
Fam168a,-0.018777626009435888,0.9503723113049145,-0.505126775067362,0.999987547004426,False,False,False
Fam216a,0.22596849146777634,0.28922776791639737,-0.262963607683844,0.999987547004426,False,False,False
Arpc3,0.04830329474003985,0.7521552688925753,-0.108480692126529,0.999987547004426,False,False,False
Anapc7,-0.07466291095541729,0.7588165640577957,-0.093930300142147,0.999987547004426,False,False,False
Atp2a2,0.09441680039700474,0.6828041888796674,-0.200005233005002,0.999987547004426,False,False,False
P2rx7,0.2058092139810585,0.5295071468633328,0.313208148253497,0.999987547004426,False,False,False
Ift81,-0.16912777475390253,0.8303518921245868,-0.0436551679240766,0.999987547004426,False,False,False
P2rx4,0.27704351848341147,0.07809312057313693,-0.285998981134669,0.999987547004426,False,False,False
Anapc5,0.14594536706009967,0.3745446955494054,-0.328688584935524,0.999987547004426,False,False,False
Rnf34,0.09904020251184506,0.5417619260749645,-0.214200554942022,0.999987547004426,False,False,False
Kdm2b,-0.3184687986629958,0.021877928187375557,-0.233953596614229,0.999987547004426,True,False,False
Ncor2,0.4326461319011768,0.012864514041159632,-1.79068355798229,0.820474192063209,True,False,False
Aacs,-0.05569773374938571,0.8931513858747265,-0.405081035873211,0.999987547004426,False,False,False
Anxa3,0.6163391478978267,0.0007490685990320803,-0.411517122382496,0.999987547004426,True,False,False
Pxmp2,-0.6903311430373824,0.09251251413287527,-0.0359824292683797,0.999987547004426,False,False,False
Pgam5,0.03606029138456287,0.8698298762516298,-0.358369536981732,0.999987547004426,False,False,False
Ankle2,-0.1759140484439704,0.2842897105046322,0.211052208862474,0.999987547004426,False,False,False
Golga3,0.0578041913678622,0.8671300550104157,-0.18526479046762,0.999987547004426,False,False,False
Ddx51,-0.10571085924833826,0.7393521805522901,-0.599057255015923,0.999987547004426,False,False,False
Ep400,-0.15250651050422198,0.45549544988153823,-0.0689370094178869,0.999987547004426,False,False,False
Pus1,0.06399356937224564,0.8236631016448226,-0.262846740828765,0.999987547004426,False,False,False
Ulk1,0.18555043340302185,0.5986504034193302,-0.39204715757112,0.999987547004426,False,False,False
Prkab1,0.09140661528494763,0.7253631471458275,-0.376376330171777,0.999987547004426,False,False,False
Cit,-0.21797765140052738,0.46255530288469554,-1.66867633769988,0.999987547004426,False,False,False
Rab35,0.45483983502127856,0.12834123180181983,-0.36743046484057,0.999987547004426,False,False,False
Pxn,-0.04135017624097935,0.8785481248674668,-0.371470419654167,0.999987547004426,False,False,False
Ccr9,-0.18905084271392786,0.548028286025651,-0.247100733465079,0.999987547004426,False,False,False
St7,0.40028037658399557,0.11242713068950627,-0.144006502712041,0.999987547004426,False,False,False
Gatc,0.12019946976251118,0.6150100621339198,-0.20104752691416,0.999987547004426,False,False,False
Srsf9,0.26946251840416746,0.024647198468893183,-0.24678200908513,0.999987547004426,True,False,False
Acads,0.762775416501139,0.005702486779147585,-0.488417612864676,0.999987547004426,True,False,False
Ints1,-0.19554117109191752,0.6042410124887045,-0.355622951433055,0.999987547004426,False,False,False
Sppl3,0.24040701212155813,0.2171649872316606,-0.433629639939785,0.999987547004426,False,False,False
Psmg3,-0.14151359551265633,0.5089773245499838,-0.224697560063922,0.999987547004426,False,False,False
Tes,0.005801176545809998,0.9788553755795997,-1.24328936722208,0.999987547004426,False,False,False
Tfec,1.3724858691318098,1.3245260863584419e-05,-1.41889062212704,0.999987547004426,True,False,False
Mad1l1,0.10359055183901736,0.7444281102175091,-0.740105574670579,0.999987547004426,False,False,False
Mrm2,-0.1475682262609435,0.8016487527762965,-0.867848677296978,0.999987547004426,False,False,False
2210016L21Rik,-0.09176245079756619,0.678004370555269,-0.283526169517144,0.999987547004426,False,False,False
Snx8,0.8198030413695081,1.3931187307382572e-06,-0.890293619818056,0.999987547004426,True,False,False
Oasl2,-0.31658304674076054,0.07710121870780248,-0.29764617505241,0.999987547004426,False,False,False
Foxp2,0.5139524573696602,0.6131362509106838,-0.241400048024181,0.999987547004426,False,False,False
Tmem168,-0.13491800549195898,0.4105278583802282,0.682263554582508,0.999987547004426,False,False,False
Lfng,0.49725780892566185,0.010400941545558083,-0.538798128264284,0.999987547004426,True,False,False
Tmem106b,-0.2954589011737137,0.032551936925509395,-0.0003596324379966,0.999987547004426,True,False,False
Radil,0.9195816761455049,0.2591671514341484,-0.447908462564222,0.999987547004426,False,False,False
Wipi2,0.11941587036009037,0.588029414297693,-0.254865359485971,0.999987547004426,False,False,False
Actb,-0.3041814490053976,0.04401433941287721,0.143239394185991,0.999987547004426,True,False,False
Fscn1,0.4529436015154485,0.0003953535853301835,-0.751166427585988,0.999987547004426,True,False,False
Zfp12,-0.6811652972618406,0.00589052128414314,-0.434080320341936,0.999987547004426,True,False,False
Usp30,0.11962095758556758,0.8441040082191579,-0.611477537618992,0.999987547004426,False,False,False
Rbm19,0.20240762027657677,0.59434954151624,-0.82006112659907,0.999987547004426,False,False,False
Plbd2,0.43124483097663496,0.00010048288377036076,-0.222444662271516,0.999987547004426,True,False,False
Ddx54,-0.06137627463104741,0.7928105084457808,-0.29184597139575,0.999987547004426,False,False,False
Rita1,-0.2707237146064997,0.68020990604519,-0.3049972383636,0.999987547004426,False,False,False
Rasal1,-1.1197889427835028,0.002763069936008341,-0.586855536222832,0.999987547004426,True,False,False
Dtx1,-1.5569381952597572,1.5777308559982601e-41,0.297853605888698,0.999987547004426,True,False,False
Rph3a,-0.14747495843643482,0.9061269579075956,0.237419270364549,0.999987547004426,False,False,False
Aimp2,0.05317877206175384,0.828071013683122,-0.205337701349876,0.999987547004426,False,False,False
Eif2ak1,0.23423138612768213,0.10240855332608202,-0.342316865397021,0.999987547004426,False,False,False
Rpl6,-0.11439023366344998,0.46699274075718983,-0.231253013994811,0.999987547004426,False,False,False
Erp29,0.2595259787180706,0.03994442480484702,-0.155092372643868,0.999987547004426,True,False,False
Ccz1,0.02493221773773716,0.9061269579075956,-0.0514611079603826,0.999987547004426,False,False,False
Arpc1a,-0.02833780529618914,0.8876809628671573,-0.0354057105654357,0.999987547004426,False,False,False
Arpc1b,0.22412565332301027,0.04057059427490176,-0.291626727129787,0.999987547004426,True,False,False
Pdap1,-0.11181025193185061,0.5549925484660381,-0.488814088520051,0.999987547004426,False,False,False
Ptcd1,-0.03854316506706788,0.9147752653288801,-0.40978734413407,0.999987547004426,False,False,False
Zkscan14,-0.19929589694368138,0.3370143413019912,-0.0999469447454686,0.999987547004426,False,False,False
Phf14,-0.3953778669305946,0.03225154741770059,0.453827959964844,0.999987547004426,True,False,False
Rnf6,-0.20038374659730884,0.13455487271978656,-0.0875917743479997,0.999987547004426,False,False,False
Cdk8,-0.3154570021474562,0.30867947768064247,-0.275161095766095,0.999987547004426,False,False,False
Glcci1,-0.31232440509561155,0.14635333683164478,-0.0241826527309605,0.999987547004426,False,False,False
Usp12,0.11476083032415796,0.5297278426047077,0.438351007305079,0.999987547004426,False,False,False
Rasl11a,-0.19133543095982383,0.797528413222914,-0.392110758547129,0.999987547004426,False,False,False
Pan3,-0.44678344100922407,0.002775727867735432,-0.0015594277835084,0.999987547004426,True,False,False
Flt1,0.08301847827680207,0.9171012349416839,-0.257867679717084,0.999987547004426,False,False,False
Slc46a3,-0.17126996125208158,0.23941571210229556,-0.129979800213036,0.999987547004426,False,False,False
Mtus2,-0.05309694428434948,0.9544599061375582,-1.34188356421097,0.999987547004426,False,False,False
Hsph1,-0.6666723289065593,0.19783167937904916,-0.192596615488183,0.999987547004426,False,False,False
Medag,-1.0100778130281554,0.18529189528064377,0.226605652278273,0.999987547004426,False,False,False
Ing3,-0.08462636386784773,0.6553781492530125,-0.781043491294943,0.999987547004426,False,False,False
Fam3c,-0.06120082825549035,0.8172442394948223,-1.04972807947185,0.999987547004426,False,False,False
Auts2,-0.38770527956179085,0.4540458794875629,-0.368143876104593,0.999987547004426,False,False,False
Limk1,-0.05802489772479906,0.8418995091147414,-1.21622644014841,0.999987547004426,False,False,False
Pot1a,-0.1633342803875067,0.3688612509622509,-0.112216833556213,0.999987547004426,False,False,False
Bcl7b,-0.059228226973906256,0.7877526009754809,-0.0449627651731914,0.999987547004426,False,False,False
Ezh2,-0.29018468017097443,0.032180930038024955,-0.09602714078998,0.999987547004426,True,False,False
Rbm28,-0.1176082616873267,0.5827561301962164,0.258553662173054,0.999987547004426,False,False,False
Lrwd1,0.2859820068365916,0.08617107191057342,-0.280035399702648,0.999987547004426,False,False,False
Cux1,0.1884884572924772,0.2554306656259873,-0.528447087125659,0.999987547004426,False,False,False
Gcc1,-0.2056944804955803,0.6077099875112318,-0.0896014202835573,0.999987547004426,False,False,False
Gnb2,0.2959822036456249,0.0890472634194416,-0.213520059117478,0.999987547004426,False,False,False
Pop7,0.15828962557029191,0.33857169998241715,-0.231421736757204,0.999987547004426,False,False,False
Agfg2,0.1750113402076956,0.46513979676390876,-0.152591666372096,0.999987547004426,False,False,False
Tsc22d4,0.3630582149449825,0.03959493835093211,-0.875254179682731,0.999987547004426,True,False,False
Ppp1r35,0.289892142774771,0.11716534184985397,-0.145754838466485,0.999987547004426,False,False,False
Mepce,-0.001628477969476457,0.9959378525234527,-0.426137390391395,0.999987547004426,False,False,False
Zkscan1,-0.18359986658727598,0.5357993613283702,-0.594222083753943,0.999987547004426,False,False,False
Tpk1,-0.7445506828381223,7.095850302595029e-06,0.162631557503116,0.999987547004426,True,False,False
Asns,-0.16048676797531877,0.7843056678010846,-0.73225674320695,0.999987547004426,False,False,False
Pon3,0.1855148893653312,0.5424467153678075,-0.186319033015741,0.999987547004426,False,False,False
Cald1,-0.3323008020860319,0.7103837872291389,-0.176482491511964,0.999987547004426,False,False,False
Exoc4,-0.08319356370710256,0.7294190095792671,1.02721492719042,0.999987547004426,False,False,False
Plxna4,0.5840777392095488,0.4711286222694903,0.0040391142491609,0.999987547004426,False,False,False
Calu,0.05287401927567705,0.8061826256827378,-0.222910136942147,0.999987547004426,False,False,False
Irf5,0.02229819701360003,0.9106351821798189,0.300343858472492,0.999987547004426,False,False,False
Klhdc10,0.015715987486706644,0.9631717616608975,0.0025819734134664,0.999987547004426,False,False,False
Hibadh,0.2161187769794693,0.11787463667334368,-0.200757180011928,0.999987547004426,False,False,False
Fkbp9,1.3393237411094299,0.02842093710836464,-0.313637576675827,0.999987547004426,True,False,False
Tmem209,-0.1775101810849179,0.42933276151587135,-0.0027040678735499,0.999987547004426,False,False,False
Avl9,-0.09732511194990867,0.6592878883645193,-0.140151695329145,0.999987547004426,False,False,False
Cep41,-0.004907119389800563,0.9911527556919748,0.187139263642019,0.999987547004426,False,False,False
Sspo,0.565843755626556,0.07259202317859748,-0.614031305339661,0.999987547004426,False,False,False
Herc6,-0.3303155308279698,0.02762238068792918,-0.266207634718772,0.999987547004426,True,False,False
Herc3,-0.4030781476451098,0.08433109729068688,1.0752595696751,0.999987547004426,False,False,False
Tmem176b,0.6834700001096683,6.410504008848277e-13,-0.34971722703961,0.999987547004426,True,False,False
Igf2bp3,-0.4293756111331792,0.20493069064612054,0.113827489221762,0.999987547004426,False,False,False
Malsu1,0.05926808270844928,0.8106426940391135,-0.167495293141619,0.999987547004426,False,False,False
Gpnmb,0.436906376219952,0.5574331532909826,-1.54109534140403,0.999987547004426,False,False,False
Tra2a,-0.0636440481452525,0.733734109525583,-0.562216560675584,0.999987547004426,False,False,False
Gsdme,-0.2492309380746702,0.41470896349828157,-0.850035759463218,0.999987547004426,False,False,False
Osbpl3,-0.36805136590215154,0.06815429210935353,0.716636271862757,0.999987547004426,False,False,False
Luc7l2,-0.2584182561583519,0.09491614654733434,0.981814647886368,0.999987547004426,False,False,False
Zc3hav1,0.16565200463979243,0.41119629902351584,-0.627488527431145,0.999987547004426,False,False,False
Svopl,0.0719168458409488,0.9295861205477208,0.471464276254818,0.999987547004426,False,False,False
Nfe2l3,-0.253162787292542,0.8396501110246026,-0.390220212847864,0.999987547004426,False,False,False
Trim24,-0.14604570696318592,0.6299651757663831,-0.315436183335431,0.999987547004426,False,False,False
Mtpn,-0.17142869661534135,0.15193350539785697,0.28656442731973,0.999987547004426,False,False,False
Slc23a4,-0.3665925899979032,0.7575267733286084,0.254485721809259,0.999987547004426,False,False,False
Zyx,0.4194401128049844,0.006365992202720796,-0.39153812897155,0.999987547004426,True,False,False
Clcn1,-1.2808641351141783,0.0008766336102364751,-0.325605286973551,0.999987547004426,True,False,False
Casp2,-0.18429517031661183,0.39592770531386867,-0.0031356179084358,0.999987547004426,False,False,False
Gstk1,-0.3190067212010619,0.11300514577687204,-0.0789682343064015,0.999987547004426,False,False,False
Mad2l1,-0.32414532977875743,0.03688856553950532,-0.05933337530033,0.999987547004426,True,False,False
Clec5a,1.573921713743037,1.2918074857958002e-13,0.476290652683522,0.999987547004426,True,False,False
Agk,-0.19192859482843252,0.3615374132722996,-0.0830102832696253,0.999987547004426,False,False,False
Mrps33,0.03081927126640303,0.8880287506012291,-0.202087096413919,0.999987547004426,False,False,False
Hpgds,-1.5609178760094353,1.4284232379156133e-17,0.511836877651569,0.999987547004426,True,False,False
Smarcad1,-0.20567732409518585,0.23261866392453368,0.450463272785725,0.999987547004426,False,False,False
Mkrn1,-0.09099548435222928,0.6545775088125275,0.0300473775758343,0.999987547004426,False,False,False
Rab19,-1.0024946692762025,4.275453155125019e-10,0.344691967257595,0.999987547004426,True,False,False
Slc37a3,-0.07188811765475722,0.83299139437705,0.631168276878232,0.999987547004426,False,False,False
Tbxas1,0.9933226865219231,6.838304533129809e-08,-0.193909808497167,0.999987547004426,True,False,False
Gfpt1,-0.01597117802949153,0.9454780946293537,0.432038289461599,0.999987547004426,False,False,False
Nfu1,-0.07445205512350113,0.6799761044230659,-0.237029743582802,0.999987547004426,False,False,False
Anxa4,0.3255894553688689,0.043173506398024135,0.36311810816692,0.999987547004426,True,False,False
Pcyox1,0.8765639394071535,5.3582164628222224e-08,-0.729789900635313,0.999987547004426,True,False,False
Dusp11,-0.25939515990668915,0.09446934510103418,-0.643886183449903,0.999987547004426,False,False,False
Cct7,0.03561633186057771,0.8540499255635571,0.0041060104568622,0.999987547004426,False,False,False
Zfp638,-0.43056272719028493,0.0028741840397803584,-0.3422143559818,0.999987547004426,True,False,False
Fbxl14,0.2645136814783343,0.33879028943962525,-0.383719179165017,0.999987547004426,False,False,False
Lrig1,-0.17685924447055845,0.8713048879194477,0.612570959708842,0.999987547004426,False,False,False
1700003E16Rik,-0.7197560128936121,0.25310851703773757,-0.0821187983944318,0.999987547004426,False,False,False
Kbtbd8,-0.655083590022045,0.04018017554515096,-0.578158129414934,0.999987547004426,True,False,False
Wbp1,0.09017605121007377,0.6454898486410887,-0.128258633901552,0.999987547004426,False,False,False
Mogs,0.0885743417703889,0.6839907435443516,-0.538113755810367,0.999987547004426,False,False,False
Mrpl53,0.07519012845298395,0.8013386204529358,-0.266538521295912,0.999987547004426,False,False,False
Pole4,-0.01433606493630981,0.937550904634815,0.160290034620499,0.999987547004426,False,False,False
Mrpl19,-0.11636231943351948,0.5614387688744453,-0.0608126176069641,0.999987547004426,False,False,False
Arhgap25,-0.126678561221821,0.5035353648465757,-0.347725345451829,0.999987547004426,False,False,False
Aplf,0.22477106699606353,0.5078291272337109,-0.277403508491171,0.999987547004426,False,False,False
Rab43,-0.05860074167815484,0.7964581051299038,0.264929103348948,0.999987547004426,False,False,False
Isy1,0.051369512361230725,0.8130622848583636,0.207917684656783,0.999987547004426,False,False,False
Cnbp,0.08246320880345669,0.5633375366819044,-0.159428388672638,0.999987547004426,False,False,False
Copg1,0.12401032415430564,0.46528378595179143,-0.305605929922547,0.999987547004426,False,False,False
Tmf1,-0.10921400773892262,0.6122653372983795,-0.0843614856956645,0.999987547004426,False,False,False
Hmces,-0.21963766029840787,0.4195363201062939,0.145069932386249,0.999987547004426,False,False,False
Uba3,0.17635985667720155,0.2202967241062993,-0.31218750829557,0.999987547004426,False,False,False
Rpn1,0.34803683576801286,0.012288396650626721,0.0045652645921165,0.999987547004426,True,False,False
Foxp1,0.4458061076605082,0.00013854239345722707,-0.223829040235684,0.999987547004426,True,False,False
Ruvbl1,-0.11767552872783064,0.5421005158979597,-0.194603707145234,0.999987547004426,False,False,False
Sec61a1,0.1673189071817612,0.21679599134446062,-0.0516399326169141,0.999987547004426,False,False,False
Abtb1,0.23047199443009844,0.38919120545195207,-0.139632593000137,0.999987547004426,False,False,False
Plxna1,1.1295078852401201,5.866062169312128e-05,-0.319900069139248,0.999987547004426,True,False,False
Chchd6,-0.3461604475213491,0.12271610423073576,-0.815442947939498,0.999987547004426,False,False,False
Slc41a3,0.5767670460993523,0.019035007797013143,-0.255641955755193,0.999987547004426,True,False,False
Nup210,-0.6435848171564834,4.525378147750735e-09,-0.456377373901772,0.999987547004426,True,False,False
Xpc,-0.2719102772010186,0.30636708739150986,-0.327269507593805,0.999987547004426,False,False,False
Slc6a6,0.04205906535250458,0.8250922774777069,-0.0837929650171612,0.999987547004426,False,False,False
Sumf1,-0.10725472501461542,0.5160606239208743,0.689146709668185,0.999987547004426,False,False,False
Itpr1,-0.5910286232039847,2.791871929303165e-05,-0.224982526098003,0.999987547004426,True,False,False
Bhlhe40,0.26519526093291856,0.16906051402149835,-0.024932294386236,0.999987547004426,False,False,False
Edem1,0.4448451434179384,0.0008696472500628356,-0.308229057174599,0.999987547004426,True,False,False
Arl8b,0.30897128238864546,0.00961288734856889,0.446635336443048,0.999987547004426,True,False,False
Usp18,-0.20677174177031346,0.22127759925369433,-0.302612814233064,0.999987547004426,False,False,False
Slc6a12,-0.22276598813092627,0.4396258510833393,-0.306679741954725,0.999987547004426,False,False,False
Ret,0.3106404172392935,0.512359754867834,0.579396223642877,0.999987547004426,False,False,False
Mfap5,-0.2568613945698857,0.8165143056524748,0.254019080556493,0.999987547004426,False,False,False
Gdf3,1.188171592402362,0.0008045531264452748,-0.255250524833007,0.999987547004426,True,False,False
Mlf2,0.45613042866101544,2.814522252375458e-06,-0.219889438614297,0.999987547004426,True,False,False
Ptms,-0.12731398501940938,0.5837109219290426,-1.02816941623941,0.999987547004426,False,False,False
Plxnd1,0.2926759717738082,0.14180894514051645,-1.01667452778821,0.999987547004426,False,False,False
Lag3,-0.7558179745248468,0.05105708378408338,-0.71115703724444,0.999987547004426,False,False,False
Tmcc1,0.1498657584796719,0.5068508109835644,-0.273783379419441,0.999987547004426,False,False,False
Cops7a,0.2082213713109568,0.1357605675693754,-0.206384182039406,0.999987547004426,False,False,False
Bms1,-0.10270546757694053,0.6995036745256675,-0.26559852257323,0.999987547004426,False,False,False
Zfp248,-0.8807407914840882,0.13648462575136056,-0.156175096261677,0.999987547004426,False,False,False
Clec4b1,1.0238340364885448,1.1336957715841642e-13,0.488632842946665,0.999987547004426,True,False,False
Clec4a2,0.02032461163390799,0.9279169160857534,-0.461679360017716,0.999987547004426,False,False,False
Klrk1,1.0388986286378494,1.1573096498520967e-09,-0.540288218605561,0.999987547004426,True,False,False
Cd69,-0.6591793857264029,0.0015650819430679086,-1.10846902856561,0.999987547004426,True,False,False
Clec2d,-0.15729599353730184,0.6966531704290837,-0.0087369547350828,0.999987547004426,False,False,False
Clec1b,0.5940323873980777,0.019699113026175667,-0.195529243439911,0.999987547004426,True,False,False
Tmem52b,1.0013027062437794,1.8058434299226487e-05,0.249988361543368,0.999987547004426,True,False,False
Gabarapl1,0.7298713301768976,2.814522252375458e-06,-0.194912222343165,0.999987547004426,True,False,False
Olr1,1.5954545950226688,1.3245260863584419e-05,0.365463895706968,0.999987547004426,True,False,False
Klrd1,-0.3675326969872477,0.025214705115093942,0.0822722543141436,0.999987547004426,True,False,False
Rad52,-0.32647584137963015,0.3289457881318587,0.252511813495518,0.999987547004426,False,False,False
Klrc1,0.05772624375748576,0.9544599061375582,0.189184425862511,0.999987547004426,False,False,False
Adipor2,-0.13150610175780372,0.6024504367226486,-1.08886996089635,0.999987547004426,False,False,False
Erc1,-0.10685878217085798,0.8517417112931032,-0.385960451896013,0.999987547004426,False,False,False
Klra5,-1.7180176032444983,0.001655670725949606,0.0422587005243624,0.999987547004426,True,False,False
Kdm5a,-0.2065692709332935,0.1768646606228359,-0.138074688699151,0.999987547004426,False,False,False
Klra2,0.29375582767220687,0.4717329628787963,0.532094287725834,0.999987547004426,False,False,False
Magohb,0.03189513939734918,0.897806307356436,0.28642526060843,0.999987547004426,False,False,False
Ybx3,0.5237475394695184,1.9001539475196733e-05,0.341088656680542,0.999987547004426,True,False,False
Etv6,0.04103521684813171,0.8391007165323134,0.232858536294547,0.999987547004426,False,False,False
Bcl2l14,0.8131742255272322,4.134524690477955e-08,0.358042750543019,0.999987547004426,True,False,False
Lrp6,0.001799805235196624,0.9943591458614311,-0.620418975969353,0.999987547004426,False,False,False
Dusp16,-0.09265742936130725,0.6990729525531241,-0.338718230833155,0.999987547004426,False,False,False
Ddx47,-0.09887365318431723,0.5252532864811431,-0.359268749560791,0.999987547004426,False,False,False
Gsg1,-0.24205750238944182,0.27158470529097856,0.096968819282087,0.999987547004426,False,False,False
Emp1,-0.3065595250260965,0.755198562599795,-0.681056746802933,0.999987547004426,False,False,False
Atf7ip,-0.1821980961029101,0.268915404237592,-0.472308830254785,0.999987547004426,False,False,False
Plbd1,0.5696487202656246,1.1586985770406501e-10,-0.301238404957008,0.999987547004426,True,False,False
Wbp11,0.08998863513246087,0.6492376609345241,-0.136943808558886,0.999987547004426,False,False,False
Arhgdib,0.3306067144754326,0.0012613619207772094,-0.590777885978969,0.999987547004426,True,False,False
Ptpro,0.03459980681468627,0.8715278964547136,0.424114706272468,0.999987547004426,False,False,False
Strap,0.09924087688342624,0.5920918014619553,0.297662566382455,0.999987547004426,False,False,False
Dera,0.2089269597172464,0.16193448974683308,-0.735130500685691,0.999987547004426,False,False,False
Plekha5,0.2285607965150135,0.3549015386976895,-0.188357036236488,0.999987547004426,False,False,False
Aebp2,0.27669639002748275,0.056944956634483436,-1.31104114933439,0.999987547004426,False,False,False
Recql,0.03452632072805332,0.91359390137656,-0.0621945004774247,0.999987547004426,False,False,False
Ldhb,1.804680623262161,3.228942405983001e-30,-0.548979670591007,0.999987547004426,True,False,False
Rad18,-0.031007709978183935,0.9096600845115845,-0.36416890883315,0.999987547004426,False,False,False
Srgap3,-0.7359085492251184,0.0003800088834169311,0.478462538781369,0.999987547004426,True,False,False
Rassf8,0.30511137197626215,0.7666098917180668,-0.296128229805983,0.999987547004426,False,False,False
Irag2,-0.03620702245922852,0.8517417112931032,0.48557281855892,0.999987547004426,False,False,False
Thumpd3,-0.2110444810823174,0.12059711740658378,-0.116023178618857,0.999987547004426,False,False,False
Kras,-0.25951798428923495,0.24801074489256333,-0.088987299861353,0.999987547004426,False,False,False
Mtmr14,-0.20357378862724093,0.3504820442800036,-0.816898246159479,0.999987547004426,False,False,False
Ogg1,0.49559187664916615,0.12057293397018062,-0.154962927200669,0.999987547004426,False,False,False
Camk1,1.3567338120006063,4.568353188688757e-26,-0.318231363354849,0.999987547004426,True,False,False
Etnk1,-0.31788329950411076,0.016902937452811576,0.648514727680496,0.999987547004426,True,False,False
Ttll3,-0.5673080461474673,0.32138287513947017,-0.394257009968407,0.999987547004426,False,False,False
C2cd5,-0.15625675090601965,0.4567861342862299,-0.548061026702229,0.999987547004426,False,False,False
Cmas,0.126680599641118,0.4679443183558457,-0.273063566726782,0.999987547004426,False,False,False
St8sia1,-0.07613505764485984,0.7091954647805229,-0.284950721707253,0.999987547004426,False,False,False
Creld1,0.36309004663998484,0.23477628779617807,-0.240171264484647,0.999987547004426,False,False,False
Emc3,0.07543957284887497,0.6543003474554148,-0.20571208589009,0.999987547004426,False,False,False
Itpr2,-0.1760189349275882,0.35648600567287736,1.29324481446442,0.999987547004426,False,False,False
Med21,0.1531579108731864,0.26008700512705735,-0.341545243775522,0.999987547004426,False,False,False
Sec13,0.014017521240998443,0.9368113306682887,-0.586813551433225,0.999987547004426,False,False,False
Caprin2,-0.3571061071776597,0.3562169702811571,-0.203554597726061,0.999987547004426,False,False,False
Slc6a1,-0.30318526750280533,0.4618005092178176,0.420290166777062,0.999987547004426,False,False,False
Dennd5b,0.7323248818107881,0.005142373876633205,-0.5240951426208,0.999987547004426,True,False,False
Atg7,0.006506403839529979,0.9825995651200278,-0.657973417205163,0.999987547004426,False,False,False
Vgll4,0.20763261146380452,0.20471089181229582,0.588977953349517,0.999987547004426,False,False,False
Tamm41,0.020057423611563634,0.9426812506153933,-0.694906960643741,0.999987547004426,False,False,False
Cand2,0.07013862759051823,0.932591703102302,-0.704548435602194,0.999987547004426,False,False,False
Mbd4,-0.3846139975768974,0.04426483070227063,-0.0353655231376511,0.999987547004426,True,False,False
Ift122,-0.4181626444950259,0.09593169464554599,-0.197563867218332,0.999987547004426,False,False,False
Necap1,0.1617140570241001,0.39621446771604274,-0.204139419088692,0.999987547004426,False,False,False
Pianp,2.7162318814294713,2.1496339479827606e-05,-0.406317350473282,0.999987547004426,True,False,False
Ing4,-0.03917764141837637,0.8362393207875777,-0.312139823887652,0.999987547004426,False,False,False
Vamp1,-0.636973842510827,0.0037371600707286853,-0.448264190783529,0.999987547004426,True,False,False
Tnfrsf1a,0.4227857722337561,0.0028712713302957243,-0.28987034507857,0.999987547004426,True,False,False
Cd9,-0.03193252018605717,0.8476295292575196,-0.430589526280921,0.999987547004426,False,False,False
Dyrk4,-1.2122320388509664,0.20987686449875445,0.622289962341367,0.999987547004426,False,False,False
Rad51ap1,-0.35414073837394455,0.10699812697206708,-0.0890897750953501,0.999987547004426,False,False,False
D6Wsu163e,-0.2501935604670053,0.20886003638744963,0.145556556434149,0.999987547004426,False,False,False
Tspan9,-0.27359744258444146,0.14180894514051645,-0.255400602349688,0.999987547004426,False,False,False
Fkbp4,0.23214288261791718,0.24415177317659983,-0.327790082909335,0.999987547004426,False,False,False
Clec2i,-0.08743592452104612,0.6455677081741431,0.293444898091107,0.999987547004426,False,False,False
Strn4,0.20662836196330273,0.2093249665229129,0.139756766783186,0.999987547004426,False,False,False
Slc8a2,-1.0610941289249325,0.049596810881556465,0.747642461830591,0.999987547004426,True,False,False
Mzf1,-0.3957368921242204,0.6544055440183628,-0.358717065329691,0.999987547004426,False,False,False
Zfp606,0.05264008131265083,0.9156193853840687,-0.0986778200419929,0.999987547004426,False,False,False
Zik1,-1.1144215147492458,0.16413077759141853,0.0544608978716195,0.999987547004426,False,False,False
Mark4,0.402575323573406,0.2772732842722421,0.197506570975269,0.999987547004426,False,False,False
Ckm,-0.5260418834200935,0.5898091010059608,-0.372154331315368,0.999987547004426,False,False,False
Ercc2,0.35180235989520986,0.5582147680043852,-0.0138973853611857,0.999987547004426,False,False,False
Rtn2,-0.21316812591959863,0.7032954560279355,-0.176611858722725,0.999987547004426,False,False,False
Vasp,0.15882693417775998,0.3443492786434037,-0.0166026010430613,0.999987547004426,False,False,False
Qpctl,0.576520930842959,0.020128103131953578,-0.316982661462445,0.999987547004426,True,False,False
Dmwd,1.2107049803996894,0.004292013790877654,-0.803530541097779,0.999987547004426,True,False,False
Pglyrp1,-0.5040174739532669,5.4264587343434796e-06,-0.307609681129964,0.999987547004426,True,False,False
Pdcd5,0.13505435801764104,0.4194325413846932,-0.318122366898356,0.999987547004426,False,False,False
Uri1,-0.10029176226875036,0.6178923441522274,-0.320978596857737,0.999987547004426,False,False,False
Pop4,0.23325296431349418,0.16651949557394863,0.117088451667768,0.999987547004426,False,False,False
Zfp939,-0.9605839497066261,0.0019969814090259,-0.05452221298086,0.999987547004426,True,False,False
Lilra6,-0.7392148907797627,6.0243513358972796e-05,-0.0081947172355683,0.999987547004426,True,False,False
Tmem238,-0.2832534343104378,0.28256614111182976,-0.0942080452240228,0.999987547004426,False,False,False
Rpl28,0.005550252468340493,0.9825621828990581,0.0331953999385712,0.999987547004426,False,False,False
U2af2,-0.0025662091013305952,0.9926977525983923,-0.0600503589080112,0.999987547004426,False,False,False
Zfp583,-0.32487487237323415,0.6577621701831807,-0.50185828512898,0.999987547004426,False,False,False
Zfp273,-0.4673152794812844,0.2550676297257737,-0.0816346432050015,0.999987547004426,False,False,False
Cyfip1,0.27309886290630986,0.021144279824387345,0.850707988470319,0.999987547004426,True,False,False
Nipa2,0.22761240177113745,0.16633354556114507,-0.5672233558248,0.999987547004426,False,False,False
Psd3,0.40608968197617806,0.5759839819639,0.878229394798332,0.999987547004426,False,False,False
Siglecg,-0.17357494846270824,0.15928833879681423,0.104446908104256,0.999987547004426,False,False,False
Zfp719,-0.4078031136314361,0.18117960353635526,-0.133644161571667,0.999987547004426,False,False,False
Ceacam18,-1.3500110761849056,0.04131276427868984,0.13146685320899,0.999987547004426,True,False,False
Siglece,-0.0036548014018805003,0.9911527556919748,0.629370560748863,0.999987547004426,False,False,False
Faap24,-0.3466470114887627,0.19732400819255308,-0.15948787287061,0.999987547004426,False,False,False
Rhpn2,-0.30699109465266744,0.7500334748377617,-0.182663773170074,0.999987547004426,False,False,False
Prmt3,0.13980450600581618,0.43283528738122534,-0.189915837407622,0.999987547004426,False,False,False
Asb7,0.1429717155051323,0.7846382458437661,-0.242395202226762,0.999987547004426,False,False,False
Snrpa1,-0.20584506337257572,0.09041352902656265,-0.198572955895962,0.999987547004426,False,False,False
Mtmr10,0.5075965776562472,0.13729440211783372,-0.3796149712028,0.999987547004426,False,False,False
Crtc3,0.32684835837619586,0.006909885464785349,-0.172116538823718,0.999987547004426,True,False,False
Blm,-0.10489214042832981,0.8418398454815654,-0.182263207909572,0.999987547004426,False,False,False
Hddc3,-0.18488694139583442,0.6609639711722688,-0.435209716999204,0.999987547004426,False,False,False
Vps33b,0.09928232080698335,0.6927123870480245,-0.477243471685265,0.999987547004426,False,False,False
Iqgap1,-0.025291088895778163,0.8965501014775932,-0.588606485185523,0.999987547004426,False,False,False
Cib1,0.23887777889289777,0.0790235348249157,-0.0666840851503698,0.999987547004426,False,False,False
Sema4b,0.08137537165856083,0.8990895691398753,-0.951072144362376,0.999987547004426,False,False,False
Idh2,0.5438726607428274,4.217758217675375e-05,-0.285821730399496,0.999987547004426,True,False,False
Pex11a,0.08639258842363563,0.8860275597671173,-0.131817359460679,0.999987547004426,False,False,False
Plin1,-0.7189481277957894,0.2288408660810098,-0.618336584881743,0.999987547004426,False,False,False
Ttc23,-0.28555087346790425,0.6967007713089745,1.38517408299691,0.999987547004426,False,False,False
Mef2a,-0.07172536926864831,0.7355722805013882,-0.139978869316269,0.999987547004426,False,False,False
Rab38,1.1398775760444442,1.4407766475930208e-15,0.148061273078577,0.999987547004426,True,False,False
Ctsc,0.45589119906248854,0.0012783479316936792,1.03172868712038,0.999987547004426,True,False,False
Sipa1l3,0.2488927388326182,0.2380091778927408,-0.283042841405809,0.999987547004426,False,False,False
2200002D01Rik,0.11007649697462137,0.7695102517101734,-0.0785158188367641,0.999987547004426,False,False,False
Yif1b,-0.13569154166714667,0.3856042975352682,-0.498647268782698,0.999987547004426,False,False,False
Rasgrp4,-0.5761351196009896,0.0009529575978493338,0.104106224585893,0.999987547004426,True,False,False
Fam98c,0.2227959732633676,0.1586327459733953,-0.0891826857713749,0.999987547004426,False,False,False
Psmd8,0.02878821164392233,0.869284614865682,-0.492699918183016,0.999987547004426,False,False,False
Ryr1,-0.7289284818737334,7.255143840626535e-08,-0.712050746843873,0.999987547004426,True,False,False
Lrfn1,1.2022795117653045,0.0793510531292687,-0.549015993369937,0.999987547004426,False,False,False
Pak4,0.04726088628703766,0.8977965505180272,-0.641240356392799,0.999987547004426,False,False,False
Psmc4,0.08894677287666972,0.5453628588439721,-0.402357749006027,0.999987547004426,False,False,False
Mfge8,0.8252282073497537,0.00015092793158841267,-0.244569148245867,0.999987547004426,True,False,False
Aen,0.20825705047911466,0.2787611189603987,-0.134749083674169,0.999987547004426,False,False,False
Det1,-0.1745936081346266,0.6681927738418413,-0.187466442391869,0.999987547004426,False,False,False
Mrps11,0.015480597132379727,0.9549648063971518,-0.279144492723838,0.999987547004426,False,False,False
Mrpl46,-0.06831846557398573,0.745445471138817,-0.157485974699502,0.999987547004426,False,False,False
Ccdc90b,0.3930686714082568,0.008374311837696718,-0.391449185936327,0.999987547004426,True,False,False
Tmem126b,-0.20753547406422815,0.2847460207355373,-0.0128048948979114,0.999987547004426,False,False,False
Eed,-0.005079536222278778,0.9808693368629998,-0.578711445510085,0.999987547004426,False,False,False
Zfand6,0.13717828150319902,0.25961140837178787,-0.0333316430941242,0.999987547004426,False,False,False
Fah,-0.7051724614822185,0.28445094131901044,0.204592582093344,0.999987547004426,False,False,False
Ddias,0.27608679936117025,0.6668012522724844,-0.368235551826507,0.999987547004426,False,False,False
Rab30,-0.33063690990086364,0.02266294567677174,0.157249932027774,0.999987547004426,True,False,False
Ndufc2,0.10292676298658067,0.5459458213292959,-0.155972504542111,0.999987547004426,False,False,False
Art2b,-0.1208059584188478,0.8676476653717966,-0.751080017235867,0.999987547004426,False,False,False
Coq7,-0.06995268668733134,0.7964581051299038,0.182786048472964,0.999987547004426,False,False,False
Xylt1,-0.2946041173543928,0.6615055302455886,0.244923329069018,0.999987547004426,False,False,False
Nucb2,-0.1255042943587504,0.7487368536770959,-0.157318644967527,0.999987547004426,False,False,False
Pik3c2a,-0.3173046385451754,0.11994700418038845,-0.0853321659385635,0.999987547004426,False,False,False
Ipo5,0.09017565450498329,0.7041211049028818,0.0595403073430774,0.999987547004426,False,False,False
1110004F10Rik,0.08880804974732512,0.578316528662581,-0.0547966639642192,0.999987547004426,False,False,False
Cyp2r1,0.16613687701505575,0.7611941847330784,-0.252871153814072,0.999987547004426,False,False,False
Pde3b,-1.06187561543686,0.00017481938590850347,0.661030948515561,0.999987547004426,True,False,False
Mylpf,-0.2862413155765455,0.5041873166914026,-0.228726337676088,0.999987547004426,False,False,False
Qprt,0.792461072568421,0.3835861624805335,-0.786706922130591,0.999987547004426,False,False,False
Kif22,-0.45046110392746896,0.03512964196656829,-0.281150843615578,0.999987547004426,True,False,False
Maz,0.24526323276940548,0.22116699789045216,-0.381546789611178,0.999987547004426,False,False,False
Mvp,0.36981948096146366,0.010807083318516807,-0.227623745503737,0.999987547004426,True,False,False
Kctd13,0.13583580435502585,0.5171464091201846,-0.258249584704511,0.999987547004426,False,False,False
Stard10,1.161129084988855,2.0446185644219016e-07,0.799674962082607,0.999987547004426,True,False,False
Fchsd2,-0.5037861539885966,0.0006987914197416753,0.605276446760262,0.999987547004426,True,False,False
Aldoa,0.9130428721755947,6.56579181327407e-22,-0.352045084064406,0.999987547004426,True,False,False
Ppp4c,0.043935094228535344,0.8011547070200146,-0.0762250570392791,0.999987547004426,False,False,False
Gdpd3,0.5179242361320521,0.10992379012770546,-0.391067458036604,0.999987547004426,False,False,False
Rab6a,0.14433039078176163,0.3435690753892326,-0.300931927427921,0.999987547004426,False,False,False
Coro1a,0.0037033499194154148,0.983631551734873,-0.480425433371197,0.999987547004426,False,False,False
Dnajb13,-0.3835909170235944,0.5166003980425188,0.0700238832343247,0.999987547004426,False,False,False
Sult1a1,0.5447802589748703,0.09988469617775271,-0.269747783616846,0.999987547004426,False,False,False
Sgf29,-0.030434266372821834,0.9054715065269323,-0.372517596626426,0.999987547004426,False,False,False
Nupr1,0.8709691379481224,2.6151109136751342e-06,-0.783680885044636,0.999987547004426,True,False,False
Cln3,-0.38982215074954335,0.0027528364466776053,-0.49405722005501,0.999987547004426,True,False,False
Nfatc2ip,-0.40310719879356954,0.23557865587655097,-0.377967450795052,0.999987547004426,False,False,False
Cd19,-0.25415677246257384,0.7613584737128394,-0.290952640524728,0.999987547004426,False,False,False
Lipt2,0.13314403343272432,0.8206550235177594,-0.150343616751018,0.999987547004426,False,False,False
Pold3,-0.09568344104367633,0.6181538796863434,-0.318608311248276,0.999987547004426,False,False,False
Rabep2,0.16614260395986996,0.46554978596049457,-0.536677605341016,0.999987547004426,False,False,False
Pgm2l1,0.03272855871060137,0.9626586509058292,0.471341413146816,0.999987547004426,False,False,False
Sh2b1,0.2691750581967227,0.28743106943567653,-0.476950667038791,0.999987547004426,False,False,False
Eif3c,0.11623228516723413,0.4207820502851508,-0.608058338558664,0.999987547004426,False,False,False
Spns1,0.138203764249504,0.5859170157591996,-0.126992098715342,0.999987547004426,False,False,False
Rps3,-0.14041019332648771,0.39621784764559664,-0.298808627339426,0.999987547004426,False,False,False
Il21r,0.008896314219013844,0.9743633215606577,-0.401076086562141,0.999987547004426,False,False,False
Dgat2,1.1401821934413383,4.284629126626478e-09,0.435971960374993,0.999987547004426,True,False,False
Il4ra,0.3784202927027717,0.005386001895330196,-0.312862645560206,0.999987547004426,True,False,False
Nsmce1,-0.04116418791700331,0.834746206483884,-0.579684431369713,0.999987547004426,False,False,False
Psma1,0.09151879506738528,0.506528297939001,0.631062858048218,0.999987547004426,False,False,False
Kdm8,-0.49864963002686186,0.2202967241062993,-0.297627170779015,0.999987547004426,False,False,False
Thap12,-0.17561523603403278,0.3737577166526431,-0.089447859060888,0.999987547004426,False,False,False
Copb1,0.020206388538384697,0.9207530842154218,-0.0562121187977809,0.999987547004426,False,False,False
Far1,-0.40600337145546217,0.0009714033476250881,-0.758608760705478,0.999987547004426,True,False,False
Acer3,0.13365263044635142,0.34177391403925417,0.297314247655359,0.999987547004426,False,False,False
Myo7a,0.27669295034422164,0.6619248528428577,-0.643952188928921,0.999987547004426,False,False,False
Lcmt1,0.2945489786605148,0.11060122383506016,0.473233769515925,0.999987547004426,False,False,False
Arhgap17,0.014888951360592933,0.9452464358033107,-0.0970033871302984,0.999987547004426,False,False,False
Disp1,-0.015121136230276697,0.9717633989313788,0.0168535092282251,0.999987547004426,False,False,False
Slc5a11,-0.3927835550257732,0.6657881775202551,1.09387372482942,0.999987547004426,False,False,False
Parva,-0.4067212490171557,0.6683582017643919,-0.512452443565736,0.999987547004426,False,False,False
Pak1,-0.481187119974354,4.503597257747796e-05,-0.309302396789179,0.999987547004426,True,False,False
Trat1,-0.08704073684449269,0.9134742481499444,0.132688577438983,0.999987547004426,False,False,False
Rbbp6,-0.00022119571533541334,0.9987663531639345,-0.841308667951368,0.999987547004426,False,False,False
Rusf1,0.08589568667387264,0.8099193119531222,-0.374810843728948,0.999987547004426,False,False,False
Cox6a2,0.9608540067987605,0.05029267289833211,-0.118607805652465,0.999987547004426,False,False,False
Rnf141,-0.16119155347703704,0.38168391502912713,0.425848954213843,0.999987547004426,False,False,False
Itgax,-0.042744204281344705,0.7987441842042347,0.155780680182104,0.999987547004426,False,False,False
Dkkl1,0.03753278899699593,0.9409845158560709,-0.39628291051897,0.999987547004426,False,False,False
Pycard,0.19869345986781556,0.18197293627453273,-0.200887001950447,0.999987547004426,False,False,False
Cd37,-0.10453103925040963,0.5818511372422812,0.204451783549773,0.999987547004426,False,False,False
Kat8,-0.00943048366516578,0.9743388376378656,-0.393206006381434,0.999987547004426,False,False,False
Bckdk,0.12805297360708556,0.5251708981133513,-0.0088348123232036,0.999987547004426,False,False,False
Bcl7c,0.4634542231610372,0.0006579476977078245,-0.0653336868854968,0.999987547004426,True,False,False
Phkg2,-0.23934256054701178,0.08680654898892345,-0.28278458716341,0.999987547004426,False,False,False
Nucb1,0.3798072707300136,0.0019733647543854547,-0.40450271742594,0.999987547004426,True,False,False
Hsd17b14,-0.12369312725823896,0.8885293137217044,-0.594810891254157,0.999987547004426,False,False,False
Bcat2,0.5212749486028591,3.4646262924097695e-06,-0.395260270936894,0.999987547004426,True,False,False
Itgal,-0.5290751635563472,0.00018865919827510625,0.18117984075758,0.999987547004426,True,False,False
Nomo1,-0.03411348663871013,0.9207530842154218,-0.142057245386232,0.999987547004426,False,False,False
Sergef,-0.3113739451804995,0.18963966184989314,-0.576658070744364,0.999987547004426,False,False,False
Lamtor1,0.01737369911766279,0.9274097999461591,-0.233960161232441,0.999987547004426,False,False,False
Rgs10,0.7053789872640671,2.030663919983552e-10,-0.533458890287033,0.999987547004426,True,False,False
Tial1,-0.05034859227441248,0.8833991339082673,-0.253576446329641,0.999987547004426,False,False,False
Bag3,0.057034859687134294,0.8982253818413249,-0.500234924350154,0.999987547004426,False,False,False
Tacc2,-0.9443555958832519,0.20471089181229582,-0.661819508363974,0.999987547004426,False,False,False
Acadsb,0.2488065551726294,0.16451992040079386,-0.211496544265784,0.999987547004426,False,False,False
Ndufab1,0.11310352394745961,0.4749549080746031,-0.107954055806736,0.999987547004426,False,False,False
Ubfd1,0.014577437472371219,0.9601607363371517,-0.0036117569645615,0.999987547004426,False,False,False
Gga2,0.028319069711198536,0.9273224411372828,-0.292712448680956,0.999987547004426,False,False,False
Mettl9,0.12211827370802886,0.49657547295846394,-0.214108228436893,0.999987547004426,False,False,False
Polr3e,0.03636844717769149,0.9109538018219614,-0.350377616637503,0.999987547004426,False,False,False
Arfip2,-0.1571586974620764,0.5823320075742748,-0.187067755460431,0.999987547004426,False,False,False
Dnhd1,1.2267394004263674,0.13241872149826048,-0.0378066291025903,0.999987547004426,False,False,False
Uqcrc2,0.11707008626548315,0.365683464726794,-0.227220007656083,0.999987547004426,False,False,False
Vwa3a,0.4423327466342337,0.669236970230596,0.0670831111449726,0.999987547004426,False,False,False
Ilk,-0.06447295297385444,0.6857632754398936,-0.198782551856121,0.999987547004426,False,False,False
Tpp1,0.17503767827756703,0.23307771367699714,-0.114977310417439,0.999987547004426,False,False,False
Trim30a,-0.09697657116712521,0.6485220818339114,0.237130979084131,0.999987547004426,False,False,False
Lyrm1,0.019842816983225563,0.9544599061375582,-0.147457805615314,0.999987547004426,False,False,False
Eri2,-0.7195950851913723,0.01464760954814798,-0.122387272863305,0.999987547004426,True,False,False
Chst15,-0.5948309418395659,0.0014335561302478608,-0.0190328442966319,0.999987547004426,True,False,False
Oat,-0.09838419084262928,0.48537332761612945,1.32672472649538,0.999987547004426,False,False,False
Thumpd1,0.06758786025841676,0.7460211699388256,-0.0939111789294946,0.999987547004426,False,False,False
Lhpp,0.23195754021717047,0.16504911822817261,-0.124360424576462,0.999987547004426,False,False,False
Fam53b,-0.36952671325788516,0.07936656508307807,-0.582526724398277,0.999987547004426,False,False,False
Eef1akmt2,0.007896102389593774,0.9743388376378656,-0.239256250702798,0.999987547004426,False,False,False
Abraxas2,-0.1850390336566788,0.18931621416643704,-0.145186294972994,0.999987547004426,False,False,False
Trim21,-0.16022013467659912,0.4505458702166921,-0.277690901016109,0.999987547004426,False,False,False
Zranb1,-0.1557693533725492,0.46087472711464617,-0.255354675860348,0.999987547004426,False,False,False
Ctbp2,0.6316396975763776,0.006324917998149521,-0.301126024798405,0.999987547004426,True,False,False
Rrm1,-0.16775977745917386,0.3263341957951312,-0.692976953862657,0.999987547004426,False,False,False
Knop1,-0.4523660889236755,0.016804536216841776,-0.465108100539157,0.999987547004426,True,False,False
Vps35l,-0.15109961000243743,0.433907430775179,-0.1037822922821,0.999987547004426,False,False,False
Bccip,-0.004286015196300629,0.9852215925073082,-0.168430908424569,0.999987547004426,False,False,False
Pgap2,0.22143555788164906,0.11187909639850573,0.0309865936812379,0.999987547004426,False,False,False
Mki67,-0.7570013109588661,2.7438954806751983e-09,-0.0998382063824614,0.999987547004426,True,False,False
Atp6ap2,0.309816742412245,0.0580440379298198,-0.469854940417445,0.999987547004426,False,False,False
Usp9x,0.1594565013735738,0.3729249096426633,-0.158514717844906,0.999987547004426,False,False,False
Swap70,-0.21041714317634264,0.21601715397452842,-0.41956854271133,0.999987547004426,False,False,False
Wee1,-0.09988692251454147,0.7487368536770959,-0.164394887329493,0.999987547004426,False,False,False
Akip1,-0.03850499595500408,0.8925973485779214,-0.409208630306189,0.999987547004426,False,False,False
Eif3f,0.016364133145227073,0.9327074504618144,-0.0272459821315394,0.999987547004426,False,False,False
Ndufb11,0.05495103233100814,0.7739039072918512,0.0141035050799854,0.999987547004426,False,False,False
Cdk16,0.27575394245565565,0.20705900406455482,-0.0739419188866242,0.999987547004426,False,False,False
Usp11,0.34736894035793386,0.03178637074779384,-0.242943142644884,0.999987547004426,True,False,False
Glrx3,0.18323141513509944,0.13201028454963548,-0.264479360551553,0.999987547004426,False,False,False
LTO1,-0.25392699974866184,0.24163433308065338,-0.100689336858567,0.999987547004426,False,False,False
Fadd,0.20669345048976573,0.5869669854039825,0.337417086325348,0.999987547004426,False,False,False
Nadsyn1,0.042465150456059995,0.9066068775974688,-0.275262078995842,0.999987547004426,False,False,False
Dock11,-0.40011359097024085,0.0022591210921379316,0.550319538112053,0.999987547004426,True,False,False
Tnni2,-1.020079271483212,7.3874436617263475e-09,0.11361224626128,0.999987547004426,True,False,False
Sash3,-0.2310343136238817,0.06514264732069495,0.918076381656173,0.999987547004426,False,False,False
Elf4,-0.33129720097109633,0.04727537969621798,-0.422309632652559,0.999987547004426,True,False,False
Slc25a14,0.2550934565048707,0.4602230895674892,0.277248254253112,0.999987547004426,False,False,False
Rbmx2,-0.2478592076170461,0.2893349452753012,0.47969014981049,0.999987547004426,False,False,False
Enox2,-0.11187600479116702,0.6707884212515624,-0.380183684770923,0.999987547004426,False,False,False
Stk26,1.1793869103367531,0.00021569076439058047,-0.404011618251818,0.999987547004426,True,False,False
Slc9a9,-0.738003914028455,1.7847884724688876e-08,0.157276847513637,0.999987547004426,True,False,False
Arhgef6,-0.1167356146623929,0.4017862986192466,1.06182023784862,0.999987547004426,False,False,False
Rbmx,-0.1997182581394404,0.20890697365262087,0.0453858364045043,0.999987547004426,False,False,False
F9,-0.6822090378548255,0.04380146300570514,0.567265775431958,0.999987547004426,True,False,False
Syp,-0.12008928684518198,0.8744981762084332,0.530047907545046,0.999987547004426,False,False,False
Prickle3,-0.5082296952211868,0.0049938081869866265,-0.0492932790540648,0.999987547004426,True,False,False
Plp2,-0.6544986901320874,1.8220691508468448e-09,0.0731196847346673,0.999987547004426,True,False,False
Gpkow,-0.029327991639576428,0.9056183919186003,-0.124096794695914,0.999987547004426,False,False,False
Praf2,-0.26072166469901703,0.14988338454221486,-0.550156122392513,0.999987547004426,False,False,False
Gripap1,-0.15534755858898344,0.35184207348901164,0.128050054809004,0.999987547004426,False,False,False
Otud5,0.10277764541412032,0.6333950180743319,-0.209849123705774,0.999987547004426,False,False,False
Pim2,0.014156432771223519,0.973954650641597,-0.407099521550124,0.999987547004426,False,False,False
Slc35a2,0.12018890357022895,0.619790352167553,-0.411213343265418,0.999987547004426,False,False,False
Timm17b,0.2894684563115941,0.027328784907419253,-0.172270309870846,0.999987547004426,True,False,False
Hdac6,-0.03236931205636705,0.9362159738402466,-0.292253708798176,0.999987547004426,False,False,False
Was,-0.1777352308823807,0.45765277950677635,-0.1541601697009,0.999987547004426,False,False,False
Wdr13,-0.04137841269621064,0.8931513858747265,-0.115128636884926,0.999987547004426,False,False,False
Rbm3,-0.12433508848771976,0.3325347856160631,0.13668354464344,0.999987547004426,False,False,False
Ebp,0.12877705532781952,0.37430119319034494,-0.512633942070236,0.999987547004426,False,False,False
Porcn,0.21577444975538693,0.8332086917324513,-0.741463549273136,0.999987547004426,False,False,False
Ftsj1,0.12776996930723653,0.6375886978590987,-0.121914264681045,0.999987547004426,False,False,False
Rpgr,0.08878099763109717,0.8464919168527143,-0.165370055217931,0.999987547004426,False,False,False
Dynlt3,0.49066952523897533,8.577844885959647e-06,-0.207619194650988,0.999987547004426,True,False,False
Vbp1,0.08610985035082849,0.5394196823395936,0.076688052481396,0.999987547004426,False,False,False
Fundc2,-0.18268627603993368,0.36157195311361917,-0.446229370900784,0.999987547004426,False,False,False
Brcc3,0.004916858254626356,0.983258144067751,-0.234085149652274,0.999987547004426,False,False,False
Rab39b,-0.25009603086923454,0.8350931982214268,0.482349022715615,0.999987547004426,False,False,False
Msn,0.048722116215876306,0.7713071741418223,0.119960787756879,0.999987547004426,False,False,False
Ophn1,0.596953666304305,0.5814701326095478,0.568434541070007,0.999987547004426,False,False,False
Stard8,0.5289148384992289,0.29714631372862377,-0.275492868032993,0.999987547004426,False,False,False
Efnb1,-0.5838363602016515,0.11551097726770385,0.81610625376817,0.999987547004426,False,False,False
Magee2,0.2652461406855551,0.8001209077951653,-0.204437193889879,0.999987547004426,False,False,False
Pbdc1,0.07972082614833301,0.6193542948910127,0.119933893020414,0.999987547004426,False,False,False
Magee1,0.07144139634542164,0.8648401173321996,0.688358898659769,0.999987547004426,False,False,False
Atrx,-0.14562739769508198,0.26507148051093016,0.185644579141573,0.999987547004426,False,False,False
Cox7b,0.0999342897176416,0.6506793352364566,0.333790198850732,0.999987547004426,False,False,False
Magt1,0.01903728246542885,0.932207983311136,0.102466914621072,0.999987547004426,False,False,False
Itm2a,1.1442297218694149,0.04939099588286167,-0.0511866601090851,0.999987547004426,True,False,False
Hmgn5,0.15234108869049054,0.45665165458500456,0.267102637664453,0.999987547004426,False,False,False
Sh3bgrl,0.022997375026303342,0.8938837985080159,0.594371388093644,0.999987547004426,False,False,False
Cstf2,0.10430825604230819,0.6922405427390111,-0.0660973880851019,0.999987547004426,False,False,False
Xkrx,-0.5595157866184436,0.5251708981133513,0.720807566401217,0.999987547004426,False,False,False
Cenpi,-0.41146990724789745,0.08836992087622281,-0.26218385653292,0.999987547004426,False,False,False
Btk,0.05787006733530287,0.7900002543261955,0.314649501973958,0.999987547004426,False,False,False
Gla,0.9636470413539552,1.0114454454441977e-11,-0.47452609045902,0.999987547004426,True,False,False
Acsl4,-0.17675863173826722,0.45533185975731244,0.751764633298225,0.999987547004426,False,False,False
Cdkl5,0.03124183018918314,0.9519308245748211,0.0636116640902022,0.999987547004426,False,False,False
Rs1,-0.15416118532072054,0.8460755789293355,-0.621297528699758,0.999987547004426,False,False,False
Phka2,-0.29947071351299487,0.20493069064612054,0.120234528207599,0.999987547004426,False,False,False
Pdha1,0.4296801445083724,0.0006776079443455833,-0.368771537788658,0.999987547004426,True,False,False
Il2rg,0.3442444873646439,0.0005860098824618596,0.0857572913572726,0.999987547004426,True,False,False
Rps6ka3,-0.045669663945131306,0.8922473664603778,0.383071666409018,0.999987547004426,False,False,False
Zmym3,0.2473703747162718,0.26239338507780635,-0.109330251722568,0.999987547004426,False,False,False
Nono,-0.08848520912924934,0.5410289115733631,-0.0772152709967342,0.999987547004426,False,False,False
Taf1,-0.03336289486409878,0.9100907184393145,-0.104687942060188,0.999987547004426,False,False,False
Rps4x,-0.19584927823717546,0.21508487695121106,0.174100666499677,0.999987547004426,False,False,False
Flna,0.005552198723424139,0.9831636975666895,0.654217098854716,0.999987547004426,False,False,False
Abcb7,-0.09125293686747513,0.7691796386901926,0.0293185685322888,0.999987547004426,False,False,False
Mtm1,0.13933255401288028,0.6155948715479674,0.468276854521356,0.999987547004426,False,False,False
Gpm6b,0.10472183768648112,0.6554651112257103,-0.624512019897157,0.999987547004426,False,False,False
Cetn2,-0.06049989830300089,0.7455421847036058,-0.0570266496379848,0.999987547004426,False,False,False
Rbbp7,0.002656372957629852,0.9881644754127993,-0.0184075036114626,0.999987547004426,False,False,False
Arhgap6,-0.44438096558605056,0.0012650852944682605,0.377612992647335,0.999987547004426,True,False,False
Syap1,0.1572548598802921,0.3512675453906551,0.0645158043708616,0.999987547004426,False,False,False
Msl3,-0.03824200418474425,0.876263632456734,0.344368485020713,0.999987547004426,False,False,False
Ctps2,0.5235849460183427,1.8485458560414304e-05,-0.117089011203801,0.999987547004426,True,False,False
Xlr4c,-0.7594387164925308,0.034607075184280064,0.0559057452310547,0.999987547004426,True,False,False
Grpr,0.3935316841614225,0.2705709542476735,-0.231910352989015,0.999987547004426,False,False,False
Zfp275,-0.18253815927744446,0.6881275576760655,-0.243043801031324,0.999987547004426,False,False,False
Ap1s2,-0.2974430448913195,0.013624297009823193,0.548447835354649,0.999987547004426,True,False,False
Zrsr2,-0.055138564880050756,0.8071006882606233,0.0478563070178106,0.999987547004426,False,False,False
Haus7,0.2625188816598873,0.1018173250059943,-0.124378337738742,0.999987547004426,False,False,False
Car5b,0.15585437997480606,0.8299121440173993,0.446828415608357,0.999987547004426,False,False,False
Abcd1,-0.004558787911636416,0.9831636975666895,-0.308607615492198,0.999987547004426,False,False,False
Piga,0.13335626849097207,0.6907905910695799,-0.115321837574458,0.999987547004426,False,False,False
Dusp9,0.349714379614547,0.690086106530635,0.192749695283,0.999987547004426,False,False,False
Hcfc1,-0.15161514370336185,0.37011162400871433,-0.34001321919552,0.999987547004426,False,False,False
Renbp,0.8868796198451956,4.304037239844181e-12,-0.378086270300652,0.999987547004426,True,False,False
Naa10,0.2676978918221152,0.040320002612979716,-0.1623717045761,0.999987547004426,True,False,False
Arhgap4,-0.2774585911455389,0.07763922860458422,-0.289306752797678,0.999987547004426,False,False,False
Avpr2,-0.6075113533137451,0.5451070912039877,-0.343934243439318,0.999987547004426,False,False,False
Irak1,0.16851364371215394,0.22201394852617576,0.0984443531929609,0.999987547004426,False,False,False
Mecp2,-0.016072072596826283,0.9523599453134791,-0.227593720226169,0.999987547004426,False,False,False
Fam3a,0.1336106914476825,0.6060240707342877,-0.120466315723265,0.999987547004426,False,False,False
G6pdx,0.464492631882227,1.2050754774969008e-05,-0.167747713310754,0.999987547004426,True,False,False
Mpp1,0.12188459811141163,0.5815949565330601,0.0808839085153679,0.999987547004426,False,False,False
Dkc1,-0.04707008172829145,0.8261564526015175,-0.2403545238139,0.999987547004426,False,False,False
Plp1,-0.030456535398592055,0.9825995651200278,0.0839146007383285,0.999987547004426,False,False,False
Zcchc18,-1.0959639799926915,0.010409493954564945,0.108347733292733,0.999987547004426,True,False,False
Psmd10,0.09928712309585877,0.6144943849457,-0.0037976070621965,0.999987547004426,False,False,False
Tsc22d3,-0.4721487535049757,0.3967013568029033,-0.181054612207268,0.999987547004426,False,False,False
Prps1,0.21547247186156135,0.09217900441421653,-0.233769657545173,0.999987547004426,False,False,False
Rbm41,-0.33041640912753306,0.3557601555611931,0.149313524721511,0.999987547004426,False,False,False
Atp11a,0.39053938266905025,0.08655513083827576,-0.222238366055151,0.999987547004426,False,False,False
Mcf2l,1.0908169846394646,0.2592857152362287,-0.538061272471769,0.999987547004426,False,False,False
F10,1.728205683029826,4.400938979978824e-06,-0.719592841554544,0.999987547004426,True,False,False
Cul4a,0.13817675776463062,0.5579286397561746,-0.232878987184005,0.999987547004426,False,False,False
Lamp1,1.008351820272967,5.881150875580634e-16,-0.176084684116782,0.999987547004426,True,False,False
Grk1,-0.2976728983292675,0.42933276151587135,-0.126747674610953,0.999987547004426,False,False,False
Rasa3,1.2634538959230874,5.469452349492318e-14,-1.0040719520453,0.999987547004426,True,False,False
Agpat5,0.34277530704769876,0.014321962267666426,-0.0565005955741249,0.999987547004426,True,False,False
Nek3,-0.8202310581991222,0.07791283509274956,-0.117482204124975,0.999987547004426,False,False,False
Vps36,0.05070497058384802,0.8139887989503775,0.321916665649389,0.999987547004426,False,False,False
Thsd1,0.8155015658863061,0.12496865258949999,-0.255753518385987,0.999987547004426,False,False,False
Slc25a15,0.7034123349521315,0.054804855581283125,0.333074310303728,0.999987547004426,False,False,False
Erlin2,0.12942344123962765,0.4698915093142234,-0.370178926352319,0.999987547004426,False,False,False
Plpbp,0.13466167486149846,0.3512675453906551,-0.126649038176178,0.999987547004426,False,False,False
Adgra2,-0.32335254284107556,0.15199595362316098,0.592376858688979,0.999987547004426,False,False,False
Brf2,-0.2682996678233773,0.4427810677044165,-0.380872796949723,0.999987547004426,False,False,False
Adrb3,0.12310447075257,0.9232997485008381,0.189113347478639,0.999987547004426,False,False,False
Eif4ebp1,0.5939902208540653,5.544555962913255e-06,-0.224903037931617,0.999987547004426,True,False,False
Cd209a,0.3422749235004756,0.08363124505278624,-0.219783854701006,0.999987547004426,False,False,False
Cd209d,0.5024440059894567,0.14462059315163567,-0.0186304581981638,0.999987547004426,False,False,False
Tnfsf13b,-0.7032223728915978,0.1308266303617558,-0.512585497087342,0.999987547004426,False,False,False
Rab20,-0.053306537862381716,0.8391007165323134,0.552337420339724,0.999987547004426,False,False,False
Naxd,0.04882558575523489,0.8494562405810597,-0.362814584161789,0.999987547004426,False,False,False
Ankrd10,0.12173073727047458,0.5112468132510342,0.0151133966759751,0.999987547004426,False,False,False
Leprotl1,0.2080663872765312,0.16889570270946608,-0.100699350857512,0.999987547004426,False,False,False
Dctn6,0.20662408936923,0.14234345613559818,-0.100195447879484,0.999987547004426,False,False,False
Vegfc,-0.7495895027097355,0.27770243704695363,0.865282472214544,0.999987547004426,False,False,False
Aga,0.04475182502930677,0.8513959437772282,-0.346429259093459,0.999987547004426,False,False,False
Eri1,-0.12522643905994177,0.4532913129276916,0.306420209907725,0.999987547004426,False,False,False
Tnks,-0.05003153740210075,0.8754704088337218,0.408479074961385,0.999987547004426,False,False,False
Dusp4,0.9028345881832177,0.3010118784871336,-0.160523787089294,0.999987547004426,False,False,False
Saraf,0.2867030113313495,0.05013474648618163,-0.246232373396252,0.999987547004426,False,False,False
Mrps31,0.03559486614407268,0.9080040132993753,0.0041711010379614,0.999987547004426,False,False,False
Smim19,0.12642344088812107,0.5830850847719783,0.493410394968917,0.999987547004426,False,False,False
Polb,0.2167781147429564,0.1131956718895631,0.231306630182995,0.999987547004426,False,False,False
Ikbkb,0.16047747256752043,0.1810889561944385,-0.284989522527629,0.999987547004426,False,False,False
Plat,1.02090623637725,0.015422090617051016,-0.370421408360805,0.999987547004426,True,False,False
Ap3m2,-0.2765371297912554,0.25917944620082384,0.161776795297481,0.999987547004426,False,False,False
Ank1,0.019419001532961916,0.9866642934350298,0.483363315894334,0.999987547004426,False,False,False
Gpat4,0.04246330959790037,0.8514611769458649,0.416899032704491,0.999987547004426,False,False,False
Ido2,1.6429989619029202,0.06131902653600472,-0.635878732080565,0.999987547004426,False,False,False
Ido1,1.6415110251302618,0.010667241749945332,-0.752123114475165,0.999987547004426,True,False,False
Adam9,0.5139044500355131,0.007752901169509858,-0.182775997791806,0.999987547004426,True,False,False
Tm2d2,0.5695229897175187,7.596762495151795e-08,-0.0688736860512016,0.999987547004426,True,False,False
Plekha2,-0.4579714901126703,0.00046663728138413577,0.434357440887342,0.999987547004426,True,False,False
Wwc2,1.1706285765021844,0.00011415737987715646,-0.301665548008791,0.999987547004426,True,False,False
Fgfr1,-0.7572073350105503,0.021382888936817442,-0.034122084568776,0.999987547004426,True,False,False
Plpp5,0.5191409284331826,0.002461675421396258,0.293837281821954,0.999987547004426,True,False,False
Ash2l,0.16873191100007423,0.3491411339413214,0.0685873648375628,0.999987547004426,False,False,False
Mak16,-0.13249542094313846,0.47397022261121774,0.32052105722883,0.999987547004426,False,False,False
Wrn,-0.2669617957517047,0.166062487214831,-0.223659621090532,0.999987547004426,False,False,False
Gsr,1.9932351334403697,2.9132382926552e-59,-0.0373406178833768,0.999987547004426,True,False,False
Gtf2e2,0.31028241742318247,0.026697162886569155,0.171667390350652,0.999987547004426,True,False,False
Rbpms,1.1104097967475646,3.8060283209097084e-13,-0.318061238275006,0.999987547004426,True,False,False
Asah1,0.6436636162743035,7.842122654848212e-09,-0.694116205378899,0.999987547004426,True,False,False
Pcm1,-0.21358296131980561,0.289190534553651,-0.0090873723768449,0.999987547004426,False,False,False
Slc7a2,0.5009229963208723,0.6324036878167312,-0.369181259238022,0.999987547004426,False,False,False
Vps37a,-0.0979439615380909,0.6083782082079074,0.965352036126635,0.999987547004426,False,False,False
Cnot7,0.06077486413204907,0.7452875011041481,-0.221652527312113,0.999987547004426,False,False,False
Msmo1,-0.5069406631667319,0.0003331277691568161,0.531252386724071,0.999987547004426,True,False,False
Klhl2,0.29045880687054615,0.1483528127265328,-0.253079466404226,0.999987547004426,False,False,False
Sap30,0.03845700650371594,0.8645388169034103,-0.144781254681991,0.999987547004426,False,False,False
Hpgd,1.007852911275326,0.0027227870597898627,0.641721630328582,0.999987547004426,True,False,False
Tmem184c,0.13837522273610753,0.5617011092094075,0.0326080993488542,0.999987547004426,False,False,False
Nr3c2,-1.022587076671676,0.2197673319073062,-0.228040821648986,0.999987547004426,False,False,False
Sin3b,0.17071393531333387,0.17134789984613108,-0.104239062535512,0.999987547004426,False,False,False
Irf2,-0.004574643773304585,0.9851991709246193,-0.121794595392613,0.999987547004426,False,False,False
Casp3,0.10623880676377674,0.6528477224015734,0.592150450262003,0.999987547004426,False,False,False
Cfap97,-0.1937022535452806,0.36570654309882317,-0.40454869184262,0.999987547004426,False,False,False
Slc25a4,0.21296759018290654,0.056944956634483436,-0.111264965093847,0.999987547004426,False,False,False
Tlr3,-0.6412268497643975,0.13718866802559493,0.268199545837512,0.999987547004426,False,False,False
Cbr4,0.08159983803812872,0.7843056678010846,-0.195923428562211,0.999987547004426,False,False,False
Sh3rf1,-0.7940347985104366,0.03365738735696641,0.393510334737023,0.999987547004426,True,False,False
Nek1,0.1456282270098153,0.6499486001290496,-0.0986668998678084,0.999987547004426,False,False,False
N4bp1,-0.20876547509852877,0.32138287513947017,-0.436881252555767,0.999987547004426,False,False,False
Adcy7,-0.4977913996834414,6.1652801428957e-07,-0.726676502089937,0.999987547004426,True,False,False
Brd7,0.17678636248139631,0.22461885867871478,-0.314600300202949,0.999987547004426,False,False,False
Snx20,-0.14529681756095392,0.2716797281242603,0.748307420330746,0.999987547004426,False,False,False
Rbl2,0.3120497347644771,0.05192210783599234,-0.284154592332341,0.999987547004426,False,False,False
Eif2ak3,-0.26657666438546834,0.2847460207355373,-0.376100280987576,0.999987547004426,False,False,False
Gins3,-0.06571938930996957,0.8210780650286121,0.428354975019454,0.999987547004426,False,False,False
Setd6,0.07973521149520336,0.8212479462359344,-0.466829143279564,0.999987547004426,False,False,False
Smad1,-0.18333128409609872,0.32343459944244346,-0.131945469380153,0.999987547004426,False,False,False
Lsm6,-0.18106311438334716,0.29723247956298066,0.190651751136016,0.999987547004426,False,False,False
Slc10a7,-0.2556709680728937,0.2691717342992144,0.131737139973803,0.999987547004426,False,False,False
Tnpo2,-0.10561062904010106,0.7953740546568944,0.526016346550652,0.999987547004426,False,False,False
Vps35,0.12440413503142743,0.36917198393345596,-0.125280731758396,0.999987547004426,False,False,False
Gpt2,0.2603946057483762,0.7084369496769953,-0.480534351855606,0.999987547004426,False,False,False
Dnaja2,0.08848841726874195,0.5617011092094075,0.374757720849891,0.999987547004426,False,False,False
Itfg1,0.029257284650239895,0.8905831051959692,-0.297224342903988,0.999987547004426,False,False,False
Rfx1,0.3754011538953098,0.22126750205507345,-0.0740067360866288,0.999987547004426,False,False,False
Tbc1d9,-0.33585872701567854,0.013382836717153773,-0.19601947295827,0.999987547004426,True,False,False
Zfp330,0.106350133063478,0.5228091505392022,-0.10413803948868,0.999987547004426,False,False,False
Il15,-0.11955920401208915,0.6762060380684847,-0.21646355589197,0.999987547004426,False,False,False
Smarca5,0.04831549158392935,0.7985171886379435,-0.207167809773539,0.999987547004426,False,False,False
Zfp821,0.14063366615489598,0.6634975306878189,-0.203823443531778,0.999987547004426,False,False,False
Ist1,0.2693080896056531,0.047998761436743656,0.696238547471928,0.999987547004426,True,False,False
Dhodh,0.14915586433204145,0.5322706260596556,-0.209128801770036,0.999987547004426,False,False,False
Ap1g1,-0.07820623900724802,0.7003294564684704,-0.169092975577016,0.999987547004426,False,False,False
Phlpp2,-0.6559201668515353,0.09759569886806792,-0.170345537499967,0.999987547004426,False,False,False
Mmp2,-0.9447527413378002,0.2801328309555623,-0.323539218646062,0.999987547004426,False,False,False
St3gal2,0.09464749924621678,0.7332667632498315,-0.395792837869559,0.999987547004426,False,False,False
Amfr,0.1082695277271723,0.48739784785627027,-0.245367482394932,0.999987547004426,False,False,False
Cenpn,-0.05650937088703188,0.8670973472757785,-0.167911922027519,0.999987547004426,False,False,False
Cdyl2,-0.1566401732963526,0.3974644262073175,-0.903824262316536,0.999987547004426,False,False,False
Mt2,2.1640743218054177,8.043945083190815e-16,-0.976184119876446,0.999987547004426,True,False,False
Mt1,1.368888755730955,7.100881961151122e-06,-0.330000496240313,0.999987547004426,True,False,False
Slc12a3,-2.0274487849844354,3.57745724531548e-12,0.203993067371353,0.999987547004426,True,False,False
Nudt7,-0.10638990138596285,0.7729893217054505,-0.154521386629881,0.999987547004426,False,False,False
Herpud1,0.06135495117673661,0.7770562366162954,-0.332839848157232,0.999987547004426,False,False,False
Arl2bp,-0.015898482428997093,0.9501099407534573,-0.30579776295648,0.999987547004426,False,False,False
Ccl22,-0.669335273809829,0.357568484035191,-0.240685631451017,0.999987547004426,False,False,False
Ccl17,0.6567407437630608,0.5793796025529806,0.132229557940896,0.999987547004426,False,False,False
Ciapin1,0.0884679356942012,0.6126769645827878,-0.316606229909504,0.999987547004426,False,False,False
Polr2c,0.14132339451919942,0.324042857047415,0.204412514415057,0.999987547004426,False,False,False
Katnb1,0.01676388487317846,0.965205256652769,-0.0183938998297624,0.999987547004426,False,False,False
Kifc3,0.8519583403795371,0.0948928244308725,-0.692025312786723,0.999987547004426,False,False,False
Tmem38a,1.1333606525168567,0.09300419177416765,0.131548014865028,0.999987547004426,False,False,False
Cfap20,0.4030389257042352,0.004467431782762326,-0.659973189565886,0.999987547004426,True,False,False
Tpm4,0.5266248615969484,0.0006498344137971044,0.811273019989977,0.999987547004426,True,False,False
B3gnt3,0.2022875085406531,0.7690848430384597,-1.12945956045876,0.999987547004426,False,False,False
Jak3,0.1722122025241124,0.35831613635066634,0.119705991374003,0.999987547004426,False,False,False
Pgls,0.2431324910756581,0.04604863981741552,-0.369342954600524,0.999987547004426,True,False,False
Slc27a1,0.49937295941994103,0.024190629808897267,-0.341035996327236,0.999987547004426,True,False,False
Map1lc3b,0.1951185936305407,0.10234884683680114,-0.479979702813375,0.999987547004426,False,False,False
Mvb12a,0.3071531093195468,0.015843495049060432,-0.336854700574499,0.999987547004426,True,False,False
Mthfsd,-0.0683356959878834,0.8130021985629806,-0.0810025545827369,0.999987547004426,False,False,False
Cox4i1,0.19779307756371312,0.15090354645658857,-0.44418484022919,0.999987547004426,False,False,False
Babam1,0.32467121847850344,0.004610773704404158,-0.386184550937136,0.999987547004426,True,False,False
Gins2,-0.12930974301739187,0.5953461975449607,0.547537994089647,0.999987547004426,False,False,False
Gse1,-0.6153315327274427,0.0007299757915522082,-0.284992024737641,0.999987547004426,True,False,False
6430548M08Rik,0.5920492824998458,0.001957851688557913,0.286174290184879,0.999987547004426,True,False,False
Crispld2,0.0746539289302822,0.9353586387570755,-0.916606863914315,0.999987547004426,False,False,False
Usp10,-0.09854566864110277,0.6669986107142242,-0.223687886188617,0.999987547004426,False,False,False
Cotl1,-0.01969425087804491,0.9516177990325605,-0.622943482072573,0.999987547004426,False,False,False
Taf1c,-0.18201223410984443,0.5530192744603981,0.116409565376189,0.999987547004426,False,False,False
Mast3,0.07943335585965573,0.8106426940391135,-0.028190353748677,0.999987547004426,False,False,False
Mbtps1,0.06564639559787003,0.7599580530866666,-0.351703090980688,0.999987547004426,False,False,False
Hsbp1,0.15733305141756487,0.3109856291893239,-0.562257220790293,0.999987547004426,False,False,False
Rab3a,0.45703725422549774,0.23520294917029302,-0.145107007115262,0.999987547004426,False,False,False
Mphosph6,0.199438971594764,0.2575275633399616,-0.118412187845896,0.999987547004426,False,False,False
1700030J22Rik,0.47095031620360056,0.668447319269386,-0.353425527853067,0.999987547004426,False,False,False
Lsm4,0.05161238037041643,0.8165143056524748,-0.375731013001874,0.999987547004426,False,False,False
Ntpcr,0.26071679253956137,0.23261866392453368,-0.251437725537113,0.999987547004426,False,False,False
Lpar2,0.15937476653884905,0.8761024530756244,-0.387325842869194,0.999987547004426,False,False,False
Ints10,-0.2970662939073525,0.09927317675154237,-0.288302298402055,0.999987547004426,False,False,False
Dctn1,-0.020922470005684687,0.937550904634815,-0.15424661401749,0.999987547004426,False,False,False
Cmtm3,0.4876497212591528,1.9541292774409576e-05,-0.247749193873025,0.999987547004426,True,False,False
Nae1,0.029590385300621264,0.8931513858747265,-0.135515978330625,0.999987547004426,False,False,False
Ciao2b,-0.022620252184029976,0.9080318859399363,-0.661642386896782,0.999987547004426,False,False,False
Rrad,-0.06459199828704475,0.9093872210382639,-0.200657265295625,0.999987547004426,False,False,False
Car7,-0.3012351946822675,0.4819101555490924,0.200813988972792,0.999987547004426,False,False,False
Cbfb,-0.20592692301730306,0.13705279063697692,0.0413321691832982,0.999987547004426,False,False,False
Tradd,0.21392622824267737,0.25285037759264084,-0.265504178806824,0.999987547004426,False,False,False
Phaf1,0.028788705103266046,0.9367592807018246,-0.444557172836475,0.999987547004426,False,False,False
Hsd11b2,0.5637048098743501,0.3786828765702099,0.185637628007784,0.999987547004426,False,False,False
Ctrl,-2.898022261042365,3.7043333831186545e-09,-0.696470373059002,0.999987547004426,True,False,False
Psmb10,0.13561272947590114,0.29513568252064915,-0.200588706470187,0.999987547004426,False,False,False
Dus2,0.013912010456554533,0.9698102256873325,-0.18065164604374,0.999987547004426,False,False,False
Nfatc3,-0.4697680422290248,0.0016707207283522575,-0.0532313364088139,0.999987547004426,True,False,False
Pla2g15,0.7409703784336031,0.002855859384816726,-0.146303435647668,0.999987547004426,True,False,False
Slc7a6,0.020301560566482815,0.9474554188461275,-0.2982060490481,0.999987547004426,False,False,False
Zfp90,-0.16391251159294884,0.5398578171344307,0.576223011382374,0.999987547004426,False,False,False
Vps4a,0.16002668444928297,0.3333580823375308,0.229853287263018,0.999987547004426,False,False,False
Cog8,0.0027648678140591385,0.9911527556919748,-0.0978094794770703,0.999987547004426,False,False,False
Terf2,-0.005855780682671324,0.9851991709246193,-0.430729071764464,0.999987547004426,False,False,False
Cep57,0.29123547484037493,0.06444003896474985,0.893414045339632,0.999987547004426,False,False,False
Cyb5b,-0.08312543314267676,0.6280589461927037,-0.141420462203317,0.999987547004426,False,False,False
Maml2,-0.1397599957217823,0.8643973626192815,-0.213392261984764,0.999987547004426,False,False,False
Mre11a,-0.24227318241754645,0.3227366831977346,-0.0273382323011226,0.999987547004426,False,False,False
Wwp2,0.15264532598445807,0.3941988666232309,-0.0996208190267662,0.999987547004426,False,False,False
Gpr83,2.3639562554808684,0.007875753565559996,-0.50723397451627,0.999987547004426,True,False,False
Panx1,0.5000892888848822,0.00014397111980305526,-0.818320504212462,0.999987547004426,True,False,False
Med17,0.004916588766375519,0.9856492774538886,0.255776488621454,0.999987547004426,False,False,False
Taf1d,-0.14950585962112295,0.3856133263079413,-0.342405112885336,0.999987547004426,False,False,False
Adat1,-0.28456915532210303,0.4017862986192466,0.0723625026248307,0.999987547004426,False,False,False
Gabarapl2,0.028913606739165765,0.8833991339082673,0.552392616646502,0.999987547004426,False,False,False
Tmem231,-0.2672049493568377,0.25406171245668857,-0.660395137854924,0.999987547004426,False,False,False
Tmem170,-0.2535315971374318,0.698380342507828,-0.211999185946958,0.999987547004426,False,False,False
Cfdp1,0.053273034742282524,0.7729893217054505,-0.201355702872056,0.999987547004426,False,False,False
Ctrb1,-3.7746554470078197,0.05941391493369967,-0.454608129657344,0.999987547004426,False,False,False
Ldhd,0.07426429513145387,0.9461759801452501,-0.494259046049368,0.999987547004426,False,False,False
Wdr59,0.045261721349585976,0.9396693051568609,-0.232424758062786,0.999987547004426,False,False,False
Bmper,0.3164101151502531,0.5898091010059608,-2.2370824869627,0.999987547004426,False,False,False
Afg3l1,0.13769303112464007,0.47966283395745696,-0.219978809580637,0.999987547004426,False,False,False
Acad8,-0.0730269906308841,0.7613584737128394,-0.0560060811095457,0.999987547004426,False,False,False
Ccsap,-0.43632706896425905,0.42150434033511885,0.216250971205351,0.999987547004426,False,False,False
Arv1,-0.2861584797259413,0.5210383301886834,-0.238438415359356,0.999987547004426,False,False,False
2310022B05Rik,0.46707176195122574,0.31180173180595333,-1.32838545342297,0.999987547004426,False,False,False
Egln1,0.3205129332796085,0.05650902562859987,-0.150031700361841,0.999987547004426,False,False,False
Vps26b,-0.10497589623620003,0.694149540297142,-0.174633242401054,0.999987547004426,False,False,False
Jam3,-0.10371836315222438,0.9152508864719053,-0.126669721887892,0.999987547004426,False,False,False
Snx19,-0.19406056182890238,0.48350480009655045,-0.206396126754058,0.999987547004426,False,False,False
St14,-0.04575020730468167,0.868816210738524,0.378233405647582,0.999987547004426,False,False,False
Aplp2,0.517692495311566,8.42455661702573e-06,-0.275819613632057,0.999987547004426,True,False,False
Birc3,-0.044684327064874726,0.8099193119531222,-0.325587516330451,0.999987547004426,False,False,False
Dcun1d5,0.05007862509361275,0.7558106343842431,0.0600937171726326,0.999987547004426,False,False,False
Sesn3,-0.22916698650405987,0.30162551005053795,-0.0369114189521049,0.999987547004426,False,False,False
Usp2,0.4790034093273994,0.1251583601387719,-0.469695587825231,0.999987547004426,False,False,False
Thy1,-0.11067319435531214,0.7829567778052275,-0.622630294351417,0.999987547004426,False,False,False
Nectin1,0.6103620108346347,0.0038327525297528527,-0.412081123176391,0.999987547004426,True,False,False
Oaf,0.5812990430805604,0.11520301000035482,-0.546424883812726,0.999987547004426,False,False,False
Grik4,-0.3155277261764114,0.4886127410223988,-0.817867262526655,0.999987547004426,False,False,False
Ubash3b,0.3237920184265752,0.207221306938173,0.156729836952297,0.999987547004426,False,False,False
Clmp,-0.21777172693682642,0.46087472711464617,-0.61683738985491,0.999987547004426,False,False,False
Rexo2,-0.010105463868654574,0.9649786574892784,0.0192799348390285,0.999987547004426,False,False,False
Nxpe2,-1.5342961407234152,0.0007225056007454601,-0.534701479896273,0.999987547004426,True,False,False
Cul5,-0.26291908262786334,0.18452933070221855,0.422078786269535,0.999987547004426,False,False,False
Kcnj5,0.2270810817399582,0.8338855960464233,-0.477571815946695,0.999987547004426,False,False,False
Ets1,-0.7838303395361962,0.0010557546083869317,-0.486502715429724,0.999987547004426,True,False,False
St3gal4,0.1623985565709035,0.22371544049900283,0.113567283056539,0.999987547004426,False,False,False
Dcps,-0.02467500022299363,0.9053113181564424,-0.127456286405765,0.999987547004426,False,False,False
Abhd12,0.10927540926605908,0.4492055839662005,0.255955456719756,0.999987547004426,False,False,False
Acat1,-0.023873343486676225,0.9032347591564152,-0.456213415612161,0.999987547004426,False,False,False
Fdx1,0.29210067378321697,0.05936852928017045,-0.264400472285908,0.999987547004426,False,False,False
Ppp2r1b,0.42285427524602487,0.002476554210180599,-0.547645884486836,0.999987547004426,True,False,False
Alg9,0.6275289678059899,0.002935337677929293,0.312444411537824,0.999987547004426,True,False,False
Dixdc1,0.34259385733144504,0.7232923833619375,-0.470979364971084,0.999987547004426,False,False,False
Pts,-0.0698406002334698,0.6802127814388771,-0.224165737362506,0.999987547004426,False,False,False
Plet1,0.002429169968658254,0.9967249462105874,0.187542770139285,0.999987547004426,False,False,False
Bud13,-0.16876094010842982,0.5411249172167336,-0.130782225603185,0.999987547004426,False,False,False
Zpr1,0.22244154763649504,0.1306287087019723,-0.0029133327367487,0.999987547004426,False,False,False
Tagln,0.6258618118482496,0.5217679792979398,-0.311456928920939,0.999987547004426,False,False,False
Bace1,0.12074882522375859,0.7474692114234603,0.0463279411657789,0.999987547004426,False,False,False
Il10ra,-0.4360355110329779,7.976069690814353e-05,0.0258120246987925,0.999987547004426,True,False,False
Tmprss4,-0.39469116392484876,0.7483978686821157,0.462952142521711,0.999987547004426,False,False,False
Mpzl2,1.0288662536989104,0.00021804125104776527,0.178779446511692,0.999987547004426,True,False,False
Cd3e,-0.3990153872876972,0.7720306640089281,-0.881803651175829,0.999987547004426,False,False,False
Cd3d,-0.3655647715310635,0.2975600845505934,-0.207855077176655,0.999987547004426,False,False,False
Arcn1,0.05302262863467542,0.7749433988563413,-0.201784783363786,0.999987547004426,False,False,False
Ddx6,-0.3412690969763237,0.05592501805753742,-0.286384452964486,0.999987547004426,False,False,False
Pus3,-0.49842661179075026,0.020513632399575526,-0.0238825323559499,0.999987547004426,True,False,False
Nlrx1,0.2776408341748675,0.3761983920002394,-0.028437702836035,0.999987547004426,False,False,False
Slc37a4,-0.17871073059327677,0.5197256226640846,-0.0663131439393574,0.999987547004426,False,False,False
Hinfp,-0.3037572835944701,0.19928874078182932,-0.18839139973045,0.999987547004426,False,False,False
C2cd2l,0.1288370834622274,0.7566228955373819,-0.241639882971889,0.999987547004426,False,False,False
Tmem218,-0.049616354884870095,0.9008178471331518,0.0289298642047395,0.999987547004426,False,False,False
Slc37a2,0.17968998419567803,0.43908992671618147,-0.07832848364834,0.999987547004426,False,False,False
Dpagt1,0.43574945793747394,0.007676557242422578,-0.293193895569033,0.999987547004426,True,False,False
Hmbs,0.34142457685674477,0.024941677697005168,-0.376376739461742,0.999987547004426,True,False,False
Vps11,-0.03768715388702158,0.8882959583716785,-0.524596416323927,0.999987547004426,False,False,False
Pin1,0.28146953205822584,0.01994431896221278,-0.352927112903029,0.999987547004426,True,False,False
Tyk2,-0.33490746260320775,0.028836955394993355,0.0039974909675075,0.999987547004426,True,False,False
Pde4a,0.2946702301269423,0.24801074489256333,-0.13635943386685,0.999987547004426,False,False,False
Ilf3,-0.12899799213892624,0.5096953458673522,-0.135608789347076,0.999987547004426,False,False,False
Tmed1,0.25328296639475517,0.29072056592655265,-0.253440928663682,0.999987547004426,False,False,False
Yipf2,-0.13319792434331099,0.6516493401678034,-0.538792355290064,0.999987547004426,False,False,False
Lysmd2,-0.13495820555951335,0.3756067089348022,0.595032471800384,0.999987547004426,False,False,False
Tmod2,-0.05204754679330301,0.8639427955640766,-0.273239245168483,0.999987547004426,False,False,False
Smarca4,-0.1322066663580737,0.36110654430993927,-0.583445394548688,0.999987547004426,False,False,False
Gnb5,0.29085418906746746,0.6150100621339198,-0.506751335589227,0.999987547004426,False,False,False
Ldlr,-0.20660153092769798,0.5240789921888226,-0.0786122927442348,0.999987547004426,False,False,False
Kank2,3.0277963197360216,0.001248773477246817,-0.520854954092029,0.999987547004426,True,False,False
Dock6,0.3070422913170454,0.5660125219995229,-0.596447332345316,0.999987547004426,False,False,False
Polr2m,0.01737010511316788,0.9260815477416555,-0.113430060357047,0.999987547004426,False,False,False
Rab27a,0.28896250860222383,0.27985094738521943,-0.397828367338675,0.999987547004426,False,False,False
Aqp9,-0.4970336025478819,0.5695649414851093,0.232086186485764,0.999987547004426,False,False,False
Sltm,-0.21458232046834938,0.12854723433822618,0.196615438228613,0.999987547004426,False,False,False
Nedd4,0.08604113511330812,0.6000236802499311,-0.436052461089469,0.999987547004426,False,False,False
Rnf111,-0.1665346404158409,0.28289792136025244,0.0061203775785685,0.999987547004426,False,False,False
Ccnb2,-0.3107819264327516,0.048021589993871155,-0.390951840513885,0.999987547004426,True,False,False
Myo1e,0.7270876415111924,0.00014938795553418702,-0.813390147442651,0.999987547004426,True,False,False
Mns1,-0.33855689969160396,0.08680654898892345,0.0869726211259065,0.999987547004426,False,False,False
Tcf12,0.11800739639244115,0.6509939188256393,0.400195082634196,0.999987547004426,False,False,False
Anxa2,0.05097639039945144,0.7964581051299038,-0.163450122355396,0.999987547004426,False,False,False
Ice2,-0.2005490049446328,0.47311519026625576,0.143330397713036,0.999987547004426,False,False,False
Rp9,0.16832513882626923,0.21640918149549437,-0.0504227875394738,0.999987547004426,False,False,False
Fem1b,0.033593190837478616,0.9211619694188147,-0.0450707339249945,0.999987547004426,False,False,False
Cln6,0.33649013876018696,0.17503967600407905,-0.498038341554741,0.999987547004426,False,False,False
Anp32a,-0.338728275109771,0.1623072588788503,0.0643701787345057,0.999987547004426,False,False,False
Irak1bp1,0.14502710099801885,0.7999241479441006,-0.703705080115457,0.999987547004426,False,False,False
Glce,-0.5384941331366632,0.10371298134213645,-0.301537452190543,0.999987547004426,False,False,False
Phip,-0.28718974757472415,0.016447999686379503,0.205318306956265,0.999987547004426,True,False,False
Kif23,-0.3788830740028344,0.013886456451417199,-0.528308809760079,0.999987547004426,True,False,False
Lca5,-0.29049569220715926,0.745445471138817,0.0372210715409658,0.999987547004426,False,False,False
Sh3bgrl2,1.0829100627535617,0.14812448131020783,0.596157246088376,0.999987547004426,False,False,False
Zw10,-0.09745502539670386,0.6785466728789653,-0.0900318548623593,0.999987547004426,False,False,False
Tent5a,0.18480910957125868,0.3031336868673152,-0.0670511825467823,0.999987547004426,False,False,False
Usp28,0.5739908857412834,0.041029429803313026,0.0873884188492013,0.999987547004426,True,False,False
Paqr5,-1.1113162362156803,0.149056100890452,-0.298947609131996,0.999987547004426,False,False,False
Idh3a,0.021554493148361137,0.9116369920499372,-0.335388948771735,0.999987547004426,False,False,False
Tle3,-0.1815426674530585,0.4007550915709928,-0.0168401796922302,0.999987547004426,False,False,False
Ptpn9,-0.07633489600701727,0.7996620528605729,-0.254331109344189,0.999987547004426,False,False,False
Ireb2,-0.24368406586361618,0.2550311382537987,-0.440937470748249,0.999987547004426,False,False,False
Pkm,0.3339883259107612,0.0013576707932842704,-0.204189810214432,0.999987547004426,True,False,False
Neil1,-0.1040944574083509,0.7449084893591364,-0.120163375560546,0.999987547004426,False,False,False
Commd4,0.05755666952846181,0.7583838414024563,-0.592698908275636,0.999987547004426,False,False,False
1700017B05Rik,0.04515241941569371,0.8694811550093086,-0.37141565229498,0.999987547004426,False,False,False
Psma4,0.05543208534644295,0.7430332305028575,-0.14577635029999,0.999987547004426,False,False,False
Fam219b,-0.052416507330167596,0.869284614865682,0.255882054529538,0.999987547004426,False,False,False
Mpi,0.4709223756657572,0.007447219305262278,-1.23288602519326,0.999987547004426,True,False,False
Ube2q2,0.04119345944488891,0.8609976874385042,-0.35297060543829,0.999987547004426,False,False,False
Ulk3,-0.004982452623419027,0.9876864437372052,-0.290200372386352,0.999987547004426,False,False,False
Fbxo22,-0.1317630675434411,0.45531754890773285,-0.159992941236025,0.999987547004426,False,False,False
Csk,-0.2321587180906136,0.14895803020650622,-0.62703410173193,0.999987547004426,False,False,False
Etfa,0.25515655811164994,0.02199547850430536,-0.370471788935572,0.999987547004426,True,False,False
Clk3,0.02432153942550956,0.9173334588481596,-0.168640591847904,0.999987547004426,False,False,False
Rcn2,0.2660268759611193,0.0531177529171116,-0.240360240367867,0.999987547004426,False,False,False
Pstpip1,-0.13438184755217872,0.44019707819684256,-0.180462242148888,0.999987547004426,False,False,False
Tspan3,0.7144657946219822,2.612458439469381e-09,-0.755389692989583,0.999987547004426,True,False,False
Tmem30a,0.03286719813895927,0.8656245753392506,-0.277606420939331,0.999987547004426,False,False,False
Cox7a2,0.047471792626211234,0.8407673712771462,-0.158602951486574,0.999987547004426,False,False,False
Stoml1,-0.15135172199680905,0.6421720685357508,-0.343962469390619,0.999987547004426,False,False,False
Nptn,0.07858824870276328,0.6011638884120178,-0.916035952183836,0.999987547004426,False,False,False
Neo1,-1.1556943220701592,0.003230642625019106,-0.619512992894896,0.999987547004426,True,False,False
Mto1,-0.08394594039454784,0.7487368536770959,-0.282445553128521,0.999987547004426,False,False,False
Cgas,-0.20813904682315945,0.5323474079074744,0.0374574678971111,0.999987547004426,False,False,False
Ooep,0.05391044072691367,0.9747774580613068,-0.654701343353089,0.999987547004426,False,False,False
Elovl5,0.26411599421518994,0.08055841289133635,0.220036231501571,0.999987547004426,False,False,False
Gclc,-0.23593594983555363,0.2969197080751299,0.454156629920723,0.999987547004426,False,False,False
Lrrc1,-0.19572891678860532,0.7453673673025849,0.199239560643882,0.999987547004426,False,False,False
Tmed3,0.14397334571807024,0.36759086701018834,0.291767408908242,0.999987547004426,False,False,False
Rasgrf1,-0.36477270393165334,0.7216359602072329,0.694790198845689,0.999987547004426,False,False,False
Ctsh,0.11855568866760417,0.3166377253813991,0.380123670084942,0.999987547004426,False,False,False
Tpm1,0.001145437597042,0.9955243117837991,0.0184303065498801,0.999987547004426,False,False,False
Zic1,-0.5765868993282809,0.5881138458707817,-0.185660890565391,0.999987547004426,False,False,False
Lactb,0.1777596528077739,0.17503967600407905,0.0666285911166238,0.999987547004426,False,False,False
Car12,-0.6304389585097978,0.53189235876349,-0.315217653443893,0.999987547004426,False,False,False
Aph1b,0.43746805466396493,0.023336230634663536,-0.530962845612642,0.999987547004426,True,False,False
Usp3,-0.11025156530254175,0.5396895409091849,-0.278560707844323,0.999987547004426,False,False,False
Dapk2,0.22724509635435935,0.6918489407960852,-0.489525689348609,0.999987547004426,False,False,False
Ciao2a,0.19836014147818987,0.1348345805069047,-0.389631322142892,0.999987547004426,False,False,False
Snx1,0.21412833659072092,0.07387084053338365,-0.0734673864724025,0.999987547004426,False,False,False
Ppib,-0.15364831953724228,0.265375889946346,-0.149497028539816,0.999987547004426,False,False,False
Csnk1g1,-0.0332615589869967,0.9081280824454233,-0.373878960120915,0.999987547004426,False,False,False
Spg21,0.114379663477715,0.3932941594316274,0.375903939255996,0.999987547004426,False,False,False
Dpp8,-0.11570919531173668,0.5680165053544358,-0.402948416486837,0.999987547004426,False,False,False
Dis3l,-0.20052773325987472,0.47806250488021246,0.0374558304087778,0.999987547004426,False,False,False
Tipin,-0.17311530593415386,0.2335571558809063,-0.324141415608596,0.999987547004426,False,False,False
Snapc5,0.029895341390895495,0.8862249215086762,0.0145749697143636,0.999987547004426,False,False,False
Rpl4,-0.21130781424197462,0.07378976487698635,-0.160863450343634,0.999987547004426,False,False,False
Smad3,0.18820040747717656,0.7720306640089281,-0.664368837608191,0.999987547004426,False,False,False
2300009A05Rik,-0.1267574249280755,0.6167391529010332,-0.260016504966842,0.999987547004426,False,False,False
U2surp,-0.021199482610906654,0.9192512117927714,-0.229053600287826,0.999987547004426,False,False,False
Atr,-0.3115385046899234,0.13921904686639153,-0.0569948232888109,0.999987547004426,False,False,False
Xrn1,-0.3072094657882433,0.07819377810174756,0.0754163091668358,0.999987547004426,False,False,False
Tfdp2,-0.09795173257167752,0.746283225974414,-0.614145118513434,0.999987547004426,False,False,False
Atp1b3,0.5063866805557791,3.4646262924097695e-06,0.389324999427338,0.999987547004426,True,False,False
Rasa2,-0.13791116119503988,0.506528297939001,0.596662483317551,0.999987547004426,False,False,False
Rwdd2a,0.2194094962797003,0.6802127814388771,-0.652324650144601,0.999987547004426,False,False,False
Snx14,0.2611348958658619,0.28150548958905236,-0.362230139123424,0.999987547004426,False,False,False
Syncrip,-0.1877216223905289,0.18718795953416617,-0.101456684137212,0.999987547004426,False,False,False
Zfp949,-0.2437090088257038,0.3906004641245382,0.155318182912771,0.999987547004426,False,False,False
Crtap,0.34366478289763414,0.09127786577760216,-0.29752562229931,0.999987547004426,False,False,False
Cmtm6,0.11947335554809659,0.4964510295630837,-0.837676525097921,0.999987547004426,False,False,False
Dync1li1,0.17394099303421132,0.3788021552516748,-0.724712368717293,0.999987547004426,False,False,False
Cmtm7,0.38485315626921746,0.009313612191069746,0.362609253974281,0.999987547004426,True,False,False
Stt3b,0.19784208652840515,0.18284410356278083,-0.157021591734962,0.999987547004426,False,False,False
Tgfbr2,-0.003120061711252368,0.9911527556919748,-0.0320519170586469,0.999987547004426,False,False,False
Slc25a36,0.08671028537012483,0.7444573910588683,-0.16360613202087,0.999987547004426,False,False,False
Mrps22,0.11255605996539558,0.6694870359248388,-0.753077965043115,0.999987547004426,False,False,False
Pik3cb,0.03340313986008516,0.8678205276659683,0.809941345311952,0.999987547004426,False,False,False
Faim,0.20930893919305915,0.1492240572919048,-0.693488330294579,0.999987547004426,False,False,False
Armc8,-0.1365385438432106,0.5110047950819477,0.142634964707093,0.999987547004426,False,False,False
Dbr1,0.16504779830883923,0.5587391207080057,-0.121783917768093,0.999987547004426,False,False,False
Cdc25a,-0.32301565504921137,0.15135264911231297,-0.194476833579319,0.999987547004426,False,False,False
Nme6,0.20028359609128113,0.5332325974233788,-0.323650849948752,0.999987547004426,False,False,False
Map4,-0.10124993017764893,0.6103779532810086,-0.261651452505427,0.999987547004426,False,False,False
Smarcc1,0.07163920230146666,0.7474692114234603,-0.298279062418294,0.999987547004426,False,False,False
Cspg5,0.052824624492117035,0.9572491419357148,0.667828165175828,0.999987547004426,False,False,False
Ngp,-0.8521749179762956,0.6513742231539492,-0.400050682789344,0.999987547004426,False,False,False
Scap,-0.5917923554924316,4.115588111882492e-05,0.407381268634054,0.999987547004426,True,False,False
Ptgs2,0.6843614067909692,0.0905019054008251,-0.244130525014167,0.999987547004426,False,False,False
Nradd,0.8210980872063062,0.23901862699629944,-0.409032431125385,0.999987547004426,False,False,False
Ltf,0.010609517506855251,0.9950889318044523,-0.326112949349214,0.999987547004426,False,False,False
Mlh1,0.12212641696676634,0.6164600552815932,-0.109537667052997,0.999987547004426,False,False,False
Trib1,1.17186823375314,3.540981128500277e-11,-0.0368940747786421,0.999987547004426,True,False,False
Arpp21,-0.1929754501485905,0.855382936395236,-0.0050973673307277,0.999987547004426,False,False,False
Pdcd6ip,-0.0023700791692374333,0.9920311139317715,-0.360810552784099,0.999987547004426,False,False,False
Myd88,-0.11367447351924606,0.45064206122479034,-0.304923044930819,0.999987547004426,False,False,False
Wdr48,-0.01746855689482532,0.9470923161089244,-0.0054797308078571,0.999987547004426,False,False,False
Gorasp1,0.22006060099464395,0.4877511866845805,-0.346372107728468,0.999987547004426,False,False,False
Rpsa,-0.060019603107503657,0.7528193719612507,-0.174574942975632,0.999987547004426,False,False,False
Slc25a38,0.1601872381631751,0.4188298126612965,-0.402547621932935,0.999987547004426,False,False,False
Nktr,-0.2125963161219181,0.14180894514051645,-0.402081950464321,0.999987547004426,False,False,False
Ss18l2,0.2800632098204666,0.2157856823692735,-0.102739193961751,0.999987547004426,False,False,False
Pccb,-0.5439827358024723,0.04117802257749922,-0.216413268353218,0.999987547004426,True,False,False
Vipr1,0.12525529803508442,0.8842901138024841,-0.642706737991832,0.999987547004426,False,False,False
Cep63,-0.4712851293569068,3.0599829049673153e-05,-0.342063405749792,0.999987547004426,True,False,False
Trak1,-0.07129834512816853,0.8328112817493794,-0.258885014926816,0.999987547004426,False,False,False
Srprb,0.22111438316043178,0.15502799947005572,-0.546912881242032,0.999987547004426,False,False,False
Trf,1.1794310597590334,2.469410780129919e-21,-0.382494456543423,0.999987547004426,True,False,False
Nphp3,-0.14708006792956935,0.616750453342542,-0.298090996645296,0.999987547004426,False,False,False
Dnajc13,-0.18790749146095218,0.4148058213027294,-0.132894079485629,0.999987547004426,False,False,False
Gnai2,0.15562751760342922,0.18094074080460765,-0.498073377958431,0.999987547004426,False,False,False
Mrpl3,-0.10307535795933741,0.5772460800470545,-0.728958413662978,0.999987547004426,False,False,False
Nudt16,-0.6979412238642086,1.5076437753771333e-07,-0.203048446930993,0.999987547004426,True,False,False
Aste1,-0.00609894836322821,0.9880727237333388,-0.446348777810974,0.999987547004426,False,False,False
Atp2c1,-0.06255072999489374,0.7685624119510794,-0.953863579136024,0.999987547004426,False,False,False
Pik3r4,0.03988534871152078,0.9211670057273461,-0.156205506289471,0.999987547004426,False,False,False
Manf,0.07983586791166254,0.6954668848635739,-0.179734923523084,0.999987547004426,False,False,False
Mapkapk3,0.7005125884692149,5.1666473262571217e-08,-0.248302339896005,0.999987547004426,True,False,False
Cish,0.9661679464767833,0.022572511852242485,-0.402668251057785,0.999987547004426,True,False,False
Hemk1,-0.4976554501042699,0.10245569016233377,-0.161525502642543,0.999987547004426,False,False,False
Rbm5,-0.15929899530111805,0.2730716393062482,0.140847482241257,0.999987547004426,False,False,False
Mon1a,0.15317300641668669,0.6394275929595977,-0.324885465993653,0.999987547004426,False,False,False
Bsn,-0.870903012005193,0.33194991509418403,-0.220546680670667,0.999987547004426,False,False,False
Apeh,0.025393731537965588,0.9139345901752917,-0.358834003191681,0.999987547004426,False,False,False
Mst1,-0.13528783726641164,0.7598468359085969,-0.564559532454227,0.999987547004426,False,False,False
Amigo3,1.1671529317731866,0.02217449815484165,-0.342507853247819,0.999987547004426,True,False,False
Ip6k1,0.22766391349450407,0.18711638855379398,-0.257154695373366,0.999987547004426,False,False,False
Uba7,-0.2517768208837471,0.0805713138968486,-0.940270111679766,0.999987547004426,False,False,False
Nckipsd,0.14254126809335665,0.679648131807247,-0.306260956761676,0.999987547004426,False,False,False
Ip6k2,0.09279232666680207,0.8713048879194477,-0.385968237762077,0.999987547004426,False,False,False
Prkar2a,0.14879947182991238,0.49035201958723035,0.115715639097709,0.999987547004426,False,False,False
Slc25a20,0.3760559851705176,0.004978530998669515,-0.565369473493764,0.999987547004426,True,False,False
Usp4,0.022709867071582394,0.9122667218251876,-0.0970935036408846,0.999987547004426,False,False,False
Nt5m,-0.3182243781978511,0.09341558942594422,-0.188608938758679,0.999987547004426,False,False,False
Srek1,-0.19352176122199685,0.2634609142512274,0.319868966393011,0.999987547004426,False,False,False
Eml4,-0.14567656689172734,0.37353779390440073,-0.315840040406953,0.999987547004426,False,False,False
Chsy1,0.6740178191951347,0.00953065062174139,0.237835760042606,0.999987547004426,True,False,False
Fhl3,-0.05033185616831028,0.9588670201687123,-0.539704776578389,0.999987547004426,False,False,False
Crebl2,-0.210988854215943,0.47051101298786835,-0.255456439827888,0.999987547004426,False,False,False
Oas3,-0.005017565312125164,0.9938171208997106,0.337582978573221,0.999987547004426,False,False,False
1700025G04Rik,0.6451132168966652,3.631974391469061e-08,-0.112102601289921,0.999987547004426,True,False,False
Pon2,0.08921253018343123,0.6331234651889002,0.468155962490506,0.999987547004426,False,False,False
Prorsd1,-0.17362185978354086,0.3278740315460326,0.0350033255463611,0.999987547004426,False,False,False
Cd59a,0.8863723704622615,0.1734520652766597,-0.256080571246369,0.999987547004426,False,False,False
Malt1,-0.17626490139920506,0.2698338459104895,0.916057622000218,0.999987547004426,False,False,False
Oas2,-1.2485838482764415,7.219031508520144e-07,0.150099047237034,0.999987547004426,True,False,False
Nlrp3,0.07940616378346067,0.7206131578553158,0.934032641313348,0.999987547004426,False,False,False
Lmo2,-0.00828779263014903,0.9732869072094285,-0.350258208690192,0.999987547004426,False,False,False
Exd2,-0.09786723254922153,0.741135032579021,-0.0366389526486088,0.999987547004426,False,False,False
Resf1,-0.13783653087903908,0.4201579085944047,-0.104932257046434,0.999987547004426,False,False,False
Mansc1,-0.029185085654565675,0.974593559031891,0.144960840690933,0.999987547004426,False,False,False
Abtb2,-0.002706914522093092,0.9972078425980531,0.140350108958232,0.999987547004426,False,False,False
Bmp8a,-0.7853015536123575,0.0014969804402779798,0.333971922776348,0.999987547004426,True,False,False
Mier3,-0.367944795624601,0.034336515522074215,-0.231480067171686,0.999987547004426,True,False,False
Snx33,0.5626288736531757,0.49005536113080483,-0.0805085244805817,0.999987547004426,False,False,False
Inppl1,0.3565510419778844,0.3451909151939101,0.208662559481174,0.999987547004426,False,False,False
Pram1,-0.47566400961553407,0.0012225530429854482,0.362768303519413,0.999987547004426,True,False,False
Ccdc88a,0.5552449320597752,1.6757110404388678e-06,0.411300248316167,0.999987547004426,True,False,False
Tpcn1,0.4243143333545193,0.2602343161264966,-0.36968792992411,0.999987547004426,False,False,False
Katnip,-0.06418141616649449,0.8489058248382353,-0.294518264583541,0.999987547004426,False,False,False
Gpbp1,-0.1072634539063516,0.48382425036395044,-0.569478285311803,0.999987547004426,False,False,False
Gab3,-0.0856336738590871,0.8038466138160534,-0.448710794923492,0.999987547004426,False,False,False
Slc8b1,0.2925571668514157,0.1388466706449061,-0.908339723605032,0.999987547004426,False,False,False
Bet1,0.25469683164490153,0.07715107198205166,-0.15250195948013,0.999987547004426,False,False,False
Gng11,0.8450287878319273,0.23482820985512048,-1.30142627045256,0.999987547004426,False,False,False
Mctp2,-1.0781075943808924,0.3054886032521712,0.356404854764587,0.999987547004426,False,False,False
Troap,-0.18362921953408712,0.7363763639096268,-0.575881864523686,0.999987547004426,False,False,False
Pdxk,0.03289666886033372,0.8896226000506368,-0.153347992918622,0.999987547004426,False,False,False
Srxn1,1.249250572582915,0.0001724963850278046,0.0125476882073468,0.999987547004426,True,False,False
Cdv3,-0.0001579910521541303,0.9991131442812177,0.511609909393948,0.999987547004426,False,False,False
Slc10a3,0.11578128775909283,0.5421005158979597,-0.273782030207332,0.999987547004426,False,False,False
Arap1,0.43048326316979957,0.03654606776271772,-0.270846430495369,0.999987547004426,True,False,False
Fanca,-0.35461989900976504,0.23982184777591312,0.312732071122022,0.999987547004426,False,False,False
Ppp1r9a,1.1523846999556298,1.4089225362767416e-08,-0.712483687757032,0.999987547004426,True,False,False
Pwp2,0.15056366877788996,0.6551839810904039,-0.501785074614863,0.999987547004426,False,False,False
Trpc1,-0.1359154152548762,0.9025164993182582,-0.102760558886567,0.999987547004426,False,False,False
Spring1,-0.11345006221627946,0.6932038971597219,0.279640138611351,0.999987547004426,False,False,False
Prr5l,-0.7598386504572158,1.4155249051252577e-08,-0.0941673870866584,0.999987547004426,True,False,False
Alpk2,-0.6524979868518547,0.0022186251852530127,0.689738744905954,0.999987547004426,True,False,False
Abcc4,0.05891269520799509,0.8982253818413249,0.52721132740295,0.999987547004426,False,False,False
Pkd1,-0.12105391551693204,0.5160606239208743,-0.375618872185753,0.999987547004426,False,False,False
Fbxw8,0.22982111342911482,0.3210134829879372,-0.158355562393751,0.999987547004426,False,False,False
Psmf1,-0.01521448945874652,0.9474554188461275,-0.0716035567965658,0.999987547004426,False,False,False
Smap2,0.03294288488996591,0.8838822500297288,-0.258056715106075,0.999987547004426,False,False,False
Cyb5r4,-0.03903457424388805,0.8361922353122294,0.43421309300088,0.999987547004426,False,False,False
Acsl3,0.23096275846755016,0.6158891869168082,-0.225989680871336,0.999987547004426,False,False,False
Rims3,0.3211904064773768,0.7363763639096268,-0.21883821054105,0.999987547004426,False,False,False
Rangrf,0.4475783402758413,0.10471587693633905,0.0445745521983918,0.999987547004426,False,False,False
Nfyc,-0.005734219677145161,0.9810048843197653,-0.0963096771851406,0.999987547004426,False,False,False
Fbxo21,0.2936907144837528,0.137428652558766,0.406882846995711,0.999987547004426,False,False,False
Styk1,-0.4244187340119578,0.7145187564715025,0.183977430206349,0.999987547004426,False,False,False
Slc16a1,0.52713588252128,0.06729294105131295,-0.269373837137043,0.999987547004426,False,False,False
Atg12,-0.1125780240915374,0.5035353648465757,-0.24276006207082,0.999987547004426,False,False,False
Lrig2,-0.15626143944596463,0.6443004267207697,-0.358598395526416,0.999987547004426,False,False,False
Adgre4,1.6421622430166103,4.180777274469539e-36,-0.511810403085056,0.999987547004426,True,False,False
Hspa13,0.2558594608278317,0.19902585503323184,-0.128025451410334,0.999987547004426,False,False,False
Rbm11,0.06557279352557947,0.9633059304282224,-0.259444625829521,0.999987547004426,False,False,False
Rasgrp2,0.6703448510558061,0.0029529596826127426,-0.709877616379074,0.999987547004426,True,False,False
Ap4b1,-0.09076073299145554,0.7430550334114633,-0.127171591858509,0.999987547004426,False,False,False
Pebp1,0.13584973419538293,0.2718985738635159,-0.264105835578335,0.999987547004426,False,False,False
Ift57,0.46783723578767694,0.0006036411554986212,-0.589413450461159,0.999987547004426,True,False,False
Fkbp1a,0.28877968910795454,0.01778092337772435,0.459339295665985,0.999987547004426,True,False,False
Chpf,-0.46416761531269396,0.2445422856776269,0.303456611114387,0.999987547004426,False,False,False
Mycbp2,-0.39603014694137706,0.0006859061889408159,-0.0902687407836007,0.999987547004426,True,False,False
Ogfod1,-0.0713977683074767,0.8606889189552244,-0.366653974899913,0.999987547004426,False,False,False
Trim33,-0.28699513102523744,0.2562224539298787,-0.185420468324382,0.999987547004426,False,False,False
Nfatc1,0.011201605456926637,0.9565667972227632,0.49782956741976,0.999987547004426,False,False,False
Gmppa,0.22620645284243956,0.14898278569577691,0.191852356968696,0.999987547004426,False,False,False
Cip2a,-0.40341033114823827,0.172017915996815,-0.133507412059448,0.999987547004426,False,False,False
Calhm2,-0.5897218332169275,9.844830673225428e-06,0.211969499414106,0.999987547004426,True,False,False
Micall1,-0.26834886599047664,0.3239863770495837,-0.511475007542912,0.999987547004426,False,False,False
Eif3l,0.12793447769744198,0.3327762905985286,-0.158872904762704,0.999987547004426,False,False,False
Ankrd54,0.17639059961013703,0.43050745625123316,-0.231832407378603,0.999987547004426,False,False,False
Pygb,0.15660736758624058,0.4964510295630837,0.019674021918088,0.999987547004426,False,False,False
Pfkm,0.312563036181696,0.47255857418311503,0.514890159687078,0.999987547004426,False,False,False
Entpd6,0.2583580667703271,0.08294714993783746,-0.165167872399694,0.999987547004426,False,False,False
Senp1,-0.42268305246287824,0.004958682772178615,-0.0003377212321851,0.999987547004426,True,False,False
Clec1a,0.8749215140985315,0.0028233161518805287,-0.278821674356365,0.999987547004426,True,False,False
Tbc1d4,-0.23241799918357278,0.13858069295830974,0.698126887594365,0.999987547004426,False,False,False
Triobp,0.058516917213338605,0.8323642483744966,-1.27618203394481,0.999987547004426,False,False,False
Apmap,0.2498204307017431,0.11813267615065284,-0.39329363091515,0.999987547004426,False,False,False
Nol12,0.1354418283266599,0.5179508797055614,-0.360275087434075,0.999987547004426,False,False,False
Cdc14b,0.1822009149823858,0.6995036745256675,0.192002445150501,0.999987547004426,False,False,False
Slc7a6os,-0.10475446250887396,0.5774940056973609,-1.17130135102547,0.999987547004426,False,False,False
Slc35d2,-0.13676978143413782,0.6218172330683033,-0.0875059274547185,0.999987547004426,False,False,False
Gga1,0.38473932137023326,0.0258417902478135,-0.437257023182715,0.999987547004426,True,False,False
Slc22a15,0.07648753286677894,0.868359643826167,-0.379958168406432,0.999987547004426,False,False,False
Abhd10,-0.025865028165349975,0.9266792000506882,-0.533731011735207,0.999987547004426,False,False,False
Atp1a1,-0.056799305848310354,0.8067022921222453,-0.0569104932691182,0.999987547004426,False,False,False
Dis3,0.02772023364305906,0.9244340577772963,-0.022461154774188,0.999987547004426,False,False,False
Card10,0.3821934683893867,0.3995891571335837,-0.121238406077456,0.999987547004426,False,False,False
Mgll,-0.6824008177687909,0.4143786883863265,-0.363670320387993,0.999987547004426,False,False,False
Mzt1,-0.40960165344584687,0.010843893050433316,-0.160719396517591,0.999987547004426,True,False,False
Lpcat2,-0.20850792095374757,0.15647968964689102,0.403577879489989,0.999987547004426,False,False,False
S100b,-0.2369361400124581,0.8328112817493794,-1.82062275606553,0.999987547004426,False,False,False
Ttc28,-0.34677331144501966,0.6985357209639779,-0.116606037053764,0.999987547004426,False,False,False
AA467197,0.31673591982146654,0.47806250488021246,-0.289480717230864,0.999987547004426,False,False,False
Eefsec,0.06011571656274142,0.8405964993936302,-0.449802711577567,0.999987547004426,False,False,False
Rac2,-0.5793072421641635,2.0470514105965186e-09,0.160646919908737,0.999987547004426,True,False,False
Ttf2,-0.033808893512807595,0.9396693051568609,-1.00217701042206,0.999987547004426,False,False,False
Scaf11,0.04912794526118033,0.8119722825873976,-0.182223020939903,0.999987547004426,False,False,False
Arid2,-0.04214608497469092,0.8931513858747265,0.0746229195037831,0.999987547004426,False,False,False
Ttll4,0.1731570770316014,0.6932038971597219,-0.0951984333920004,0.999987547004426,False,False,False
Rpgrip1l,-0.4601368002202772,0.45391187181973086,0.060175899442914,0.999987547004426,False,False,False
Wdr3,0.1526195898940288,0.4929400937835241,0.394110409651055,0.999987547004426,False,False,False
Kctd17,0.6884633623371281,0.006433568987147537,-0.926098190684446,0.999987547004426,True,False,False
Ptprf,-0.9049516461541576,0.33162879139705453,-0.249517610638174,0.999987547004426,False,False,False
Lpp,-0.08960723964911463,0.5939861785669965,-0.0797713427551425,0.999987547004426,False,False,False
Mif,0.07632643279976879,0.7483978686821157,-0.019210450867269,0.999987547004426,False,False,False
Fbxl8,0.12864347754620262,0.8253531669036,0.159579894688859,0.999987547004426,False,False,False
Gstt2,0.9135198874197762,6.971492776982101e-07,-0.230699475324212,0.999987547004426,True,False,False
Fem1c,-0.1292712783325779,0.4909291173441391,0.29720439272154,0.999987547004426,False,False,False
Kdm4a,-0.32144207361574245,0.1896728708490194,-0.0314623741294646,0.999987547004426,False,False,False
Dnm2,0.19254039808097942,0.15442425775470803,-0.539388035013125,0.999987547004426,False,False,False
Chst2,0.8019048044162512,0.000589528575505122,-0.8896355217148,0.999987547004426,True,False,False
Map2k4,0.08653806452862235,0.6791179180353569,0.677016970281863,0.999987547004426,False,False,False
Pus7l,-0.1048694834610713,0.8359622432503209,-0.922954502945516,0.999987547004426,False,False,False
Ipo13,-0.0971740682966717,0.774511524732789,-0.238227502274245,0.999987547004426,False,False,False
Fntb,0.1832217724957927,0.7695102517101734,0.052641208438617,0.999987547004426,False,False,False
Atp6v0b,0.42794848138517144,8.838119544378315e-06,-0.199350784542271,0.999987547004426,True,False,False
Trappc8,-0.153173114575843,0.4363864366331317,0.661965071956288,0.999987547004426,False,False,False
Frrs1,0.38510939327578836,0.007321990098767333,-0.600692475870433,0.999987547004426,True,False,False
Clasp2,-0.32365308950358823,0.050903908452319166,-0.23871729726465,0.999987547004426,False,False,False
Spg11,-0.3022039364338672,0.23735443247419638,-0.475203151280826,0.999987547004426,False,False,False
Nudt15,-0.09908938749371463,0.7415310449798997,-0.0966888084923925,0.999987547004426,False,False,False
Ctdspl2,-0.10694450491953718,0.5665777312491144,-0.0195585968714553,0.999987547004426,False,False,False
Gucd1,0.18704695660619694,0.3557601555611931,0.281071166319728,0.999987547004426,False,False,False
Cacul1,-0.05584123491995375,0.8309905974798953,-0.352922549515438,0.999987547004426,False,False,False
Antxr1,1.5026272716199485,0.0010789681548491795,-0.751832442663474,0.999987547004426,True,False,False
Eri3,0.3204333516065738,0.025389158081291115,-1.01130849339044,0.999987547004426,True,False,False
Upb1,-0.3573024158502212,0.49904670086079905,0.0846521418230184,0.999987547004426,False,False,False
Mcee,0.3729525533648695,0.09189717595867904,-0.234845447038078,0.999987547004426,False,False,False
Terf2ip,-0.19879742309528126,0.39560930671524075,-0.244315181085363,0.999987547004426,False,False,False
Gtpbp6,0.07593555238484992,0.7870692328192535,-0.108029020083633,0.999987547004426,False,False,False
Armcx2,0.01471256119427996,0.9767476671501542,-0.253875931083094,0.999987547004426,False,False,False
Trmt13,-0.3714200945288266,0.028373343215519983,0.637764516717459,0.999987547004426,True,False,False
Specc1l,-0.013361250251053964,0.9585518924005181,0.936998646445799,0.999987547004426,False,False,False
Lpar6,0.31979860867188814,0.02541563364281616,0.26303469873614,0.999987547004426,True,False,False
Tagap,-1.2704582906425872,0.00016942058936802003,0.750813017247704,0.999987547004426,True,False,False
Fan1,-0.3886476079299461,0.18303180891429613,-0.330413946495129,0.999987547004426,False,False,False
Crlf2,0.4392957827745532,0.005809114732029242,-0.495208086608411,0.999987547004426,True,False,False
Tomm6,0.18738451694356154,0.3196261169722286,-0.389323210896185,0.999987547004426,False,False,False
Fhip2a,0.21534176960811918,0.38479199719414336,-0.218198677987916,0.999987547004426,False,False,False
Catsper2,-0.7432799371558895,0.14183365126847047,-0.170119554137797,0.999987547004426,False,False,False
Fndc3a,-0.19957460647626474,0.22597437538710938,-0.537599057919874,0.999987547004426,False,False,False
Cryzl2,0.3273399425812944,0.06147184395429591,-0.205585789373261,0.999987547004426,False,False,False
Larp4b,-0.324596318398827,0.018856732646066257,-0.129680480625881,0.999987547004426,True,False,False
Cdc14a,-0.18521556413738585,0.29515187930851366,-0.062782135130159,0.999987547004426,False,False,False
Asprv1,-1.2696675433418472,0.005932844823500113,-0.360884398354759,0.999987547004426,True,False,False
Ppip5k1,-0.17132605138427043,0.5323877716927538,-0.149966052910379,0.999987547004426,False,False,False
Ttc7b,-0.138003991371999,0.6106193051618255,0.531492413515175,0.999987547004426,False,False,False
Casp4,-0.1313796584054083,0.5716594646059201,0.0200828665820918,0.999987547004426,False,False,False
Idua,-0.09829686581754975,0.6355573050418395,-0.44758723330471,0.999987547004426,False,False,False
Arhgef5,-0.22029089271777152,0.8646067887064031,-0.306177705098296,0.999987547004426,False,False,False
Gtf2a2,-0.12852013740509094,0.4322511031405124,-0.152600651680889,0.999987547004426,False,False,False
Dph5,0.11053141512481815,0.49334598770206817,0.0157420203988083,0.999987547004426,False,False,False
Fam20b,0.46567579567752365,0.014057710917510746,-0.407536130718127,0.999987547004426,True,False,False
Myo6,0.15616267593869335,0.7999241479441006,-0.395265712492011,0.999987547004426,False,False,False
Reep4,0.18325322892297774,0.308540821217053,-0.435249740493788,0.999987547004426,False,False,False
Spata2l,0.6727052201651319,0.019014295903544406,-0.237553997710891,0.999987547004426,True,False,False
Rfwd3,-0.2619677421682506,0.20360982371885541,-0.0940271387691638,0.999987547004426,False,False,False
Pank1,-0.1348209048085805,0.7091954647805229,0.0467473827420513,0.999987547004426,False,False,False
Map3k13,-0.4390170685752179,0.4034464399078645,0.267440823484312,0.999987547004426,False,False,False
Pcgf3,-0.06442694487174132,0.8578394341551091,-0.29657733911648,0.999987547004426,False,False,False
Pdpr,-0.26566074238274817,0.39690347102625445,-0.237160689995425,0.999987547004426,False,False,False
Pik3c3,0.17634496939319258,0.4625762561824691,0.199586306087445,0.999987547004426,False,False,False
Hacd3,0.518984814006696,0.0009779657120782474,0.0092732211233945,0.999987547004426,True,False,False
AW554918,-0.34864806244171775,0.1198181408496849,-0.333002283320381,0.999987547004426,False,False,False
Vps8,-0.20692832051231896,0.5197256226640846,0.651526562179191,0.999987547004426,False,False,False
Ddx19b,-0.030867931024175427,0.932591703102302,-0.0762611319012567,0.999987547004426,False,False,False
Zfp7,-0.7118129522349479,0.09941140033065769,-0.237892564870409,0.999987547004426,False,False,False
Qsox1,0.008505328455724161,0.9856401339405373,-0.129819710822507,0.999987547004426,False,False,False
Ucp2,0.38148166833985,0.0002756719074382577,-0.183161876823012,0.999987547004426,True,False,False
Acbd6,0.10459531624682275,0.6149684455801628,-0.446797448208441,0.999987547004426,False,False,False
Fcsk,-0.20074248731934521,0.5867983126537976,-0.533740524317129,0.999987547004426,False,False,False
Stard9,0.4237417376880025,0.06729294105131295,-0.334471118876419,0.999987547004426,False,False,False
Smyd5,0.1847846113179095,0.3504820442800036,0.1578397849552,0.999987547004426,False,False,False
Ccar2,0.3044022583460567,0.10562302158758426,-0.423316114369968,0.999987547004426,False,False,False
Foxn3,-0.1734705118760114,0.2762268310943759,-0.178381466132423,0.999987547004426,False,False,False
Sfxn5,-0.6151759896743927,0.42862683329046053,-0.822447334296692,0.999987547004426,False,False,False
Vav3,-0.4718538011071456,0.001689629679432794,0.801182801243196,0.999987547004426,True,False,False
Lrrc14,0.23706732802715536,0.2762268310943759,-0.325985906980491,0.999987547004426,False,False,False
Egr3,-0.28618895533225697,0.132471776830497,0.204139586097563,0.999987547004426,False,False,False
Sf3b3,-0.11565783494783387,0.4197626709364103,-0.659652371339706,0.999987547004426,False,False,False
Fkbpl,-0.18682302955172575,0.7928105084457808,-0.355944971432731,0.999987547004426,False,False,False
St18,-1.0987029193910294,0.21949686282440373,0.413521047812448,0.999987547004426,False,False,False
Gadd45gip1,0.1432155392133054,0.4232523359508582,0.532055393878372,0.999987547004426,False,False,False
Mnd1,0.2921973202523918,0.6892461933427805,-0.698633249898337,0.999987547004426,False,False,False
Rbm4b,0.02725466327968198,0.899707200583615,-0.423968637743035,0.999987547004426,False,False,False
Recql4,0.13934320519245766,0.8645388169034103,-0.353325210292758,0.999987547004426,False,False,False
Tmem131l,-0.1854938906564083,0.1586327459733953,-0.107106608285199,0.999987547004426,False,False,False
Exoc6b,-0.20264721260050647,0.47051101298786835,-0.277412163649413,0.999987547004426,False,False,False
Tlr13,0.14481002934361212,0.5107581011666387,-0.433995560828968,0.999987547004426,False,False,False
Asb13,-0.1210978641839732,0.6356524987063267,-0.483913274204479,0.999987547004426,False,False,False
Tubgcp5,-0.2577109795836169,0.16074911492966285,-0.249943836824476,0.999987547004426,False,False,False
Atp7a,0.05282213070480236,0.8475266291100455,0.936188725203208,0.999987547004426,False,False,False
Tasor2,-0.2336268395070356,0.1409183002178657,-0.172510453692592,0.999987547004426,False,False,False
Tmem87a,-0.3389940949693645,0.14217357155383717,-0.0842027616187444,0.999987547004426,False,False,False
Tcea1,0.07040757895597918,0.6368639119135235,0.12764148614912,0.999987547004426,False,False,False
Ppp1r16a,0.6315500578969185,0.0002518460103757341,-0.39696896035407,0.999987547004426,True,False,False
Mrpl15,0.02953461684958674,0.8880287506012291,0.0556851206723863,0.999987547004426,False,False,False
B3galt2,1.3114097880220033,0.0653934212711837,-0.245884621397849,0.999987547004426,False,False,False
Ston1,1.1071823716054814,0.27861081465156273,-0.785732354863606,0.999987547004426,False,False,False
Engase,0.024801240697836815,0.9721198100126763,-0.34600877999074,0.999987547004426,False,False,False
Cdk10,0.19879512183881387,0.4209315599261936,-0.347844005633889,0.999987547004426,False,False,False
Lgals3bp,0.47325697334494327,0.0006048632601905209,-1.12820022483812,0.999987547004426,True,False,False
Zfp267,-0.14700840002027626,0.7019462533495358,0.181060725928234,0.999987547004426,False,False,False
Pxk,0.22382854234678595,0.10422708457016773,0.249278189324538,0.999987547004426,False,False,False
Map9,0.42375770747570274,0.4257424048066537,-0.371560105305536,0.999987547004426,False,False,False
Mapkbp1,-0.03311639261511128,0.9589056635275797,-0.173194546869306,0.999987547004426,False,False,False
Ccp110,-0.3521434549152118,0.36499669232803805,-0.242629091974619,0.999987547004426,False,False,False
Zdhhc15,0.39322405599444804,0.38095050885665577,0.0620994226598448,0.999987547004426,False,False,False
Usp36,0.15533318182546818,0.5073124370892163,-0.241198473360063,0.999987547004426,False,False,False
Chmp2a,0.0029182604585369044,0.9876864437372052,-0.182920562852967,0.999987547004426,False,False,False
Gde1,0.4744503121798724,0.0005617534761461164,0.135489502104691,0.999987547004426,True,False,False
Parl,0.2617608817615103,0.035649311429467624,0.0410920027298776,0.999987547004426,True,False,False
Rbm34,0.04289979767320833,0.8461510911361776,-0.118273049154973,0.999987547004426,False,False,False
Vhl,0.10774411439087259,0.5558263138078886,-0.24890656592336,0.999987547004426,False,False,False
Ndufb7,0.17095877768099432,0.3193957078823712,-0.273760729611195,0.999987547004426,False,False,False
Brk1,0.11387526537373478,0.43040216013753707,-0.237853833794542,0.999987547004426,False,False,False
Mga,-0.37805669093777083,0.01340099561273159,-0.0621102046718649,0.999987547004426,True,False,False
Trim36,0.11896308423528287,0.6336303398521222,-0.213294617949975,0.999987547004426,False,False,False
Aspm,-0.41285513072276553,0.3100242807817258,0.0168212634325648,0.999987547004426,False,False,False
Ppp3r1,-0.2989908811908407,0.012511343750821783,0.34764102221172,0.999987547004426,True,False,False
Tnks1bp1,0.7249501733990885,0.35624767719218925,-0.0416090932982556,0.999987547004426,False,False,False
Jcad,0.6586706299772865,0.40763631218695817,-0.105335258554766,0.999987547004426,False,False,False
Zbtb41,-0.2941066734087197,0.38804744173093253,-0.133177668548717,0.999987547004426,False,False,False
Cdkl4,0.1500067776840651,0.8895705552453693,-0.384873290986057,0.999987547004426,False,False,False
Rfc3,-0.03962508277189354,0.868359643826167,-0.0468503054202021,0.999987547004426,False,False,False
Zfp944,-0.1157334334191438,0.5881775927541246,0.115222636804181,0.999987547004426,False,False,False
Gria2,-0.5776064064926516,0.5265495594328683,-0.831507586912715,0.999987547004426,False,False,False
Tesk2,0.39507658276432733,0.11801627551051945,-0.266365513728704,0.999987547004426,False,False,False
Dnah17,0.14319251878391123,0.8442690837160601,-1.07584092969602,0.999987547004426,False,False,False
Slc66a2,-0.22588712053843546,0.13736905707491262,0.368410014999603,0.999987547004426,False,False,False
Scaper,-0.30724207466856274,0.035754580736417005,-0.267888149412834,0.999987547004426,True,False,False
Pds5b,-0.05746385039670708,0.8230382157583792,-0.086137642587591,0.999987547004426,False,False,False
Cpsf1,-0.14826209954633823,0.486201550026712,-0.32610095442231,0.999987547004426,False,False,False
Cct2,0.09856369361512644,0.5338600782899463,-0.276238326343608,0.999987547004426,False,False,False
Cd226,0.4440664951780513,0.4625762561824691,0.733782547868356,0.999987547004426,False,False,False
Rpap1,-0.20078429264851008,0.43674263422836024,0.414670813685001,0.999987547004426,False,False,False
Lyl1,0.5124857018789364,0.4194325413846932,-1.08392057410871,0.999987547004426,False,False,False
Phka1,-0.2299384931667225,0.5279278424849904,-0.495115353334205,0.999987547004426,False,False,False
Poglut1,0.2612219875817263,0.08871893396192412,0.0704115323729191,0.999987547004426,False,False,False
Farp2,-1.0044478504680108,0.19573298964536087,-0.258135877525246,0.999987547004426,False,False,False
Zdhhc5,0.2731044996394365,0.2277500487890655,-0.15187173057136,0.999987547004426,False,False,False
Hdlbp,0.026963849565105148,0.9139345901752917,-0.0373355603655057,0.999987547004426,False,False,False
Ctnnd1,0.519911392662074,0.32862910890718194,0.301549135480164,0.999987547004426,False,False,False
Meak7,0.01902695851821238,0.9649786574892784,-0.329206910006223,0.999987547004426,False,False,False
Golim4,-0.19314249451563512,0.2946896672571709,-0.0846472546540191,0.999987547004426,False,False,False
Tmed8,-0.3980402842846991,0.13979095941238676,-0.174532270592622,0.999987547004426,False,False,False
Vav1,0.17864080908845445,0.25406664136011986,-0.359480038132395,0.999987547004426,False,False,False
Srsf2,0.09205182677349927,0.5207131358610311,-0.103826930597525,0.999987547004426,False,False,False
Mks1,0.10818576008309377,0.7457508315129342,0.0035193008360225,0.999987547004426,False,False,False
Pomt2,0.13293543363060129,0.8147170924065843,-0.264294083701403,0.999987547004426,False,False,False
Sik3,0.6742597686313175,0.0003535558218126925,0.594332181029146,0.999987547004426,True,False,False
Exoc3,0.010798659399541973,0.959794046454843,0.204085587658151,0.999987547004426,False,False,False
Ino80,-0.26083929150147356,0.4551595272559355,-0.0335024669623403,0.999987547004426,False,False,False
Tspoap1,-1.068491204645827,2.1941574660459364e-05,0.379462468369946,0.999987547004426,True,False,False
Lrrc58,0.05048152848775465,0.8123349757195056,0.172162931896514,0.999987547004426,False,False,False
Ogt,-0.366216021052416,0.0003276740060842661,0.360412988663454,0.999987547004426,True,False,False
Zfc3h1,-0.4498332539171488,0.002431792030890155,0.0196898277300868,0.999987547004426,True,False,False
Ccnd3,0.22961531151239747,0.062224368141898224,-0.477960989580954,0.999987547004426,False,False,False
Irf2bpl,-0.5030787763473199,0.2478781724822714,-0.444755878841926,0.999987547004426,False,False,False
Faah,-1.107916876358312,5.008715877676767e-07,-0.834087334054783,0.999987547004426,True,False,False
Rhbdd3,0.42033035853852335,0.24561958104804313,-0.129668141070313,0.999987547004426,False,False,False
Rnf43,-0.4823375944096873,0.04218686331967777,0.0231909508656063,0.999987547004426,True,False,False
Nsf,0.32891604777259037,0.007085838379326934,-0.279270935258451,0.999987547004426,True,False,False
Hsdl1,-0.19070142543170288,0.41537829282421257,-0.142023904920434,0.999987547004426,False,False,False
Lsm3,-0.023334781031898687,0.9225554426306357,-0.0954957736594677,0.999987547004426,False,False,False
R3hcc1,-0.1074107262368637,0.7463182019369935,0.108043974529068,0.999987547004426,False,False,False
Gas2l1,0.7501782338604851,0.026922708643584578,0.0256051548208287,0.999987547004426,True,False,False
Chchd4,0.010410741826112855,0.9670639532923319,0.011699805097674,0.999987547004426,False,False,False
Polq,-0.3447503639204389,0.5774940056973609,0.287141955775362,0.999987547004426,False,False,False
Efcab14,-0.09875540721320647,0.5592904019769315,-0.389631322142892,0.999987547004426,False,False,False
Mrps17,0.14069118965480462,0.424096274104985,-0.0942633914724897,0.999987547004426,False,False,False
Vps18,-0.02344443902501761,0.9355150277827982,-0.736196462301636,0.999987547004426,False,False,False
Atm,-0.8090934771983228,0.0007753763160246721,-0.0027887250461784,0.999987547004426,True,False,False
Gpc1,-0.18704375531332454,0.5780024379192421,0.138070002376847,0.999987547004426,False,False,False
Rhov,0.4717057712934341,0.6172646091494829,-0.76867886540589,0.999987547004426,False,False,False
Usp54,-0.30317854429706775,0.655725348502586,-0.131953683211692,0.999987547004426,False,False,False
Plekhm1,0.00744637513019317,0.9837760425718827,-2.34834332692276,0.999987547004426,False,False,False
Senp6,-0.16904766280318603,0.30794273997008803,0.0862901505677645,0.999987547004426,False,False,False
Arhgap27,-0.03715292424318177,0.8758859423459189,-0.657908914829007,0.999987547004426,False,False,False
Exosc4,-0.036164751556662315,0.9025164993182582,-0.36963997227938,0.999987547004426,False,False,False
Ints14,-0.06391988789135719,0.745445471138817,-0.546605384989825,0.999987547004426,False,False,False
Zdhhc14,-0.1350209480307598,0.7552362842434615,0.077404676741228,0.999987547004426,False,False,False
Batf,-0.05585613551742017,0.8039672144336839,-1.64021176290538,0.999987547004426,False,False,False
Setd5,-0.26536666701414424,0.12271610423073576,-0.0430789437598005,0.999987547004426,False,False,False
Jdp2,0.1594680477743906,0.861063020941067,0.365927901161084,0.999987547004426,False,False,False
Thoc5,0.03559726213235201,0.8847081363579867,-0.156708249510428,0.999987547004426,False,False,False
Dnajc17,0.11613547030511465,0.7536677822868803,-0.115172280574545,0.999987547004426,False,False,False
Nipsnap1,0.10434584601045728,0.6529684741923506,-0.236334406364002,0.999987547004426,False,False,False
Nek9,-0.4347563462944822,0.02203433950232145,-0.56482479135305,0.999987547004426,True,False,False
Traf3ip1,-0.4199333836814575,0.35511935348957124,-0.169103162269709,0.999987547004426,False,False,False
Med13,-0.4596709653703383,0.00208751505715186,0.118842239234416,0.999987547004426,True,False,False
Fam53c,-0.05140966283346907,0.8702754750259336,-0.0309615307894591,0.999987547004426,False,False,False
Ccdc15,-0.17032275912569417,0.6788869575686807,0.0683394033201257,0.999987547004426,False,False,False
Sdr42e1,-0.1101352937467955,0.869284614865682,-0.58982979887706,0.999987547004426,False,False,False
Kif4,-0.29314126745473335,0.36345424591206427,-0.110884660610419,0.999987547004426,False,False,False
Iqsec1,-0.8668098912691132,0.0001909848009798302,-0.209426962966794,0.999987547004426,True,False,False
Trim59,-0.682285503438243,2.752698454857972e-07,0.720758834701437,0.999987547004426,True,False,False
Slc26a2,0.43971701850787387,0.0024629205209051068,-0.0522809358074774,0.999987547004426,True,False,False
Exosc1,0.16406462245476572,0.371124379809702,-0.0697261215070588,0.999987547004426,False,False,False
Tmem132c,0.7143333216633734,0.004768297741632156,-0.45302764156362,0.999987547004426,True,False,False
Kctd9,0.11862061207151227,0.7685613872440136,-0.0446383271781396,0.999987547004426,False,False,False
Plcg2,0.05076953905131651,0.7803006362741898,-0.354645319071704,0.999987547004426,False,False,False
Zbed4,0.39376028770872845,0.15442425775470803,-0.393391577855395,0.999987547004426,False,False,False
Fam151b,-0.23581470275854385,0.5581744201884722,-0.062666131169423,0.999987547004426,False,False,False
Wbp2,0.2118304662962442,0.09337653852469348,-0.329926758257813,0.999987547004426,False,False,False
Cbl,-0.1607546220934318,0.31691366594265763,0.0573380126737986,0.999987547004426,False,False,False
Ube2f,0.21423618247297044,0.049447911870087055,-0.179722690113775,0.999987547004426,True,False,False
Gtf2h5,0.045076867427489065,0.8362280816557206,-0.11248601310618,0.999987547004426,False,False,False
Ramp1,0.36429548210378915,0.027572654148309193,0.461044918648325,0.999987547004426,True,False,False
Mtmr3,-0.025882042287269397,0.9176867953663105,-0.314220410535092,0.999987547004426,False,False,False
Cpne2,-0.8847563465873473,4.837178709472157e-06,-0.0741150921838329,0.999987547004426,True,False,False
Tulp4,-0.33815418597818353,0.08382724127775538,0.160864107859733,0.999987547004426,False,False,False
Wdr5b,-0.45184941402684403,0.026767439022626443,0.0851871433624032,0.999987547004426,True,False,False
Cmip,0.31820235466105307,0.04146359464570854,-0.581157346362031,0.999987547004426,True,False,False
Spata6,0.5977828077834662,0.00010247270123305727,-0.115370546537331,0.999987547004426,True,False,False
Pja1,0.3341452919440658,0.05128281129962968,-0.363287497878128,0.999987547004426,False,False,False
Tbc1d10a,-0.2055946496606109,0.31651529486942653,-0.148888599871431,0.999987547004426,False,False,False
Neurl1b,0.5373043495324148,0.29716489839916266,-0.762717124696088,0.999987547004426,False,False,False
Pkd1l2,0.5535764447956446,0.39925130031231293,-0.81451123209257,0.999987547004426,False,False,False
Gcsh,0.9708661331722488,2.044674265882391e-18,-0.12531983077821,0.999987547004426,True,False,False
Zfp707,0.053805716319178784,0.9053113181564424,-0.532753546909221,0.999987547004426,False,False,False
Zxdc,-0.12212956981813808,0.7148370881049119,-0.0393109675733818,0.999987547004426,False,False,False
Cops8,-0.027219283824730704,0.8915554259464111,-0.271276938994181,0.999987547004426,False,False,False
Trmt5,0.0369430077246971,0.9233139828299564,0.485966617543922,0.999987547004426,False,False,False
Polr3b,-0.4710276288730869,0.034336515522074215,-0.0471050574785092,0.999987547004426,True,False,False
Ifit1,-0.15286454072347067,0.5252978052034661,0.0530915420941813,0.999987547004426,False,False,False
Six4,0.4466772557559212,0.5124465838726556,-0.12047761694698,0.999987547004426,False,False,False
Pkd2,-0.07202202324683692,0.9188054926717394,0.386200247516449,0.999987547004426,False,False,False
Caskin2,0.22228858436999882,0.7675743876184468,-0.362646140986009,0.999987547004426,False,False,False
Rasd2,-0.6664275888285707,0.43908992671618147,0.317974075491826,0.999987547004426,False,False,False
Sec22a,-0.008038162418522761,0.9777261763026447,0.0748484198169308,0.999987547004426,False,False,False
Diaph2,-0.17464830672322884,0.39829641911110225,0.377686106461543,0.999987547004426,False,False,False
Snx2,0.1741445337718853,0.20458049863317757,0.452953662078918,0.999987547004426,False,False,False
Poglut3,0.5475328254440225,0.27382897376514764,-0.75542600645033,0.999987547004426,False,False,False
Edil3,1.2944922711005948,0.12402705959610202,-0.911398820485505,0.999987547004426,False,False,False
Mad2l1bp,-0.08130051062822431,0.7675743876184468,-0.330880171216481,0.999987547004426,False,False,False
Hmgxb4,-0.14808360051409036,0.6040475421327323,-0.633319527270077,0.999987547004426,False,False,False
Gjc1,-0.7460356517891262,0.4195363201062939,-0.5679344292109,0.999987547004426,False,False,False
Zfp395,0.16160700031963618,0.8522563416774248,-0.399556199437318,0.999987547004426,False,False,False
Ice1,-0.12034560813184397,0.6892461933427805,0.0448676392319314,0.999987547004426,False,False,False
Zfp418,-0.5881818999066776,0.23958406748052766,-0.0983914099061582,0.999987547004426,False,False,False
Morc2a,-0.9010920518273405,9.028755112564676e-06,-0.18478616283836,0.999987547004426,True,False,False
Rsrc1,0.143378512102386,0.41093303631255307,0.256130780998536,0.999987547004426,False,False,False
Zfyve9,0.8431848907607821,0.003997255307991844,-0.229085885083058,0.999987547004426,True,False,False
Ccpg1,0.003071056717581656,0.9897598185618389,-0.138980927374905,0.999987547004426,False,False,False
Inpp5j,-0.27275977985425015,0.7910741052788702,-0.0796868069643173,0.999987547004426,False,False,False
Daam1,0.12470687131723708,0.7751674679317665,-0.148975789577348,0.999987547004426,False,False,False
Tent4a,0.029301092907640703,0.9474554188461275,-0.18653583782681,0.999987547004426,False,False,False
Slc41a2,-0.6249767709395232,0.27203749456594556,-0.395844361572996,0.999987547004426,False,False,False
2700049A03Rik,-0.1521827919971944,0.6203075984831722,-1.12187644920877,0.999987547004426,False,False,False
Mon2,-0.35334153279012953,0.11832424527827932,1.09747179129487,0.999987547004426,False,False,False
Tut4,-0.22494365323098472,0.12369779417723885,0.241004911610532,0.999987547004426,False,False,False
Chst11,-0.8133146032752139,0.18587839917513335,0.158019252177615,0.999987547004426,False,False,False
Ppm1h,0.10098939153765911,0.6907905910695799,0.0638955166527264,0.999987547004426,False,False,False
Pik3ip1,-0.5328324185790488,0.5452929893798496,-0.244018061930749,0.999987547004426,False,False,False
Mtrr,-0.23674223715120646,0.4288149270296912,-0.145118412858048,0.999987547004426,False,False,False
Rxylt1,0.6180114961668272,1.5087081065194191e-05,0.160366442317589,0.999987547004426,True,False,False
Gpatch8,0.004462340485406831,0.9858128574104926,-0.319368851558267,0.999987547004426,False,False,False
Ly6d,0.2570147806503077,0.8494562405810597,-0.959266615726211,0.999987547004426,False,False,False
Zyg11b,0.06439710703021256,0.8434067240876406,-0.340444358645049,0.999987547004426,False,False,False
Setmar,-0.49141682624356636,0.3392214793596236,-0.626461787189371,0.999987547004426,False,False,False
Tiparp,0.6378058721467823,4.1299586243821756e-05,-0.0419429049296323,0.999987547004426,True,False,False
Cd300ld,-0.2629816724416461,0.085901355964553,0.64130355254023,0.999987547004426,False,False,False
Ankrd12,0.051659192755320285,0.775548285229016,0.531865525567695,0.999987547004426,False,False,False
Cd300a,-0.28534468171162924,0.019665674289887376,-0.674736170279555,0.999987547004426,True,False,False
Ythdc2,-0.32055151118777103,0.0892481109605752,0.415044514207766,0.999987547004426,False,False,False
Cacna1a,-0.2582701330551762,0.5777873373496525,-0.552151791710683,0.999987547004426,False,False,False
Tmem109,0.10189768237893433,0.5947716676050013,0.200191158122638,0.999987547004426,False,False,False
Bmp2k,0.138568957694736,0.34617271911146197,0.525719779553123,0.999987547004426,False,False,False
Itga2b,1.0924055061640527,0.15780322119843568,-0.539655124886317,0.999987547004426,False,False,False
Xpot,0.24528730852560043,0.3044308597917207,0.0247322605669069,0.999987547004426,False,False,False
Tdg,0.1993332776072876,0.3529723831582584,-0.101277173195719,0.999987547004426,False,False,False
Dbn1,0.903765636915596,0.004457441128102828,-0.701004086651369,0.999987547004426,True,False,False
Rnps1,-0.03182353426234298,0.8672447476772129,-0.186228875060624,0.999987547004426,False,False,False
Sema3f,-0.03741176839219104,0.9672153825205076,-0.263855833088982,0.999987547004426,False,False,False
Prr7,0.9591943990808399,0.2990014602137918,0.380172136124105,0.999987547004426,False,False,False
Gns,0.31085528162041365,0.008083295888814998,-0.443276322131662,0.999987547004426,True,False,False
Grn,0.45917580861532814,1.6880491293940152e-05,-0.661289356607901,0.999987547004426,True,False,False
Ppp1r21,0.2189953292537613,0.27676426009469435,0.351990984080591,0.999987547004426,False,False,False
Ttyh2,0.20727863737529553,0.6083782082079074,-0.483294926920294,0.999987547004426,False,False,False
Tmx4,0.1862085389935855,0.483554051717813,-0.0766336026327794,0.999987547004426,False,False,False
Cnot6l,-0.40413899199605396,0.0005865111424924138,0.300948164219147,0.999987547004426,True,False,False
Mrps10,0.2605116323141499,0.1573001276093742,-0.218490262341108,0.999987547004426,False,False,False
Nostrin,0.35782246745055746,0.008261608145849756,-0.359220525370403,0.999987547004426,True,False,False
Nagk,0.5995577461975894,8.360838854010948e-08,-0.315022873959646,0.999987547004426,True,False,False
Sirt6,0.11417909220329994,0.7677849163215457,-0.345513443658215,0.999987547004426,False,False,False
Mast4,-0.6618512733065873,6.061973679056883e-05,-0.163665526723903,0.999987547004426,True,False,False
Tmub2,0.1773822248906862,0.2251461022263124,-0.471167522879941,0.999987547004426,False,False,False
Tle6,0.19039091392824575,0.8406181896933269,-0.278145902099829,0.999987547004426,False,False,False
Map4k5,-0.8906454106343246,1.9001539475196733e-05,0.0083047854702433,0.999987547004426,True,False,False
Dusp5,0.442801285625616,0.326409903323958,0.0198932694200344,0.999987547004426,False,False,False
Tle2,1.5155485308850505,3.58536724927288e-05,-0.165102156922465,0.999987547004426,True,False,False
Hrob,-0.1959480077046105,0.7798666700232394,-0.0409951506071193,0.999987547004426,False,False,False
Gna11,-0.25264056589823547,0.35806691954663417,-0.345898062093416,0.999987547004426,False,False,False
Gpsm3,0.23530897491641448,0.17395067849182622,-0.232539902063337,0.999987547004426,False,False,False
Rab24,0.008164343128093696,0.9717633989313788,-0.132705970118566,0.999987547004426,False,False,False
Gna15,-0.43628024956507744,0.1998609797527725,-0.115996148054117,0.999987547004426,False,False,False
G6pc3,0.3984665448401842,0.04043141985205666,-0.0460660992948281,0.999987547004426,True,False,False
Ccdc122,-0.15141739240717383,0.3048540435152031,-0.571985055850773,0.999987547004426,False,False,False
Unc13a,-0.11297913759268415,0.8805465622896345,-1.18305528229294,0.999987547004426,False,False,False
Zfp661,-0.35879247550513194,0.6000288721934857,-0.125093355672487,0.999987547004426,False,False,False
Sos2,0.0785521857508958,0.7611941847330784,-0.221404231428535,0.999987547004426,False,False,False
Colgalt1,0.34635038033189985,0.008392645580381814,-0.0940324158129968,0.999987547004426,True,False,False
Cpsf7,-0.48067699782194,0.008512511671655757,-0.0039310612011869,0.999987547004426,True,False,False
Nrip3,-0.12702640127375653,0.9077790338763603,-0.285632645668191,0.999987547004426,False,False,False
Nup54,-0.02790310324371966,0.912028164514604,-1.51408330509779,0.999987547004426,False,False,False
Nxnl1,0.48150034036908407,0.6282465673175927,-0.0012653710279133,0.999987547004426,False,False,False
Tet3,-0.23393489013768456,0.19909372010357357,0.278100000120723,0.999987547004426,False,False,False
Tespa1,-1.0983020181965784,4.1634224559275444e-13,0.470971823299395,0.999987547004426,True,False,False
Plvap,-0.3155583534703447,0.8495793803996596,-0.180131812095627,0.999987547004426,False,False,False
Ttc21b,-0.1556655303803219,0.7148370881049119,-0.108626471394848,0.999987547004426,False,False,False
Acot11,0.020765793028065225,0.968743916991741,-0.108327745710239,0.999987547004426,False,False,False
Mfsd12,0.40854298503505604,0.0577745837267094,-0.58332419418347,0.999987547004426,False,False,False
Cxcl10,1.053515480364171,0.004315526112102668,0.0793172760630076,0.999987547004426,True,False,False
Ano8,0.4439264610652962,0.22554283319396398,-0.0073385665003726,0.999987547004426,False,False,False
Ankrd27,-0.12847924421786486,0.5716594646059201,-0.208997703273024,0.999987547004426,False,False,False
Myl12b,0.0163691683604163,0.928147098002239,0.159132787350535,0.999987547004426,False,False,False
Mrpl34,0.08842780884146022,0.690086106530635,-0.245458082007686,0.999987547004426,False,False,False
Lrr1,-0.2136800266846732,0.5421005158979597,-0.411590024660705,0.999987547004426,False,False,False
Cactin,-0.09355060556310943,0.738782647939691,-0.304248477451694,0.999987547004426,False,False,False
Rps29,-0.09276636795493223,0.8872200423019434,-0.257963833269486,0.999987547004426,False,False,False
Cog3,-0.0034660718610025963,0.9911527556919748,-0.242495691884777,0.999987547004426,False,False,False
Pip5k1c,0.21092517273850622,0.13438217146887807,-0.305683611668305,0.999987547004426,False,False,False
Ncaph,-0.143527593976104,0.58131700740266,0.0187969651355795,0.999987547004426,False,False,False
Sidt2,0.28923120150633375,0.11064416454233902,0.238393133116944,0.999987547004426,False,False,False
Ushbp1,-0.05706975281355868,0.9663520136448134,-0.737058017465863,0.999987547004426,False,False,False
Tjp3,0.1777312260134383,0.5893808031692588,-0.152981489162511,0.999987547004426,False,False,False
Dhcr24,-1.2750625067934724,0.0005997335093121176,-0.201771771634253,0.999987547004426,True,False,False
Rnf44,0.07035376031142766,0.7796810168354038,-0.0530639798750805,0.999987547004426,False,False,False
Dhx8,-0.2122286212436821,0.2593809871668647,-0.581332621557945,0.999987547004426,False,False,False
Mrpl54,0.0844287249924096,0.6228526648727365,-0.131441392200863,0.999987547004426,False,False,False
Arl4d,0.030853252777451944,0.9713766780849682,-0.57637747440091,0.999987547004426,False,False,False
Synrg,0.00330287480683828,0.9911527556919748,-0.324406453822567,0.999987547004426,False,False,False
Tmem106a,0.5239875367040134,0.0007897583120779058,-0.36940035011167,0.999987547004426,True,False,False
Zfr2,-0.3723353015075187,0.4923039255330104,-0.499224114025741,0.999987547004426,False,False,False
Cog7,0.2189395707359759,0.3073272890996265,1.23100630614595,0.999987547004426,False,False,False
Cebpa,0.7746228577831564,0.004656283530911754,-0.290247961122473,0.999987547004426,True,False,False
Rubcnl,-0.3060118475122107,0.05785603545323518,-1.32298575079751,0.999987547004426,False,False,False
Dop1a,-0.4648022095874466,0.005338229651494529,0.197048774647648,0.999987547004426,True,False,False
Dapk3,0.15747829078229283,0.3866529616298679,-0.0331051749899824,0.999987547004426,False,False,False
Hrh2,-0.4748868242183407,0.09632762419691317,0.408854748283036,0.999987547004426,False,False,False
Otoa,-1.070353773709549,0.06255414110328128,-0.192768521864164,0.999987547004426,False,False,False
Vat1,1.2844879809195888,0.14540602620692553,-0.464929531809638,0.999987547004426,False,False,False
Eef2,-0.2149190686552086,0.07921230937424475,-0.621027968598003,0.999987547004426,False,False,False
Foxn2,0.09029586194333485,0.7045630546239596,-1.05043577652572,0.999987547004426,False,False,False
Dpp4,-0.04372951642931268,0.8002595257607753,-0.356187328830304,0.999987547004426,False,False,False
Igsf6,0.22501760386809322,0.048035047053732315,0.120624465449034,0.999987547004426,True,False,False
Rundc1,-0.35486771333363687,0.16646816204702936,-0.259058278129459,0.999987547004426,False,False,False
Zbtb7a,0.12053685317720797,0.4627558840433308,-0.414561283266786,0.999987547004426,False,False,False
Baz1a,-0.38921722087263555,7.706814624479767e-05,0.59567667421548,0.999987547004426,True,False,False
Ncapd3,-0.3971496004474836,0.025449028792134783,-0.0665233584598148,0.999987547004426,True,False,False
Map2k2,0.31755445786216635,0.008373336801013846,0.149364744102118,0.999987547004426,True,False,False
Nek11,0.33908750180233527,0.7857101861958432,-0.977615738467147,0.999987547004426,False,False,False
Creb3l3,0.25099710688405147,0.6854160779326578,-0.782203708677023,0.999987547004426,False,False,False
Zc3h12b,-0.25936547459132825,0.7928105084457808,0.212307499459541,0.999987547004426,False,False,False
Kri1,-0.07390175768899557,0.8325642776982641,-0.252938770145273,0.999987547004426,False,False,False
Anapc13,0.0031834415807979093,0.9911527556919748,0.438458084123852,0.999987547004426,False,False,False
Rrp12,0.015086727028517601,0.9796590273505534,-0.174187965518339,0.999987547004426,False,False,False
Dhx57,0.13891694360601273,0.5827561301962164,0.599777442328985,0.999987547004426,False,False,False
Zc4h2,-0.2897335676545954,0.45473687902954885,-0.0458476813835302,0.999987547004426,False,False,False
Eef2k,-0.18726598614814985,0.40612654966404016,-0.513041375623501,0.999987547004426,False,False,False
Xkr6,-0.022560945597336252,0.9709479813959068,-0.496701850064143,0.999987547004426,False,False,False
Oma1,-0.13341262566299097,0.43211937511059784,-0.0774513481394568,0.999987547004426,False,False,False
Mtmr9,0.053463645032049555,0.8701035952978811,0.820126085168237,0.999987547004426,False,False,False
Becn1,0.13846278772731457,0.3187664958116389,-0.425604525150971,0.999987547004426,False,False,False
Secisbp2l,-0.1282124501258142,0.4790492962659604,-0.326350339837662,0.999987547004426,False,False,False
Fam167a,-0.3763244814245592,0.4964510295630837,-0.606454175263843,0.999987547004426,False,False,False
Neil2,-0.8285768236200045,0.18806078767309764,-0.802667937572333,0.999987547004426,False,False,False
Gcfc2,-0.9735482093313746,0.00058069514755074,-0.227724929556119,0.999987547004426,True,False,False
Arhgap5,-0.46933774704198594,0.0012708953955590722,0.424154682320065,0.999987547004426,True,False,False
Secisbp2,-0.1723342981910514,0.3275842824375544,-0.446474979623211,0.999987547004426,False,False,False
Nubpl,0.06636007009219702,0.8540959362123737,0.0343710147793974,0.999987547004426,False,False,False
Eif2s3x,-0.044417011203366684,0.8444336386092154,0.0835286722297051,0.999987547004426,False,False,False
Elmod2,-0.054704556411923566,0.8812730025215434,-0.35386051372906,0.999987547004426,False,False,False
Ap2b1,-0.016605429908429108,0.9452464358033107,-0.270342321794982,0.999987547004426,False,False,False
Mitf,0.22644993781194253,0.6616721319923564,0.491209851890642,0.999987547004426,False,False,False
Ints6,-0.1315460616631426,0.5660125219995229,-0.111401695097555,0.999987547004426,False,False,False
Zc3h12c,-0.8402184821497068,2.9114149385295033e-07,-0.264493746389716,0.999987547004426,True,False,False
Tanc1,0.11565197964815603,0.9085461878151344,-1.31067770488957,0.999987547004426,False,False,False
1110059E24Rik,0.24231118623412096,0.07577176266095856,-0.377038383117694,0.999987547004426,False,False,False
Ccdc186,-0.032536551559660086,0.8967847509750752,-0.200549987324317,0.999987547004426,False,False,False
Heatr5a,0.014873005065681424,0.9633059304282224,0.468548305991068,0.999987547004426,False,False,False
Fam124a,-1.1371472165218588,0.2562224539298787,-0.620260172693928,0.999987547004426,False,False,False
Ano4,-0.1987234735252823,0.8757729998206848,-0.107978750356988,0.999987547004426,False,False,False
Tubg1,0.06904178046707382,0.8099193119531222,0.0425156956340711,0.999987547004426,False,False,False
Arl6ip5,0.08347083432486552,0.7092316400796758,-0.023220393456886,0.999987547004426,False,False,False
Lars2,-0.8079282408211248,3.7296040435200524e-08,-0.353538454917612,0.999987547004426,True,False,False
Epn1,0.2844128898020946,0.2967557717900474,0.344705716318709,0.999987547004426,False,False,False
Sppl2b,-0.11201574003822372,0.6610682495007707,-0.20154849831216,0.999987547004426,False,False,False
Slfn8,-0.2290359610159522,0.36110654430993927,0.302586522414417,0.999987547004426,False,False,False
Leprot,0.2463506534823532,0.01950331759848123,-0.370545127495374,0.999987547004426,True,False,False
Pdk3,0.6669767430420229,2.0131490267172695e-09,0.266004516563201,0.999987547004426,True,False,False
Abraxas1,-0.07530161997899844,0.7933970814084056,-0.191144318707716,0.999987547004426,False,False,False
Trim13,0.04492539064610558,0.9510484852254806,0.674621993486987,0.999987547004426,False,False,False
Scai,-0.12274125857437071,0.6790324541622444,-0.174630944300606,0.999987547004426,False,False,False
Neu3,-0.2317093215187723,0.7633784855782575,-0.650760526460881,0.999987547004426,False,False,False
Eogt,-0.36439298735872894,0.1699644892805149,0.479522345126508,0.999987547004426,False,False,False
Pcyt1b,-0.5232812158588962,0.18600039553730996,0.472117095268027,0.999987547004426,False,False,False
Hectd1,-0.25424962186223005,0.030717444836038464,0.605012491652847,0.999987547004426,True,False,False
Tut7,-0.12646144671687518,0.46902141615615184,-0.148395256070909,0.999987547004426,False,False,False
Pkig,0.5729369566466566,1.0399213985319515e-05,-0.379266845298468,0.999987547004426,True,False,False
Hpse,1.4254356405711726,5.863586133271827e-28,-0.655104736835575,0.999987547004426,True,False,False
Plekhj1,0.07099850859177131,0.7074097515440368,-0.136027560589592,0.999987547004426,False,False,False
Adrb1,1.398731937088419,0.0443249240889355,0.144744025595078,0.999987547004426,True,False,False
Vps13c,-0.44029622219674197,0.0775191392399301,-0.309630959505173,0.999987547004426,False,False,False
G2e3,-0.162181661641946,0.5247669211187359,-0.14317260641214,0.999987547004426,False,False,False
Cops4,0.27089694865432984,0.025389158081291115,0.50588743293865,0.999987547004426,True,False,False
Mid1,-0.19801998763456372,0.43638107606282545,-0.187774836158695,0.999987547004426,False,False,False
Gnptab,0.10491450675777379,0.7234851105689383,-0.283593008772625,0.999987547004426,False,False,False
Gdpd5,-0.20802639602014247,0.5035353648465757,-0.20152959772207,0.999987547004426,False,False,False
Sec31a,0.11828477282991066,0.45555691211204546,-0.105492905196478,0.999987547004426,False,False,False
Fbxo33,0.37682561516551843,0.025950282372716515,0.259957206198108,0.999987547004426,True,False,False
Uchl4,-0.9622427447261982,0.0521973648621185,-0.125730058918616,0.999987547004426,False,False,False
Lzts2,0.5271267748884477,0.5193951565987124,-0.2208108008401,0.999987547004426,False,False,False
Nup37,-0.3411104891933147,0.12662565924756838,-0.236399790659141,0.999987547004426,False,False,False
Uvrag,-0.02242714044381392,0.9048917716583863,0.302149005765953,0.999987547004426,False,False,False
Kcnh4,0.16375831917214614,0.8652569329325152,-0.351694077849034,0.999987547004426,False,False,False
Nfkbiz,0.12959309595563864,0.57794510543614,-0.812368340565625,0.999987547004426,False,False,False
Rmi1,-0.165202208632998,0.42367416579098005,-0.102312770246636,0.999987547004426,False,False,False
Hacd2,0.06659827494241101,0.7219566760251945,-0.739865197926723,0.999987547004426,False,False,False
Shq1,0.32527980029958214,0.22048806827143544,0.0866088811291581,0.999987547004426,False,False,False
Pcsk7,-0.1536460550784949,0.5515887511770007,-0.402978468972671,0.999987547004426,False,False,False
Ccl2,0.6733544582731639,0.05372129484876132,-0.670433179616549,0.999987547004426,False,False,False
Dennd1a,-0.07609855038691689,0.7875349247762187,-0.710724961391444,0.999987547004426,False,False,False
Cfap53,-0.1988550881963972,0.7414993562915936,-0.299471275016471,0.999987547004426,False,False,False
Klf16,0.885825667923916,0.014057710917510746,-0.616803860835146,0.999987547004426,True,False,False
Emsy,-0.048615831964915854,0.8702754750259336,-0.232963488177665,0.999987547004426,False,False,False
Abca17,-0.14298820407490778,0.8764501446810585,-1.56542083290203,0.999987547004426,False,False,False
Rabgap1,-0.03856616204927736,0.8841958889854414,-0.24210791855609,0.999987547004426,False,False,False
Haus8,-0.22553559231243459,0.3325347856160631,-0.328693109523717,0.999987547004426,False,False,False
Ccr3,1.6321912630362119,0.00030956544211776154,-0.611695377458632,0.999987547004426,True,False,False
Fignl1,-0.1647787014290953,0.5223445651545612,0.472923219707282,0.999987547004426,False,False,False
Prdm8,0.6694668886793916,0.2344979980293165,0.0636204612813023,0.999987547004426,False,False,False
Stab2,0.24768183727054005,0.8329039300414652,-0.729174227663448,0.999987547004426,False,False,False
Rcbtb1,-0.33863609172050235,0.02762238068792918,-0.330784185517073,0.999987547004426,True,False,False
Slc25a21,0.6755942901449037,0.5543647990434319,-0.277717409505152,0.999987547004426,False,False,False
Galm,0.5188738769936664,0.03871324303626325,0.357576611323043,0.999987547004426,True,False,False
Tab3,-0.27953099653388525,0.5780024379192421,-0.132309839334075,0.999987547004426,False,False,False
Mbd3,0.2305791924074687,0.1381560223587345,-0.117789097496935,0.999987547004426,False,False,False
Tgfbi,0.2511227344543159,0.04328704645410741,-0.40300632222857,0.999987547004426,True,False,False
Tstd2,-0.018316733169295198,0.9544019025586943,0.626239122753601,0.999987547004426,False,False,False
Reep6,0.130655542669928,0.9182863683095884,-0.31240034068113,0.999987547004426,False,False,False
Cox18,-0.21156138074254083,0.2534937483615903,0.0363468400784406,0.999987547004426,False,False,False
Slc12a8,-0.0470521652557738,0.9724611350867454,0.615156803339451,0.999987547004426,False,False,False
Fbxl21,0.40082353177462726,0.7284622925100002,-0.478355594266392,0.999987547004426,False,False,False
Ntng2,0.478039293890131,0.34578462264260423,-1.26448724393536,0.999987547004426,False,False,False
Tdrd7,0.21664550381902356,0.214513959118527,0.76996434299596,0.999987547004426,False,False,False
Gnptg,-0.35794968621053513,0.010398719351363737,0.145622864636981,0.999987547004426,True,False,False
Prdm4,0.025053758193048926,0.9510262550036227,-0.0994586781541678,0.999987547004426,False,False,False
Eif1,0.1642179008873566,0.15907397652454738,-0.247052816710634,0.999987547004426,False,False,False
Ccdc180,-0.6316851848868968,0.023350709711216104,0.173779734697511,0.999987547004426,True,False,False
Mpv17l2,0.24118089190677794,0.2673985610678961,-0.244711902185173,0.999987547004426,False,False,False
Aldh1b1,0.9793309340736442,2.794380199600288e-12,-0.472849441248595,0.999987547004426,True,False,False
Pcdh17,0.2540760493132975,0.8330430099897577,-0.18946387242721,0.999987547004426,False,False,False
Ankrd11,-0.1065212861787167,0.5079199073709443,0.388338563015744,0.999987547004426,False,False,False
Dcaf10,-0.03973725344998685,0.9081351227604618,-0.0746983925883811,0.999987547004426,False,False,False
Utp6,-0.23095181667521306,0.15887020196456136,-0.225085899991339,0.999987547004426,False,False,False
Fam174c,-0.07860743908498578,0.7798666700232394,-0.338876784944738,0.999987547004426,False,False,False
Mboat7,0.654487712595284,9.181182375428038e-06,-0.2716642402515,0.999987547004426,True,False,False
Prpf39,-0.31005999371072124,0.030396633521139176,0.672939026036384,0.999987547004426,True,False,False
Trmt10b,-0.11563169810966423,0.747629184426085,-0.626697259786654,0.999987547004426,False,False,False
Ric8b,-0.12644764427777067,0.6509939188256393,-0.849936369507164,0.999987547004426,False,False,False
Midn,0.17184331148490245,0.6509939188256393,-0.111922404116259,0.999987547004426,False,False,False
Rsf1,-0.22177869366755684,0.1545342671878042,0.0242803022863729,0.999987547004426,False,False,False
Rubcn,-0.30299129405404873,0.18231412165471886,-0.0542766617779664,0.999987547004426,False,False,False
Grhpr,0.20172708780525297,0.4867394936571331,-0.455905227478286,0.999987547004426,False,False,False
Cbarp,0.8967000393786273,0.0037202615515453566,-0.230072267255146,0.999987547004426,True,False,False
Zswim4,0.5506097759751069,0.03628542549587376,-0.301514863119341,0.999987547004426,True,False,False
Sbno2,0.13060402080191283,0.39133370074494667,-0.236351742152048,0.999987547004426,False,False,False
Ndufa3,0.29541240427969806,0.18284410356278083,-0.384251359632762,0.999987547004426,False,False,False
Tnfsf9,-0.5514871495069894,0.0036107637499108738,-0.135438978866334,0.999987547004426,True,False,False
Melk,-0.26841580359743145,0.2562224539298787,0.453736183192711,0.999987547004426,False,False,False
Rnf38,-0.058641232813345746,0.8165069173139581,-0.151350991562904,0.999987547004426,False,False,False
Arhgap45,-0.09863721039284429,0.5559758759890434,-0.232475076437678,0.999987547004426,False,False,False
Alg8,0.1087479124626915,0.5823320075742748,0.274002196313112,0.999987547004426,False,False,False
Dok3,1.0101849897763773,2.412329311408273e-05,-0.261873651723851,0.999987547004426,True,False,False
Abca7,0.1803220234951027,0.44573326878094643,-0.671877704658814,0.999987547004426,False,False,False
Prkx,0.13567256439522002,0.5045035524500365,0.0052036287607792,0.999987547004426,False,False,False
Supt16,-0.18274476104944593,0.15647968964689102,-0.419765625444199,0.999987547004426,False,False,False
Wdr18,0.40442984628750467,0.0017334699409500352,-0.136197118796827,0.999987547004426,True,False,False
Selenoo,-0.088292304059755,0.7454763881280039,-0.0604699385454532,0.999987547004426,False,False,False
Bbs10,0.14407520889827194,0.8811310006727233,-0.166560377947629,0.999987547004426,False,False,False
Tmem161b,-0.10710817902731551,0.6682616033163891,-0.133523326145168,0.999987547004426,False,False,False
Fbxo45,0.1365136875478003,0.5712544262474052,-0.192176879400732,0.999987547004426,False,False,False
Dym,0.02261557513212322,0.9279169160857534,0.0608608794723491,0.999987547004426,False,False,False
Xylb,-0.20281607197654447,0.8626905788288372,-0.851476432809513,0.999987547004426,False,False,False
Dync1li2,-0.02116508560855726,0.937550904634815,-0.257359030612825,0.999987547004426,False,False,False
Mrps2,-0.20032135048297084,0.27774223588547214,-0.49391976904367,0.999987547004426,False,False,False
Cd99l2,1.5323450518541155,0.016043261969064495,-0.657330692763264,0.999987547004426,True,False,False
Ggta1,0.38304176041138066,0.023227222496465433,-0.259051815194349,0.999987547004426,True,False,False
Cep19,0.8878346016729153,0.00013463006380065137,-0.143582426612386,0.999987547004426,True,False,False
Zdhhc17,-0.32297343809234,0.12681016658601785,0.405209889173007,0.999987547004426,False,False,False
Tk2,-0.1013571678876056,0.6602203988377326,-0.351738195671781,0.999987547004426,False,False,False
Pim3,1.0145804990334923,7.566678864330342e-11,-0.204161331571357,0.999987547004426,True,False,False
Polr3g,-0.558839610859715,0.03293111448506653,-0.146343888447096,0.999987547004426,True,False,False
Lysmd3,0.10683387464282774,0.6694797019491933,-0.0767231108306081,0.999987547004426,False,False,False
Ddx11,-0.03577394894033525,0.9440314278579621,0.147803433545497,0.999987547004426,False,False,False
Alg12,-0.295241774309897,0.26086992798910225,-0.092637243046795,0.999987547004426,False,False,False
Ids,-0.030839030283651547,0.8887451052675347,0.176804379288595,0.999987547004426,False,False,False
Krt222,0.26670749835712854,0.7494714925898532,-0.79778183766181,0.999987547004426,False,False,False
Ythdc1,-0.17290991343459045,0.24231471726244633,0.0735464815214133,0.999987547004426,False,False,False
Palm,0.6472404522521806,0.0005241194307913788,-0.332430452547545,0.999987547004426,True,False,False
Zfp983,-0.08901482115210835,0.7988713676910661,-0.0839333548218821,0.999987547004426,False,False,False
Zhx3,-0.32183635609971695,0.3285088713730007,-0.455771052984407,0.999987547004426,False,False,False
Hykk,-0.6495822139054074,0.265375889946346,-0.376409246845123,0.999987547004426,False,False,False
Cox8a,0.057117464406845175,0.8171986550135557,-0.0649950173847635,0.999987547004426,False,False,False
Rnf126,0.2678079232721827,0.25406664136011986,-0.344825888450825,0.999987547004426,False,False,False
Cerk,0.49130946243231405,0.00016517477324123458,-0.325036211069633,0.999987547004426,True,False,False
Uba6,0.02270905332557324,0.937550904634815,-0.0837333867826846,0.999987547004426,False,False,False
Gramd4,0.5403920948489926,0.004161410239525666,-0.735778896906882,0.999987547004426,True,False,False
Dennd5a,0.34328376722615966,0.013145846623110764,0.72066253959719,0.999987547004426,True,False,False
Cd276,-0.41066222942857006,0.6843770874532856,0.129147329183597,0.999987547004426,False,False,False
Bbs9,-0.06279413050184804,0.8162571522292135,0.0582365390095285,0.999987547004426,False,False,False
H2-Q4,-0.29826608537549437,0.324042857047415,-0.192363721704249,0.999987547004426,False,False,False
Aldh5a1,-0.43371360825622624,0.6801800103978473,-0.553174477814258,0.999987547004426,False,False,False
Ibtk,-0.3014486537953772,0.1136666311652636,-0.0259986690686151,0.999987547004426,False,False,False
Ttc38,-0.4111403888185817,0.0837109134150221,-0.322198156292878,0.999987547004426,False,False,False
Fbxw2,0.14426196894258336,0.2815491928692016,0.077443720581404,0.999987547004426,False,False,False
Dock4,-0.14457996809354856,0.42965436539810176,-0.811666623801374,0.999987547004426,False,False,False
Ints6l,0.2556905715300801,0.20942066944005244,-0.648209703191577,0.999987547004426,False,False,False
Fnip1,-0.3332542123427709,0.1075173883952093,0.143272854170961,0.999987547004426,False,False,False
Ripor2,-1.0981842051263848,8.162124609260038e-17,-0.465076733169431,0.999987547004426,True,False,False
Tmtc2,-0.06413520297780805,0.9173334588481596,0.492939018967614,0.999987547004426,False,False,False
5031439G07Rik,0.09625897327882474,0.5930315941971409,0.275395431768839,0.999987547004426,False,False,False
Dnajb5,0.0077081858640251555,0.9867314870351778,-0.282832844224224,0.999987547004426,False,False,False
Fmnl2,-0.0860796150382324,0.8401339869569172,-0.545572431502782,0.999987547004426,False,False,False
Ptpn23,-0.3228371426686603,0.377970352946716,-0.771119440824436,0.999987547004426,False,False,False
Smug1,-0.44161408837265836,0.177309216618782,-0.326562022888423,0.999987547004426,False,False,False
Phf24,0.27574894435476804,0.7845394253408048,0.130377888029527,0.999987547004426,False,False,False
Slc2a6,-0.009774644666193499,0.9810900168727218,0.118701019031672,0.999987547004426,False,False,False
Galt,-0.04687000899999196,0.8522563416774248,0.0112361737679487,0.999987547004426,False,False,False
Sigmar1,0.1957469724915171,0.28588727127112995,-0.40184852621224,0.999987547004426,False,False,False
Zranb3,-0.14644019939528607,0.7591703097040613,-0.118354696622161,0.999987547004426,False,False,False
Slain2,0.0884558348853757,0.7001595768373712,-0.0550397392291817,0.999987547004426,False,False,False
Hyal3,-0.058658702434618994,0.969509904569886,-0.175031016279323,0.999987547004426,False,False,False
Arl5a,0.28571041491317223,0.06630928834289726,0.827309737177247,0.999987547004426,False,False,False
Slf2,-0.02303001298969883,0.9244340577772963,-0.0865337638751456,0.999987547004426,False,False,False
Myrf,-0.16576203581240526,0.8780743788686124,-0.440002778711235,0.999987547004426,False,False,False
Vezt,-0.4101737550797372,0.13901615084946103,-0.0532297380616829,0.999987547004426,False,False,False
Mbnl3,-0.7405438948150898,0.0010075567844645395,0.179816072993733,0.999987547004426,True,False,False
Lmo1,1.8655322730785386,0.00037463141721140247,-0.944394837919682,0.999987547004426,True,False,False
Metap2,0.368260871851431,0.000914592300004753,-0.401021285050914,0.999987547004426,True,False,False
Rpp25l,-0.2948950865855395,0.14740769145366894,-0.250643374759009,0.999987547004426,False,False,False
Rfxank,0.14305380215494173,0.45969264579633756,-0.167809830062226,0.999987547004426,False,False,False
Acaa1a,0.14728237751748707,0.2951276542561723,0.183517493347892,0.999987547004426,False,False,False
Hoxc9,-0.13559173167821817,0.7627751748148854,0.441687010665626,0.999987547004426,False,False,False
Mgat5,0.10233558692276337,0.7541461137198591,-0.708051383135665,0.999987547004426,False,False,False
Pphln1,0.030322583617568222,0.9085461878151344,-0.467382593182685,0.999987547004426,False,False,False
Ccdc38,-0.6483712669453623,0.2535872296303303,0.41960949643861,0.999987547004426,False,False,False
Cd200r3,-1.2486821686658858,0.019596470630055995,0.773943996132391,0.999987547004426,True,False,False
Gatad2a,0.09131696252581951,0.6331234651889002,-0.226710314429589,0.999987547004426,False,False,False
H1f2,-0.1317640080649392,0.5662671202043383,-0.062243334846392,0.999987547004426,False,False,False
Ankmy2,-0.004667960994719895,0.9866642934350298,-0.0250420063746084,0.999987547004426,False,False,False
Slc26a8,0.547897342329652,0.603147123435202,-0.320137775934496,0.999987547004426,False,False,False
Gxylt1,-0.09996842693434388,0.6434293235679602,0.892530076281842,0.999987547004426,False,False,False
Rif1,-0.17092941571475292,0.2734788040777119,-0.553233279723499,0.999987547004426,False,False,False
Sh3bp4,0.4505521190631701,0.11855387772529395,-0.35245629246621,0.999987547004426,False,False,False
Nepro,-0.5287832811803668,0.06804027053401278,-0.475384022130565,0.999987547004426,False,False,False
Ska1,-0.3177870551129748,0.2915197104785405,-0.0502864126056002,0.999987547004426,False,False,False
Ube2r2,0.35187494333511415,0.004329178490482453,-0.340310102113692,0.999987547004426,True,False,False
Gmip,-0.12398977846178647,0.4804576916522408,-0.148390649637134,0.999987547004426,False,False,False
Igfbp7,0.33207642964564665,0.9097844233979597,-0.632673834685209,0.999987547004426,False,False,False
Edc4,-0.054651360537326284,0.8540455214197306,-0.0474515059794838,0.999987547004426,False,False,False
Lrrk2,-0.3980201874047069,0.0022251292828628444,0.683493697375182,0.999987547004426,True,False,False
9530068E07Rik,0.27875596796782676,0.029740900241741957,-0.318676161514022,0.999987547004426,True,False,False
Macrod1,0.9023136354021691,0.015279944179321077,-0.530263210528166,0.999987547004426,True,False,False
Snapc4,0.029596075109991037,0.9516177990325605,-0.0033447733206628,0.999987547004426,False,False,False
Naa30,-0.04467258013529429,0.8880287506012291,-0.138316937587792,0.999987547004426,False,False,False
Noa1,0.21870083899048914,0.373873061775102,-0.104330863221828,0.999987547004426,False,False,False
Gramd1c,0.32716283123995166,0.4005965874254844,0.186789056294738,0.999987547004426,False,False,False
BC031181,0.24199000324073494,0.024093288852368618,-0.0380202251701007,0.999987547004426,True,False,False
Zdhhc23,-0.47329945617172,0.11687017969260519,0.282813708114655,0.999987547004426,False,False,False
Lzts1,-0.47666393021355746,0.24413012996053365,0.61203439949004,0.999987547004426,False,False,False
Skp1,0.14404085290990135,0.2246134488433798,-0.11985608647832,0.999987547004426,False,False,False
Polr1h,-0.1487603089626981,0.41338691129700195,-0.452026456161826,0.999987547004426,False,False,False
H2-Ea,-0.2186206047610852,0.7885952612554327,-0.545952890656514,0.999987547004426,False,False,False
Srp72,-0.07594225960371634,0.7067590546117085,0.0678939531920237,0.999987547004426,False,False,False
Qsox2,-0.2564860020095068,0.6197230894535035,-0.708890402582088,0.999987547004426,False,False,False
Slc18a1,-0.36615261368047924,0.48864776674683935,0.063653272411428,0.999987547004426,False,False,False
Kidins220,-0.328415545531162,0.053292479882411425,-0.014074071493595,0.999987547004426,False,False,False
Tmem260,-0.10487681246335093,0.6892461933427805,-0.484890023400841,0.999987547004426,False,False,False
Ubac1,0.04900279520712722,0.8412577593929041,-0.441049139938586,0.999987547004426,False,False,False
P2ry12,0.9068643095773121,0.00038155119498603556,0.310836370572328,0.999987547004426,True,False,False
P2ry13,1.1553196030737334,4.560497227358792e-06,0.542624129336593,0.999987547004426,True,False,False
P2ry14,0.20000960720326674,0.6333950180743319,0.091108994559943,0.999987547004426,False,False,False
Gadd45a,0.7419650667265997,0.0003004124580817594,-0.500813416479504,0.999987547004426,True,False,False
Sec24a,0.03197298629167714,0.9209236403136564,-0.28787373643345,0.999987547004426,False,False,False
Glb1l2,-0.2581157758718651,0.8228781441822827,-1.25036117551475,0.999987547004426,False,False,False
Ppp1r11,-0.20736657248096646,0.08653837100582353,0.126786382922793,0.999987547004426,False,False,False
Gng12,1.3937575595586082,2.750909200293199e-11,-0.280508104894005,0.999987547004426,True,False,False
Cep135,-0.40720250117119594,0.07790721982204041,-0.91859959113636,0.999987547004426,False,False,False
Arsi,1.944324152906168,0.034553258864263046,-0.581476233979176,0.999987547004426,True,False,False
Gpi1,0.009086125806052725,0.9636145321714091,-0.458412186319465,0.999987547004426,False,False,False
Tbcc,0.027417803878362804,0.9300663722218261,-0.259109127493094,0.999987547004426,False,False,False
Siah2,0.5780370807126385,1.3572175077781694e-05,-0.165746437610693,0.999987547004426,True,False,False
Exoc1,0.10947805866082638,0.6721563403060608,-0.21826675068978,0.999987547004426,False,False,False
Calm2,0.2579573243201181,0.00898219105778487,-0.137870035279462,0.999987547004426,True,False,False
Thap11,-0.1047872327849576,0.7494714925898532,-0.168332528026642,0.999987547004426,False,False,False
Hif1an,-0.017396346626219288,0.9555766311746674,-0.507663923892,0.999987547004426,False,False,False
Arhgap26,-0.7908310988845348,2.0461066204809954e-06,0.249061937565305,0.999987547004426,True,False,False
Wtip,0.5443061698066699,0.6003322488271331,-0.0509630122525073,0.999987547004426,False,False,False
Tbc1d24,-0.061383344583580496,0.9081790261227647,-0.341617822646857,0.999987547004426,False,False,False
Btg1,-0.6640604701278636,2.211639918511605e-09,-0.0238833589698837,0.999987547004426,True,False,False
Eea1,0.1985455299835631,0.32138287513947017,-0.464958009817451,0.999987547004426,False,False,False
Fam13b,-0.006657338510120426,0.9806415157523912,-0.123376524777072,0.999987547004426,False,False,False
Rnf13,-0.1689246448041705,0.19750705080433117,-0.156054818587322,0.999987547004426,False,False,False
Commd2,-0.030512919501429227,0.8949585320235067,-0.321830928496041,0.999987547004426,False,False,False
Card11,-0.8765845296717054,2.4640634790390367e-14,-0.291325639658749,0.999987547004426,True,False,False
Ppfibp2,-0.24311995906263073,0.1162173266991134,-0.386539148835551,0.999987547004426,False,False,False
Sbf1,-0.47476196955514544,0.00010491736328253838,0.0163582841007344,0.999987547004426,True,False,False
Cdc42ep3,0.010895412765155614,0.9606701205108513,-0.180401385950283,0.999987547004426,False,False,False
Slc38a7,-0.230850588387301,0.6711572164723322,-0.262795090635307,0.999987547004426,False,False,False
Adamts2,0.10553606406958803,0.8626905788288372,-0.509204983853815,0.999987547004426,False,False,False
Cnot1,-0.27417584052821625,0.11361838444012182,-0.0893951263090358,0.999987547004426,False,False,False
Iqce,0.2797426010897926,0.2879742163473575,-0.47277561227841,0.999987547004426,False,False,False
Ppp6r2,-0.43300759586964505,0.1042062908996231,-0.573198113037859,0.999987547004426,False,False,False
Ttyh3,0.26964369053636067,0.08119737916924742,-0.60817688601395,0.999987547004426,False,False,False
Bicral,-0.25731774740893704,0.36345424591206427,0.28160598333379,0.999987547004426,False,False,False
Upf3b,-0.16661059741718603,0.39321141083731703,-0.218831218546496,0.999987547004426,False,False,False
Fut7,-0.041382883936309955,0.9211619694188147,-0.266424459438547,0.999987547004426,False,False,False
H2-Aa,0.08352704671572171,0.5695649414851093,-0.278108822054647,0.999987547004426,False,False,False
Chst12,0.6254000561073205,0.00011657707072183937,-0.593322690929249,0.999987547004426,True,False,False
Plxnb2,0.32721876113360765,0.0362897332241998,-0.406343022318223,0.999987547004426,True,False,False
Eepd1,-0.011486694171958972,0.9743388376378656,0.437158023410224,0.999987547004426,False,False,False
Eipr1,0.11536897619549867,0.5512425074231857,-0.0685123268767507,0.999987547004426,False,False,False
Rfxap,0.04868847687217202,0.8312570827211389,-0.280062434744045,0.999987547004426,False,False,False
Mgat4b,0.6424107965554908,0.00246900403409517,-0.218766056387041,0.999987547004426,True,False,False
Atp13a2,-0.37058589248726753,0.028979943755782382,-0.0257918802819628,0.999987547004426,True,False,False
Clcn7,0.09478074702885932,0.7403426997351739,-0.452810753681841,0.999987547004426,False,False,False
Nudt1,0.3326545739137624,0.09440751201954517,-0.554707989921363,0.999987547004426,False,False,False
Ccdc148,0.9076052177947305,0.29140709934865405,-0.0330009112615368,0.999987547004426,False,False,False
Tbc1d9b,0.018808675359001683,0.9474554188461275,-0.249410689282846,0.999987547004426,False,False,False
Dennd3,-0.3268071429466654,0.05539907113735817,-0.729915992036823,0.999987547004426,False,False,False
Cenpt,0.5512132879809288,0.020391317164095046,0.0453647906446255,0.999987547004426,True,False,False
Tmtc3,0.251550625990191,0.6243699864594348,-0.682828953232947,0.999987547004426,False,False,False
Aaas,0.0011350118867515658,0.9960089979534987,-0.112730877578219,0.999987547004426,False,False,False
Cc2d1a,-0.005022164653210906,0.9907654313396134,-0.167093617020683,0.999987547004426,False,False,False
Ago2,-0.23782552385862785,0.14895803020650622,0.34267221947864,0.999987547004426,False,False,False
Cab39,-0.06888635980357474,0.7179256449094036,0.520312748287536,0.999987547004426,False,False,False
Cyld,-0.07723413377758968,0.6431378199104341,-0.106089704302551,0.999987547004426,False,False,False
Zscan12,-0.21890551357786203,0.6086640062583545,-0.003699210871642,0.999987547004426,False,False,False
Rbm42,0.2958000097692372,0.02345723400893065,-0.297792671954947,0.999987547004426,True,False,False
Psma8,-0.0759430854597983,0.8785481248674668,0.0954208176557558,0.999987547004426,False,False,False
Cox6b1,0.13521013473872792,0.47051101298786835,-0.142577339978073,0.999987547004426,False,False,False
Kif15,-0.27565074551178725,0.22369421254587463,-0.206484518047481,0.999987547004426,False,False,False
Wdr44,-0.5712017803334871,0.00018743805235833455,-0.370969558922567,0.999987547004426,True,False,False
Decr2,-0.17350465880999202,0.4201639552022286,-0.113013486413356,0.999987547004426,False,False,False
Anln,-0.15929214967785682,0.669236970230596,0.209203584317622,0.999987547004426,False,False,False
Tent4b,0.09724445695731136,0.6869267098626461,-0.319383726627169,0.999987547004426,False,False,False
Rps27l,0.3298172804945625,0.03178637074779384,0.286863719422508,0.999987547004426,True,False,False
Mbd5,-0.20441360089999916,0.49725788348071276,0.66567679722273,0.999987547004426,False,False,False
Sun1,-0.0362804878706476,0.9225554426306357,-0.357958101663312,0.999987547004426,False,False,False
Jmjd4,-0.9895066086008807,0.00023433463046610868,0.420849401242176,0.999987547004426,True,False,False
Amdhd2,0.29915887425694704,0.03248900628021141,-0.27052317257567,0.999987547004426,True,False,False
Topors,0.06850625981173877,0.7749433520074338,-0.221003290418427,0.999987547004426,False,False,False
Ssx2ip,0.6685233817795035,0.08993133279771424,0.363611751935769,0.999987547004426,False,False,False
Lpar3,-0.9834892167161523,2.491630897799967e-06,0.852237439243299,0.999987547004426,True,False,False
Psenen,-0.019957677763497085,0.9321131286576216,-0.385503837799948,0.999987547004426,False,False,False
Siah1a,-0.07101628475107745,0.8165040955389056,0.0305523149084932,0.999987547004426,False,False,False
Lin37,0.10163907184579156,0.5716594646059201,-0.0680827964604118,0.999987547004426,False,False,False
Mrpl41,0.18477867422030853,0.22915145282986193,-0.111950686291113,0.999987547004426,False,False,False
Proser3,0.0701677252696701,0.9188232794931567,-0.323385182258402,0.999987547004426,False,False,False
2410004B18Rik,0.15431894218246095,0.41022732345677576,-0.463508180166667,0.999987547004426,False,False,False
Dna2,-0.4563379550807299,0.0015940238094899785,-0.398146766261781,0.999987547004426,True,False,False
Arhgap33,-0.6200284706630027,0.47067050687406464,-0.227784410776103,0.999987547004426,False,False,False
C1qa,0.5530430131058703,0.1839142120982077,-0.192839296619145,0.999987547004426,False,False,False
Gtdc1,-0.7495160643313199,0.015323839487210002,-0.301172725755854,0.999987547004426,True,False,False
Ehmt1,-0.05120169885744168,0.822763680191755,0.290705882993971,0.999987547004426,False,False,False
C1qc,0.7968302987090891,1.6457702245396137e-05,-1.41443020093985,0.999987547004426,True,False,False
Zfp157,-0.24273314822567202,0.29092274433112486,-0.19514158992515,0.999987547004426,False,False,False
Neto2,-0.7955493653412654,0.2682769179250288,-0.379431972355837,0.999987547004426,False,False,False
C1qb,0.7465606224157466,0.0600887847692705,-1.1542696742457,0.999987547004426,False,False,False
Unc93b1,-0.13562866836319337,0.3504820442800036,-0.946244705117314,0.999987547004426,False,False,False
Piwil4,0.45301669360259283,0.17791780887565126,0.042823113629491,0.999987547004426,False,False,False
Trim67,-0.07408934670168744,0.9511676906016775,0.101751193802603,0.999987547004426,False,False,False
Zfp280c,0.0017310879726442976,0.9968028550036951,-0.0791499467799204,0.999987547004426,False,False,False
Ttc7,0.15289735726348533,0.3434056103372658,-0.0387029113924662,0.999987547004426,False,False,False
Stox1,-1.4073837815539123,0.010997547958715556,-0.718355677609478,0.999987547004426,True,False,False
Stag3,1.073712010479145,0.02137942830751147,-0.367907110896242,0.999987547004426,True,False,False
Nfkbid,0.058927596900446064,0.7875349247762187,-0.194790454303281,0.999987547004426,False,False,False
Aifm1,0.01511933651592833,0.9523937480246344,-0.109275024144752,0.999987547004426,False,False,False
4921524J17Rik,0.04559634104269874,0.8626905788288372,-0.225890031628013,0.999987547004426,False,False,False
Kdm1a,0.08271671064170207,0.715687165967523,-0.340909488974675,0.999987547004426,False,False,False
Elac1,-0.5007759066202103,0.00443663026920309,-0.404727874455302,0.999987547004426,True,False,False
Rab8b,-0.2803779358128067,0.05079186393742567,0.652215385779577,0.999987547004426,False,False,False
Tmem71,0.26448917549373757,0.38852407790209503,-1.0910219795543,0.999987547004426,False,False,False
Trappc14,-0.1611246603026958,0.6370934885547777,-0.35152404824413,0.999987547004426,False,False,False
Kifbp,-0.010098934775323051,0.971018126539212,0.0276156656100897,0.999987547004426,False,False,False
Tmem177,-0.03409346143833022,0.9451724024147738,0.0289703001531993,0.999987547004426,False,False,False
Anapc10,-0.03420886171522161,0.875695288222595,-0.405568059860249,0.999987547004426,False,False,False
Taf6,0.0744682561075395,0.7399664290987279,-0.216346010539495,0.999987547004426,False,False,False
Tfb1m,-0.2630186658278595,0.32141670128018396,-0.109459340103125,0.999987547004426,False,False,False
Zdhhc9,0.5329405184004242,0.00058069514755074,0.146967709493935,0.999987547004426,True,False,False
Pml,-0.09121832637690873,0.8363537329430177,-0.208783944143501,0.999987547004426,False,False,False
Trim3,0.7041882728179031,0.0028628284241295886,-0.0664219940024742,0.999987547004426,True,False,False
Otud4,-0.5195327497610888,0.012990418616501444,-0.0671760340065291,0.999987547004426,True,False,False
Nxt1,-0.2699716783597219,0.06708136361463388,-0.062752338245561,0.999987547004426,False,False,False
Asap3,1.1874273987073407,0.10587191631583415,-0.498023134528557,0.999987547004426,False,False,False
Zfp39,-0.41100542620797875,0.2063652464811205,-0.447235073897136,0.999987547004426,False,False,False
Zfp113,-0.4823147140964357,0.065186727463122,-0.568473121298513,0.999987547004426,False,False,False
Ss18,0.031073544596493394,0.8888894485436352,0.18908203815147,0.999987547004426,False,False,False
Zscan21,-0.06584748475986403,0.8562491189248967,-0.341415351414565,0.999987547004426,False,False,False
Wdr62,0.40744953420190555,0.4407775305026275,-0.346477179800859,0.999987547004426,False,False,False
Mmaa,-0.599510676098274,0.007262265991373566,-0.526407746161604,0.999987547004426,True,False,False
Tspan15,0.35627638868242023,0.5421005158979597,-0.83950119181243,0.999987547004426,False,False,False
Smpd1,-0.1384822152274295,0.6904360438776775,-0.335142680906797,0.999987547004426,False,False,False
Paip2,0.15167396605438452,0.26067706549398945,0.0930184957609121,0.999987547004426,False,False,False
Sh3glb1,0.033003907173738065,0.8469354820689313,-0.809911619218276,0.999987547004426,False,False,False
Scd1,0.5817953863684052,0.060043707128447706,-0.324579950443979,0.999987547004426,False,False,False
Selenof,0.02198694955435241,0.8987221822973342,0.0497317965053394,0.999987547004426,False,False,False
Rnf139,0.07636387739814103,0.6939253419930481,0.0465460283211989,0.999987547004426,False,False,False
Trmt12,-0.6324821084071213,0.025858469407978556,-0.501555378729099,0.999987547004426,True,False,False
Slc35b2,0.2781641877728061,0.04762160601865905,0.0574626181567366,0.999987547004426,True,False,False
Dcaf15,0.09986710383785348,0.797528413222914,-0.471563100710123,0.999987547004426,False,False,False
Socs5,-0.009431928206486216,0.985325601867215,1.24708738564575,0.999987547004426,False,False,False
Ralgapa2,-0.18808281494813586,0.6418290667653722,0.400474082987287,0.999987547004426,False,False,False
Sik2,-0.09818198765191585,0.6744008255374743,0.22512300664511,0.999987547004426,False,False,False
Fam91a1,0.015419028713788138,0.9604623751640087,0.296102969477591,0.999987547004426,False,False,False
Prmt9,0.04667371415704337,0.893936189422312,0.367252704955657,0.999987547004426,False,False,False
Aff3,-1.1148519740217897,0.10616059219203622,0.292246316919603,0.999987547004426,False,False,False
Cfap61,-0.731285660325564,0.17450552311962755,0.0543813601422949,0.999987547004426,False,False,False
Ddx1,0.07619356267214816,0.7067842267369744,0.388874703910723,0.999987547004426,False,False,False
Lrrc20,0.10799551049239889,0.8038466138160534,-0.565821872726431,0.999987547004426,False,False,False
Ndufc1,0.10426106643648629,0.6918085976917987,-0.168903235502001,0.999987547004426,False,False,False
Ppp1r14a,-0.32401190106603284,0.02146639747197925,-0.360539580537366,0.999987547004426,True,False,False
Dennd11,0.7220965451594269,0.008261608145849756,-0.160835767224677,0.999987547004426,True,False,False
Elf2,-0.011433409107655914,0.9604472811133129,-0.218796551602874,0.999987547004426,False,False,False
Krt80,0.6318430736250827,1.5516506290971448e-07,-0.543870922759393,0.999987547004426,True,False,False
Cyb561d2,0.41564652745359354,0.001540289438383169,-0.285616677853896,0.999987547004426,True,False,False
Rbm17,0.11597078876619056,0.4510324738466121,-0.245225164983403,0.999987547004426,False,False,False
Atg101,0.29714914166473594,0.04361595200180555,0.143333834931557,0.999987547004426,True,False,False
Fam193a,-0.1971617764171432,0.5188521504458317,-0.28396457016366,0.999987547004426,False,False,False
Thap1,0.0129277272829614,0.976336811370446,-0.106805910337412,0.999987547004426,False,False,False
Lipt1,-0.5609597715851216,0.34617271911146197,-0.464997592333672,0.999987547004426,False,False,False
Mospd3,0.5185198828105543,0.00045434153702716805,-0.209187162162914,0.999987547004426,True,False,False
Zfyve28,-0.10103811716918579,0.8177872340980976,-0.967469180927139,0.999987547004426,False,False,False
Fgf2,0.05191875290196088,0.9611197439192651,-0.528558682163555,0.999987547004426,False,False,False
Hook3,0.04806797854546371,0.8250922774777069,-0.641246813542633,0.999987547004426,False,False,False
Matr3,-0.20111639029297163,0.12163525685933424,-0.178856499957892,0.999987547004426,False,False,False
Spred3,0.26537913927321416,0.635829592753924,-0.233442798607786,0.999987547004426,False,False,False
Clic4,0.068657471389774,0.7143788170540443,0.672450043196328,0.999987547004426,False,False,False
Zfp692,-0.22197081106256997,0.4123460594108368,-0.177189370116479,0.999987547004426,False,False,False
Pomk,-0.04765042157191617,0.909537717881667,-0.249592413561587,0.999987547004426,False,False,False
Aagab,-0.024144388663514545,0.9192319474260423,-0.171491603520543,0.999987547004426,False,False,False
Dzank1,-0.3200500319428947,0.65396862125001,-0.0907282896218726,0.999987547004426,False,False,False
Hgsnat,0.4623338217745079,0.010328330065297204,-0.214310293541168,0.999987547004426,True,False,False
Kin,-0.08869637565002081,0.6839907435443516,0.226681715224376,0.999987547004426,False,False,False
Rsrp1,-0.04389782427124081,0.8566202715472785,-0.307210595663396,0.999987547004426,False,False,False
Gemin5,-0.0764076752466856,0.8684597569669913,-0.379540636403885,0.999987547004426,False,False,False
Tmem97,0.4064958972765697,0.02490391166092926,-0.41565689659809,0.999987547004426,True,False,False
Galnt6,-0.20648612445636014,0.5592904019769315,-0.440068868131737,0.999987547004426,False,False,False
Ldlrap1,0.48986516108508144,0.1146611597735297,-0.960122447397012,0.999987547004426,False,False,False
Ttc13,0.10969128200102625,0.6570030615675081,-0.374000368040265,0.999987547004426,False,False,False
Man1c1,0.40562604076759656,0.2829015698464624,-0.201716929339942,0.999987547004426,False,False,False
Jade3,-0.06787779340447421,0.9169672793840236,-0.185854386708818,0.999987547004426,False,False,False
Bag4,0.09606062096937536,0.6850103762569304,-0.20299837635126,0.999987547004426,False,False,False
Traf3ip3,-0.2561860086989542,0.09849933777036042,0.104089089695176,0.999987547004426,False,False,False
Tap1,-0.10788696265707369,0.4748273022847672,-0.78431335911649,0.999987547004426,False,False,False
Bbs7,-0.2119783131783828,0.779324156893635,-0.322743863178474,0.999987547004426,False,False,False
Capn15,-0.13905451614797784,0.6830434614878422,0.398898423257305,0.999987547004426,False,False,False
Larp1,0.13884997842620556,0.42603872328532244,-0.198273873672165,0.999987547004426,False,False,False
Mfsd2b,0.8578776161991915,0.40181103577571176,-0.577355307959916,0.999987547004426,False,False,False
Map4k1,0.06546308802344061,0.7331563563104613,-0.426291374923288,0.999987547004426,False,False,False
Fam53a,0.14557818639080192,0.46087472711464617,-0.35299734111266,0.999987547004426,False,False,False
Slc9a7,-0.3873554573863146,0.027572654148309193,-0.335400833395521,0.999987547004426,True,False,False
Taf2,-0.04670998410555688,0.8876809628671573,-0.256080201380911,0.999987547004426,False,False,False
Slc12a9,-0.11995254145022424,0.5974486582031037,-0.115953931291664,0.999987547004426,False,False,False
Chst7,0.49035826316428627,0.12287979863518703,0.546260749273573,0.999987547004426,False,False,False
Paqr7,0.21010904366330738,0.5844932704517276,0.180790865936471,0.999987547004426,False,False,False
Actr1b,-0.14614138307337327,0.3512675453906551,0.688280301496002,0.999987547004426,False,False,False
Letmd1,-0.016355691360128568,0.9604623751640087,-0.0815420608888537,0.999987547004426,False,False,False
Uvssa,-0.1351476607763689,0.6814689687890438,-0.681442653785904,0.999987547004426,False,False,False
Sf3b6,0.0855679435970223,0.644696335947483,-0.137146516394499,0.999987547004426,False,False,False
Letm2,-0.2947882005662274,0.1759898893807882,-0.134735390589363,0.999987547004426,False,False,False
Srrt,-0.0448471366793944,0.8505247427132486,-0.269249516685093,0.999987547004426,False,False,False
Pafah2,-0.9639591411451103,0.2666633549659081,-0.391813758378216,0.999987547004426,False,False,False
Kdm6a,-0.3550931989042947,0.04117802257749922,-0.293754290174051,0.999987547004426,True,False,False
Enpp1,0.6821718685942166,0.10453325629789964,-0.469342753197537,0.999987547004426,False,False,False
Ctbp1,0.20529723999925162,0.23941571210229556,-0.167187882586953,0.999987547004426,False,False,False
Hhat,-0.6504345161914519,0.08481287205964057,-0.25613491579169,0.999987547004426,False,False,False
Trmt6,-0.15043003631916346,0.4443334615828011,-0.0685041570685598,0.999987547004426,False,False,False
Rims2,0.09812940983969543,0.9229348053929266,0.267923094949221,0.999987547004426,False,False,False
Rcor3,0.20708534261516215,0.5230683360944154,-0.114799466842299,0.999987547004426,False,False,False
Atp11b,0.20103648273751548,0.18646562730257843,-0.575716384709547,0.999987547004426,False,False,False
Icam1,-0.03123508568813527,0.8982253818413249,-0.176403630705886,0.999987547004426,False,False,False
Tbc1d2b,0.7501389420906922,0.00023697789700239844,-0.294246461963082,0.999987547004426,True,False,False
Ranbp10,-0.516025705676078,0.00650912541148811,0.305172096171709,0.999987547004426,True,False,False
Dmxl1,-0.38079730912453497,0.05189648605901517,0.128275533743127,0.999987547004426,False,False,False
Best1,0.03594261520198888,0.9355150277827982,-0.231676218243939,0.999987547004426,False,False,False
Depdc5,-0.24044231014766246,0.3264917405517782,0.0972934969853458,0.999987547004426,False,False,False
Slc30a1,0.6776726756478985,0.010361515836293985,-0.261773380863546,0.999987547004426,True,False,False
Cep85,0.5021312088654596,0.03612247569063304,-0.445199496300931,0.999987547004426,True,False,False
Arid5a,0.9516319658636337,3.990382897471568e-11,0.0765435876165528,0.999987547004426,True,False,False
Azin1,-0.10903914124895914,0.4650296500570681,0.15833509743654,0.999987547004426,False,False,False
Ints7,-0.3317945761238622,0.0734764940274697,-0.0513336982732522,0.999987547004426,False,False,False
Klf10,0.8938897184617398,2.5343962074289778e-11,-0.484823053667124,0.999987547004426,True,False,False
Tedc1,-0.13683227236177062,0.8240075967999684,-0.0797642826532936,0.999987547004426,False,False,False
Asxl2,-0.31652795067424355,0.02360682685313206,-0.117346520230674,0.999987547004426,True,False,False
Cib2,0.38901235298403913,0.14740769145366894,-0.678398232426389,0.999987547004426,False,False,False
Nenf,-0.06921229876529811,0.817395759229771,-0.289708585583522,0.999987547004426,False,False,False
Fam168b,-0.13031056787870055,0.4706079948244928,0.331016069461889,0.999987547004426,False,False,False
Pank2,-0.10184429982444722,0.5803140536882114,0.293463382025028,0.999987547004426,False,False,False
Ppfia1,0.06257908304627043,0.8082800046609122,-0.314657389083047,0.999987547004426,False,False,False
Mavs,0.2276341051416552,0.25379814155416613,-0.121185437877649,0.999987547004426,False,False,False
Bcdin3d,-0.7213939647087211,0.13455487271978656,-0.525300727087276,0.999987547004426,False,False,False
Atg14,-0.03148440508538314,0.9192319474260423,0.0708759476157979,0.999987547004426,False,False,False
Rapgef6,-0.39660535481310827,0.000396202777283172,-0.104336446554353,0.999987547004426,True,False,False
Fbxo34,0.1576454678106981,0.535564563876493,-0.0320384570306489,0.999987547004426,False,False,False
Dlgap5,-0.6242659589628192,0.0006280770828252037,0.0703957752844495,0.999987547004426,True,False,False
H2-DMb2,0.23092879026403243,0.023938768528615192,0.0710165198585262,0.999987547004426,True,False,False
Zdhhc18,0.4274644073388388,0.00436174292533281,-1.28178442015198,0.999987547004426,True,False,False
Rps16,0.07381091912054145,0.7291928148749905,-0.339191378120762,0.999987547004426,False,False,False
Mcrs1,0.1961666706675078,0.22762829996665523,-0.230459736546944,0.999987547004426,False,False,False
Wdhd1,-0.14387542266807068,0.6121789017677859,0.0441866022965813,0.999987547004426,False,False,False
Gch1,0.6200976116994387,5.906772477545793e-06,0.354062274214382,0.999987547004426,True,False,False
Nme1,0.0915676948474563,0.5851900535083603,0.121793226656376,0.999987547004426,False,False,False
Adgrl3,-0.9650825511435852,5.478887185668595e-10,-0.142663624132022,0.999987547004426,True,False,False
Osbpl5,1.2953127945397445,0.012331361733325896,-2.50115290283039,0.999987547004426,True,False,False
Bclaf1,-0.07834305814924859,0.6602203988377326,0.0729443923748967,0.999987547004426,False,False,False
Tnfrsf23,0.032447750730988635,0.937550904634815,-0.604717295826384,0.999987547004426,False,False,False
Wdtc1,0.6067173066133698,0.2250144806497115,-0.429117270817232,0.999987547004426,False,False,False
Cdkn3,0.0995729327325814,0.811299561764406,-0.654047705307744,0.999987547004426,False,False,False
Slc25a43,0.1587434707234184,0.7713071741418223,-0.356661383943946,0.999987547004426,False,False,False
Zbtb42,-0.02974981872088021,0.9754968473428342,-0.374844686295,0.999987547004426,False,False,False
Zfp60,-0.4386178444860612,0.028545220552211578,-0.895979887648985,0.999987547004426,True,False,False
Prkci,0.3267116926836794,0.2562224539298787,-0.205611067182765,0.999987547004426,False,False,False
Vps13b,-0.560861674394408,0.0054351710855853235,0.110682645464653,0.999987547004426,True,False,False
H2-DMa,0.22442130556838896,0.057166018566214144,-0.266812127473822,0.999987547004426,False,False,False
Phc3,-0.3819593193700982,0.032728537150856434,-0.102740653020356,0.999987547004426,True,False,False
Slc20a2,-0.24003988927595069,0.4304366575388486,0.166772198207956,0.999987547004426,False,False,False
Gpr160,0.22244563615028698,0.7333443308280114,-0.0081238032052244,0.999987547004426,False,False,False
Cdkn1c,0.3706220738039997,0.7146053319872698,-0.181916284423219,0.999987547004426,False,False,False
Ldah,-0.2031742468498171,0.19210644265588578,-0.0463973118962793,0.999987547004426,False,False,False
Rfx7,-0.18561872301390236,0.2562224539298787,0.27303223225186,0.999987547004426,False,False,False
Inf2,0.5028021772645144,0.000166221899871741,-0.130137967133646,0.999987547004426,True,False,False
Esyt3,-0.7445932745983452,0.30867947768064247,0.694512670683829,0.999987547004426,False,False,False
Armc3,-1.7309546006475849,0.000627865104698029,-0.566327413954177,0.999987547004426,True,False,False
Atp8a1,-0.08013074584297916,0.6919908728141372,-0.0281446819965883,0.999987547004426,False,False,False
Ddhd1,-0.03876286839493757,0.8513959437772282,-0.138862306877396,0.999987547004426,False,False,False
Lzts3,0.5145629263949977,0.5772403679494497,-0.290205633040171,0.999987547004426,False,False,False
Cd81,0.16460925134650975,0.28815869446497994,-0.675148675479556,0.999987547004426,False,False,False
Cisd1,-0.3007379960796436,0.0482885627120424,-0.0634579527796806,0.999987547004426,True,False,False
Tmem33,-0.031173724821230833,0.8910645262026607,-0.0432982322490121,0.999987547004426,False,False,False
Gnpnat1,0.015068682807169836,0.947803390820747,-0.243821916164991,0.999987547004426,False,False,False
Ckap2,-0.04622100697306275,0.9256578016117281,-0.567550594568112,0.999987547004426,False,False,False
Mynn,-0.14052059075292,0.46348488299027396,0.211136610079716,0.999987547004426,False,False,False
Themis2,-0.4348930395658701,0.00011550705462217468,0.673837479809258,0.999987547004426,True,False,False
Mrps26,-0.09635363442039085,0.6034904154819305,-0.407959125293163,0.999987547004426,False,False,False
Eef1a1,-0.2515062308954607,0.061634928477420206,-0.0983332767642171,0.999987547004426,False,False,False
Fam222b,-0.06226763557655363,0.8564945020967409,-0.526352123798149,0.999987547004426,False,False,False
Xkr8,-0.25749910990304586,0.74597801458494,-0.862008356436843,0.999987547004426,False,False,False
Ppp1r16b,-0.8232331638527348,0.0009257681390742219,0.365380837776521,0.999987547004426,True,False,False
Actr5,-0.12376107849510269,0.6178923441522274,-0.280146268701791,0.999987547004426,False,False,False
Mrpl23,0.16751459921140063,0.5247669211187359,-0.51754402240195,0.999987547004426,False,False,False
Pced1a,-0.05736045997564338,0.8785481248674668,0.100917019116137,0.999987547004426,False,False,False
Vopp1,0.2651374251305538,0.06284192308463114,0.595475974393088,0.999987547004426,False,False,False
Phf12,-0.21969359225962956,0.31050453315278065,-0.528864445224561,0.999987547004426,False,False,False
N4bp2,-0.18803024036230873,0.4230342725181021,0.484689780029664,0.999987547004426,False,False,False
Fam76b,-0.0731408848424192,0.7405194194092012,0.146074583779234,0.999987547004426,False,False,False
Ctnna1,-0.13398133986624328,0.5406363174079136,0.729340086931493,0.999987547004426,False,False,False
Fbxw17,-0.24055476091893768,0.4055798374430636,-0.205082941375883,0.999987547004426,False,False,False
Tgm2,-0.36615461351614703,0.0051414089920016415,-0.166309247342052,0.999987547004426,True,False,False
Smim14,-0.09680949477541133,0.5421005158979597,-0.173255881997871,0.999987547004426,False,False,False
Tspan14,0.28820885049444606,0.032180930038024955,-0.705084385241549,0.999987547004426,True,False,False
Ppm1k,-0.13479489750550563,0.6058686502291994,0.539466812328771,0.999987547004426,False,False,False
Fdxacb1,0.0010064404215886502,0.9968657535858426,-0.11475620299691,0.999987547004426,False,False,False
Rtkn2,0.7109572516441599,0.4998084298996065,-0.960865196191669,0.999987547004426,False,False,False
Nmrk1,-0.5322030286932435,0.00039542037759500247,0.813478457088521,0.999987547004426,True,False,False
Cpe,1.3151682334344499,0.0002357907330184203,-0.0987102040539289,0.999987547004426,True,False,False
Zfp365,0.46117731429560377,0.22957277285901995,0.244062215616191,0.999987547004426,False,False,False
Nufip2,-0.20564842256382473,0.2666633549659081,-0.36939797845589,0.999987547004426,False,False,False
Aim2,-0.7409301278872641,2.9587742153407035e-10,0.0192685835249806,0.999987547004426,True,False,False
Egr2,-0.8132330883472031,0.08560868718249347,0.0585976936626453,0.999987547004426,False,False,False
Ackr1,0.6433713785422689,0.13820302681660213,-0.0528642550867868,0.999987547004426,False,False,False
Jmjd1c,-0.12640608202328757,0.5190667928241836,0.128269461404332,0.999987547004426,False,False,False
Stk35,-0.2593602248665076,0.376698282231369,-0.209713067859868,0.999987547004426,False,False,False
Dusp8,0.006913222868631687,0.9911527556919748,-0.0707999635615941,0.999987547004426,False,False,False
Wdr19,0.02355888896813939,0.9831636975666895,-1.50431310646578,0.999987547004426,False,False,False
H2az1,0.3571858167440743,0.00014845953039283754,-0.293559616850128,0.999987547004426,True,False,False
Rcor1,0.028809642080479547,0.9096600845115845,-0.224386844354512,0.999987547004426,False,False,False
Sirpa,0.6079424802562743,1.4652658634781688e-09,-0.482199889799535,0.999987547004426,True,False,False
Ankrd9,1.0159256898039235,0.0019157987723445857,-0.318216193162095,0.999987547004426,True,False,False
Bri3bp,0.21543533789415334,0.09449909834173455,-0.260918822273441,0.999987547004426,False,False,False
Tmem156,-0.10455799607022008,0.603037124029125,0.516908970664622,0.999987547004426,False,False,False
Ndufv1,0.1653164602366996,0.23804421057432149,-0.398311706488363,0.999987547004426,False,False,False
Ddx60,-0.6309006476116343,0.00022216463881123336,-0.210375486215264,0.999987547004426,True,False,False
Bank1,-1.3017073241519992,4.547912334500942e-11,-0.328135380771348,0.999987547004426,True,False,False
Ssh2,-0.26728647446734743,0.16619612691677504,-0.251589787586214,0.999987547004426,False,False,False
Bicd2,0.08366944704367418,0.7516982190423884,-0.336412959550836,0.999987547004426,False,False,False
Smarce1,0.16152084423592525,0.20158761687574098,-0.0411437887670907,0.999987547004426,False,False,False
Scarb1,0.854368176863688,7.602909060348461e-12,-0.732235461303707,0.999987547004426,True,False,False
Chchd5,-0.08857716668962928,0.7483978686821157,-0.198428360845972,0.999987547004426,False,False,False
Inpp4b,0.15193851370484568,0.5837260101338633,-0.429053850765045,0.999987547004426,False,False,False
Ccr7,0.006275163428346317,0.9911527556919748,0.575382646772169,0.999987547004426,False,False,False
Fgd3,-0.2798846576169764,0.10119755709908412,-1.05884537591483,0.999987547004426,False,False,False
Ano10,0.3147109109757416,0.1493590508581315,-0.476233388216182,0.999987547004426,False,False,False
Wdr20,0.1070934551213692,0.5581370124836746,0.415285089224178,0.999987547004426,False,False,False
Nsrp1,-0.13107502225497533,0.4183948749501548,-0.248646169106161,0.999987547004426,False,False,False
Card19,0.3204370510889028,0.018325111591239212,0.272435034831203,0.999987547004426,True,False,False
Zc3h7a,-0.09169365682033952,0.5747118121029073,-0.0939071756992593,0.999987547004426,False,False,False
Ninj1,0.7491232130462785,4.3914177977808043e-10,-0.169052843986362,0.999987547004426,True,False,False
Snn,-0.4227034809741226,0.14988338454221486,0.583962800940114,0.999987547004426,False,False,False
Rmi2,-0.17430290182681965,0.6176603543909571,0.547133274116201,0.999987547004426,False,False,False
Rara,0.7936539055335997,8.255307854025519e-05,-0.487929956546584,0.999987547004426,True,False,False
Dhx38,0.07291608702686635,0.779324156893635,-0.252985008586897,0.999987547004426,False,False,False
Slc9b2,-0.22673182270682934,0.7685613872440136,0.210974691699453,0.999987547004426,False,False,False
Igsf9,-0.3034365382768544,0.6951814910554338,-0.511902683820056,0.999987547004426,False,False,False
Parp11,-0.5674711360025314,0.0019193201755006227,-0.283198815315019,0.999987547004426,True,False,False
Arap2,-0.9578657294704748,2.204676963736886e-12,0.330278313091328,0.999987547004426,True,False,False
Hpf1,-0.004568531892009194,0.9831636975666895,-0.372177884812659,0.999987547004426,False,False,False
Dnajc22,-0.49170520181147404,0.04686492484018789,-0.665626185044807,0.999987547004426,True,False,False
Ccdc138,-0.08380230228435864,0.8244565627128547,-0.194294348729938,0.999987547004426,False,False,False
Wipf2,-0.16875847890246137,0.6232671173401613,-0.882520026748102,0.999987547004426,False,False,False
Rapgefl1,0.03143541973823535,0.9810900168727218,-0.143171394753275,0.999987547004426,False,False,False
Atp6v0a2,0.33408988291766883,0.02141001371928032,-0.180874810926451,0.999987547004426,True,False,False
Dennd4c,0.2110089945809336,0.6055394314084717,-0.203935722716284,0.999987547004426,False,False,False
Phf2,0.020888095802144777,0.9570766889966394,0.0549495312311814,0.999987547004426,False,False,False
Tigar,-0.009948462471273643,0.9851038724430903,0.0439237513754893,0.999987547004426,False,False,False
Igsf8,0.5879363125181213,4.436961774626505e-07,-0.12781760897008,0.999987547004426,True,False,False
Socs1,0.5015925284281748,0.02081783127805191,-0.139857500065157,0.999987547004426,True,False,False
Gcc2,-0.11937917069795935,0.6062431810878924,0.173112238724528,0.999987547004426,False,False,False
Ptpdc1,-0.888129709101627,0.19487141967366,-0.146966819608227,0.999987547004426,False,False,False
Haus6,-0.26971023052310916,0.326064800484691,-0.0176870914508811,0.999987547004426,False,False,False
Dexi,0.4231755642611892,0.004027703053875135,-1.18857721297808,0.999987547004426,True,False,False
Kmt2c,-0.11148224955248955,0.5123578311674466,-0.0672316395650903,0.999987547004426,False,False,False
Nod1,-0.02135324867960523,0.9214072705736649,0.438581849468817,0.999987547004426,False,False,False
Smim3,0.6541912182862059,2.955486539765329e-06,0.450400987144329,0.999987547004426,True,False,False
Dlec1,-0.42409712967239654,0.670786435626782,-0.161482965250393,0.999987547004426,False,False,False
Rnf144b,-1.0953362997639262,0.0014804049735402636,0.305464121378444,0.999987547004426,True,False,False
Cdkn2aip,-0.2361335071859141,0.24208154956087416,0.0987919085716129,0.999987547004426,False,False,False
Cntln,-0.34001288838450716,0.07272768624519746,0.0471689675600073,0.999987547004426,False,False,False
Kdm1b,0.24917043735550784,0.20211242780144398,-0.205587963074342,0.999987547004426,False,False,False
Opa1,-0.057004873939630225,0.8398506706401515,-0.101124016306164,0.999987547004426,False,False,False
Sbno1,-0.1579844286271036,0.29434755897282905,-0.364270814054484,0.999987547004426,False,False,False
Trappc11,-0.10735422669096231,0.6331234651889002,0.287753248533128,0.999987547004426,False,False,False
Phf20,-0.10853732302798429,0.6156661722638137,-0.0282936426159308,0.999987547004426,False,False,False
Cdon,-0.6385006339304209,0.0009855314015940482,0.369322271347001,0.999987547004426,True,False,False
Fam210a,-0.041785080206312386,0.9042983882753333,0.318757382265484,0.999987547004426,False,False,False
Tbc1d32,-0.44836546440373654,0.14180894514051645,0.686204133937653,0.999987547004426,False,False,False
Mphosph9,-0.5507975132405745,0.07501781282415904,-0.263632394758252,0.999987547004426,False,False,False
Ccdc50,-0.041306090234865485,0.8620569007526513,0.318438575018353,0.999987547004426,False,False,False
Tmem181a,-0.13011129317069867,0.5436930069451114,0.287702268868706,0.999987547004426,False,False,False
Snrk,-0.11407363411210104,0.605585529821623,-0.254810702779932,0.999987547004426,False,False,False
Notch3,0.9138859741980329,0.13698739113764236,-0.533204595956877,0.999987547004426,False,False,False
Cd84,-0.47816239908666686,0.05869114944158609,-0.458795137681277,0.999987547004426,False,False,False
Ormdl3,0.11911856885499864,0.6761175502338667,-0.523573165967128,0.999987547004426,False,False,False
Prdm1,0.5553450947397987,0.010439657670971056,-0.307149252313553,0.999987547004426,True,False,False
Gstp2,0.7806738169620531,0.32741573455688455,-0.38311349798477,0.999987547004426,False,False,False
Spon1,1.9284157841287122,1.0683124219557393e-21,-0.551978454253391,0.999987547004426,True,False,False
Atg5,0.1453815106882124,0.35654338428318866,0.408607246982026,0.999987547004426,False,False,False
Plekhg6,0.7155255156283341,0.49625553779351517,0.10942167478398,0.999987547004426,False,False,False
P3h2,0.2512282260429799,0.8172770206711834,-0.617809410332644,0.999987547004426,False,False,False
Pde4dip,-0.051251512751995326,0.8085244062652077,0.332050655987779,0.999987547004426,False,False,False
Ttc39b,-0.6741152941232886,0.0006521572843243328,0.127705805178907,0.999987547004426,True,False,False
Mylip,0.18452684273888698,0.3897877085020167,-0.0231118583019079,0.999987547004426,False,False,False
Slc43a2,0.030703118014647854,0.9015199980923762,-0.235903171024286,0.999987547004426,False,False,False
Slamf7,-0.598752364490174,1.2349911596099338e-07,-0.455020206360427,0.999987547004426,True,False,False
Spag4,0.03325962403873164,0.9649786574892784,-0.0678758217395679,0.999987547004426,False,False,False
Chpf2,0.0737644085774424,0.8071006882606233,-0.124326529974603,0.999987547004426,False,False,False
Btbd10,-0.1108697681329845,0.5957223952305486,0.0433819104021707,0.999987547004426,False,False,False
Scarf1,0.8525421449788403,0.22720892996666256,0.678998534564379,0.999987547004426,False,False,False
Kcna7,-0.2440039160536644,0.8461510911361776,-0.57561330939776,0.999987547004426,False,False,False
Prkab2,0.4941642680701778,0.053544474505958575,-0.358735247770412,0.999987547004426,False,False,False
Fbxo8,0.10416086773816322,0.6662865145619192,0.13434790973208,0.999987547004426,False,False,False
Pgap3,-0.4307775478453117,0.43674263422836024,-0.407207985106437,0.999987547004426,False,False,False
Itln1,-1.133875231312456,1.8699856693099538e-06,0.288500692072235,0.999987547004426,True,False,False
Mfsd14b,0.25736012159695953,0.07250438755840485,0.172008019592039,0.999987547004426,False,False,False
Tapbpl,-0.5035538700971609,5.189234007480074e-05,-0.350037896093956,0.999987547004426,True,False,False
Bend3,0.019994204341268123,0.9796590273505534,0.046886506841112,0.999987547004426,False,False,False
F11r,0.18110317082374694,0.5002976060252422,-0.0807938054992343,0.999987547004426,False,False,False
Hoxa7,-3.275640081055669,2.422173833566277e-42,-0.29000460151843,0.999987547004426,True,False,False
Pdss2,-0.2289107609263298,0.5368982693425977,-0.30804373084351,0.999987547004426,False,False,False
Cep250,0.012516699215077174,0.9725662399801229,-0.0948440426650272,0.999987547004426,False,False,False
Mical2,-1.4456376577097187,2.086996611722193e-06,-0.372709090723448,0.999987547004426,True,False,False
Usp38,0.07622912347632338,0.7720306640089281,0.33784451935436,0.999987547004426,False,False,False
Ncapd2,-0.3688741437642332,0.062224368141898224,-0.107751527608258,0.999987547004426,False,False,False
Hoxa5,-0.4074775358925035,0.5228091505392022,0.385273336491797,0.999987547004426,False,False,False
Bcl9,-0.545268036428132,0.0025452892788929843,0.156106097684034,0.999987547004426,True,False,False
Trpm4,0.48003400876468383,0.3504820442800036,-0.0700808978715894,0.999987547004426,False,False,False
Sema7a,0.6068046382538885,0.0015505011129505377,-0.868665119502568,0.999987547004426,True,False,False
Slc22a23,-0.29656736644213727,0.6250261461994453,-0.259280930396429,0.999987547004426,False,False,False
Ovca2,-0.15343589871016763,0.4753432608243533,0.166029182000535,0.999987547004426,False,False,False
Iffo1,0.19486082492241216,0.44806394565910357,-0.19987151798828,0.999987547004426,False,False,False
Fau,-0.06929491547683642,0.7663124094311061,-0.186586489128794,0.999987547004426,False,False,False
Nop2,0.07004405359383092,0.7875349247762187,-0.38686242899521,0.999987547004426,False,False,False
Ostm1,0.385593929520821,0.0029867789773184083,0.404838284265771,0.999987547004426,True,False,False
Bphl,0.37182242558426565,0.04828255659770502,-0.333055954058208,0.999987547004426,True,False,False
Kash5,0.2906942259283648,0.7865976315029941,-0.838294201600074,0.999987547004426,False,False,False
Snx10,-0.21354737117257205,0.07157261228210895,0.319990776036096,0.999987547004426,False,False,False
Afg1l,-0.030163738257303757,0.9537266197937783,-0.291176459600537,0.999987547004426,False,False,False
Edem2,0.307317891210093,0.01242177060942038,-0.503172745549463,0.999987547004426,True,False,False
1700066M21Rik,0.09936796423780543,0.8250922774777069,0.409172661793418,0.999987547004426,False,False,False
Trpc4ap,0.19401678459652258,0.13906031033046698,-0.178921044959941,0.999987547004426,False,False,False
Sesn1,-0.3165260654744513,0.07124895309181595,-0.261529448712532,0.999987547004426,False,False,False
Tsr1,-0.21546139834683087,0.2668807110203912,-0.0220070650884052,0.999987547004426,False,False,False
Mlxip,-0.03602993159686881,0.8712531660028294,-0.135164118653107,0.999987547004426,False,False,False
Txlng,-0.02827550478646406,0.931456139120074,-0.253457467326641,0.999987547004426,False,False,False
Zfp384,-0.0015509215874998355,0.9943591458614311,-0.0678504505604671,0.999987547004426,False,False,False
Tcte2,-1.9719693524229078,0.008500883579613497,0.864358678498392,0.999987547004426,True,False,False
Plcl1,0.9931317101811956,0.0038443178778936955,-0.0017197049406467,0.999987547004426,True,False,False
Sgsm2,0.5966964530683473,0.12270500881224551,-0.37861638707806,0.999987547004426,False,False,False
Arl5c,0.2607490199931787,0.036229435950805904,-0.459055209486433,0.999987547004426,True,False,False
Ankrd35,0.01326276557456605,0.9813813263130017,-0.0222898067088906,0.999987547004426,False,False,False
Fbxo25,-0.21596864293313414,0.40304344318093593,-0.158343532308216,0.999987547004426,False,False,False
Lasp1,0.1401271768666401,0.3493230631583241,-0.231623026441115,0.999987547004426,False,False,False
Focad,-0.24749058215538677,0.6354131478764871,0.0678476696525614,0.999987547004426,False,False,False
Ncoa6,-0.1713622500399823,0.48746123646960937,-0.124389170676212,0.999987547004426,False,False,False
Sbf2,0.008397690966050728,0.9813897054386018,0.248096705368779,0.999987547004426,False,False,False
Gmds,-0.4112557596418484,0.18320688819193656,0.736007559587133,0.999987547004426,False,False,False
Trp53inp2,0.22185709009803609,0.3788559047577761,-0.333338667044517,0.999987547004426,False,False,False
Ttk,-0.058461984813166445,0.9183536230670395,-0.587540209822868,0.999987547004426,False,False,False
Pigu,0.11920795719184298,0.5085611472118474,-0.697512511055534,0.999987547004426,False,False,False
Setd1b,-0.46624860601825957,0.08262004107164296,-0.662099092819775,0.999987547004426,False,False,False
Rras,0.4540427876572515,0.00038155119498603556,-0.221861123306242,0.999987547004426,True,False,False
Pals2,-0.18468432985087546,0.18063573740955272,-0.251374728054252,0.999987547004426,False,False,False
Gpr162,0.5682965310658294,0.26886804650515655,-0.247385980968049,0.999987547004426,False,False,False
Txnip,-0.9931688426278413,8.826474488254884e-15,-0.123643888540738,0.999987547004426,True,False,False
Pmepa1,1.1084265136763505,0.06147184395429591,-0.917271888077301,0.999987547004426,False,False,False
Scaf1,0.18856611060076622,0.5070472788845908,-0.28315344019234,0.999987547004426,False,False,False
Cdc16,0.20173028757921746,0.25164785212563895,0.0683085912463683,0.999987547004426,False,False,False
Fig4,0.2391273854660539,0.16216367865919662,-0.336734356644481,0.999987547004426,False,False,False
Egr1,-0.5730828720647035,0.0013283937509745553,0.307337571921608,0.999987547004426,True,False,False
Hdhd3,0.35233214047880784,0.6703493806997061,-0.255993089264093,0.999987547004426,False,False,False
Poli,-0.15026310223247583,0.6843868090695636,0.260717292092981,0.999987547004426,False,False,False
Usp5,0.2965377499074239,0.04439171576106742,-0.106796758624908,0.999987547004426,True,False,False
Cdc40,-0.24014062352534582,0.09769532141228525,0.071108830593996,0.999987547004426,False,False,False
Spsb2,0.8857365896803484,8.49323549110813e-08,-0.69091888152525,0.999987547004426,True,False,False
Dennd2a,-0.37123994146964306,0.4909505681524852,-0.675140206970313,0.999987547004426,False,False,False
Abhd17c,0.1313120119487028,0.5592904019769315,-0.0350618226625965,0.999987547004426,False,False,False
Uqcrfs1,0.20317882060851225,0.0919248039057907,0.316671797107842,0.999987547004426,False,False,False
Chmp4b,0.04162980012532212,0.9034788232519756,0.262567759775615,0.999987547004426,False,False,False
Nos1ap,0.657250946875543,0.14895803020650622,-0.637489120822119,0.999987547004426,False,False,False
Tfdp1,-0.11932332776755197,0.5195962977297941,-0.541969622941325,0.999987547004426,False,False,False
Socs7,0.16330298135931656,0.738782647939691,-0.275780578790242,0.999987547004426,False,False,False
Sv2a,1.1474000297552602,0.26902358162156176,0.317564560026381,0.999987547004426,False,False,False
Otud7b,0.5787885285207623,0.20784970822363757,0.204650853226058,0.999987547004426,False,False,False
Tmco3,0.049783764613632535,0.8723721464139942,0.256170929456319,0.999987547004426,False,False,False
Ptov1,1.0588650712631178,1.3193247661252325e-10,-0.550446157223108,0.999987547004426,True,False,False
Mesd,0.08428016238814022,0.6802127814388771,-0.0745570074174466,0.999987547004426,False,False,False
Dcun1d2,0.029497055248032006,0.9330396771060273,-0.0142810758679115,0.999987547004426,False,False,False
Parp12,0.0023778486170343877,0.9941026950334206,-0.0423491246798759,0.999987547004426,False,False,False
Gdf15,1.6747352013000205,5.521745614267204e-05,-0.494023646668767,0.999987547004426,True,False,False
Rpf2,0.019063375431085675,0.9244340577772963,-0.0190407315887198,0.999987547004426,False,False,False
Grtp1,0.7423118338208508,0.13262878084976992,0.159775606142795,0.999987547004426,False,False,False
Tbkbp1,-0.6272498320368756,0.005407341231672954,-0.364820302200592,0.999987547004426,True,False,False
Jarid2,0.1998628279114908,0.25566301451961143,-0.22241960761595,0.999987547004426,False,False,False
Tbc1d17,0.13683089955283037,0.42150434033511885,-0.271546824150553,0.999987547004426,False,False,False
Fchsd1,0.2052359956501869,0.6088604096758695,0.108424327743361,0.999987547004426,False,False,False
Armc10,-0.09686006513232152,0.664305463486656,-0.289166356744657,0.999987547004426,False,False,False
C1rl,1.9292809580620702,0.005697577248646021,-0.73153891626711,0.999987547004426,True,False,False
Cbfa2t2,0.012303836857034693,0.9756008926699237,-0.146799456031562,0.999987547004426,False,False,False
Osbpl7,-0.33425215040742845,0.2204744573680491,-0.397723578795695,0.999987547004426,False,False,False
Zfp280d,-0.18759706995238698,0.3529723831582584,-0.151611025976528,0.999987547004426,False,False,False
Ubn2,-0.10399677171771911,0.6097135150992686,0.0028444506253961,0.999987547004426,False,False,False
Tmc3,0.3591383216375999,0.4916492062127747,0.55037438857689,0.999987547004426,False,False,False
BC028528,0.6426146813476028,3.1910719217188245e-07,-0.332585843365568,0.999987547004426,True,False,False
Inip,-0.13881034544711532,0.3356760827423944,0.161310159975707,0.999987547004426,False,False,False
Cul7,0.02950361980204146,0.9649786574892784,-0.514119717018135,0.999987547004426,False,False,False
Ranbp9,0.07974487462695228,0.6877832612149197,-0.365258343368406,0.999987547004426,False,False,False
Ciart,-0.17735323088069213,0.705152701220548,-0.154830242655756,0.999987547004426,False,False,False
Ift172,-0.4321247140804108,0.239473620780542,0.181295511511368,0.999987547004426,False,False,False
Rad9b,-0.4306810879030938,0.3109856291893239,0.453641765850642,0.999987547004426,False,False,False
Saxo2,-0.6855353982608972,0.34580646937732124,-0.38519790852046,0.999987547004426,False,False,False
Susd1,1.2034346561022644,0.0003487732068553196,0.30596612852464,0.999987547004426,True,False,False
Pptc7,-0.17620131905257935,0.3144642383510103,-0.245439467700532,0.999987547004426,False,False,False
Akap12,0.7302618602072869,0.28241716951812557,0.0123286118587282,0.999987547004426,False,False,False
Tctn1,-0.04183355016498043,0.9424372356687648,-0.237754893826834,0.999987547004426,False,False,False
Cep85l,-0.46007119724802975,0.05514036983530298,-0.23926680012347,0.999987547004426,False,False,False
Ripor1,0.10054300824362238,0.7577529243640704,-0.114052058628348,0.999987547004426,False,False,False
Samd10,0.1604052216810665,0.631937016427104,-0.182167644814082,0.999987547004426,False,False,False
Gng10,-0.16246476323123082,0.23695101943688274,0.213699244667366,0.999987547004426,False,False,False
Dock10,-0.2955681701167514,0.0022958647058368823,0.187754532235207,0.999987547004426,True,False,False
Mcl1,-0.1272838618536432,0.4230086637221095,-0.229452389326555,0.999987547004426,False,False,False
Nfe2l1,0.202165104160217,0.3179024321737746,-1.11379335301317,0.999987547004426,False,False,False
Ensa,-0.11469372247114541,0.4143964870579513,-0.219296879597131,0.999987547004426,False,False,False
Med30,-0.2968210629295649,0.14682055674083072,0.485966617543922,0.999987547004426,False,False,False
Tm6sf1,-0.00471144208960111,0.9825995651200278,0.422887645491811,0.999987547004426,False,False,False
Polr3k,0.05903372114209128,0.7853062766055107,-0.198467113418497,0.999987547004426,False,False,False
Degs1,0.03068973896458729,0.8573793399394476,0.223252556720364,0.999987547004426,False,False,False
Lrrc56,-0.21139991233195582,0.7485217591352714,-0.401379494727253,0.999987547004426,False,False,False
Ctss,0.5092993241663263,2.2832999539327046e-09,0.0742325766966392,0.999987547004426,True,False,False
Pold1,0.1349315288277681,0.4938405254858233,-0.218735691708997,0.999987547004426,False,False,False
Ramac,0.027628977468687286,0.8818516162800235,-0.0450870866996311,0.999987547004426,False,False,False
Rnh1,0.28563875645756726,0.0062636742398017075,-0.392265639764643,0.999987547004426,True,False,False
Ric1,0.07154031652920138,0.8265127310575064,0.282505436561258,0.999987547004426,False,False,False
Herc1,-0.7505489337961074,2.2928137545812526e-08,-0.269071508830792,0.999987547004426,True,False,False
Lpar1,-0.7930303829680982,0.02730194288746934,-0.445724878887323,0.999987547004426,True,False,False
Arfrp1,-0.13795205971934266,0.38919120545195207,-0.328725689163726,0.999987547004426,False,False,False
Trps1,0.1686501579720627,0.23446974083787286,-0.0164653055626438,0.999987547004426,False,False,False
Pak1ip1,0.034838186285300436,0.8631040694835488,-0.457660585549794,0.999987547004426,False,False,False
Rtel1,-0.17934398834188428,0.6961305461244257,0.278951952764918,0.999987547004426,False,False,False
Josd2,-0.042758027363098465,0.8494562405810597,-0.0956183233358008,0.999987547004426,False,False,False
Mapkap1,0.03433820008351001,0.8986608600138166,-0.120678411335808,0.999987547004426,False,False,False
Taf5l,-0.008462314031520132,0.9823452039480071,-0.205131071751511,0.999987547004426,False,False,False
Dsel,-0.2221826035606093,0.8070161212417601,-0.28662176893414,0.999987547004426,False,False,False
Gmeb2,-0.18507102578377502,0.6178910264701092,0.494398025750771,0.999987547004426,False,False,False
Golga4,-0.07156736158513968,0.7486804608636363,0.158309697589464,0.999987547004426,False,False,False
Pbx3,0.6249140573467169,0.038053029544590125,-0.290054081386786,0.999987547004426,True,False,False
Pakap,-0.41595165003388634,0.13940209881291893,-1.30861304019359,0.999987547004426,False,False,False
Mboat1,0.7912664133524739,0.0008270120397115228,0.190164536824689,0.999987547004426,True,False,False
Wdr26,-0.005220995402011607,0.9831636975666895,-0.195460764543409,0.999987547004426,False,False,False
Shank1,-0.6480122182968657,0.31557080894496115,-0.459906934276496,0.999987547004426,False,False,False
Mvb12b,-0.45538164513952056,0.10417774603806691,-0.230452097173348,0.999987547004426,False,False,False
Angptl6,-0.18301438671011203,0.8251086672583887,-0.216155887601445,0.999987547004426,False,False,False
Nup205,-0.2023874888349987,0.4304366575388486,0.0600403874603188,0.999987547004426,False,False,False
Abcf1,0.17775698404912943,0.19685129529231832,-0.288588880328927,0.999987547004426,False,False,False
Ptpn3,-0.3309707118735576,0.09041352902656265,0.447897856951666,0.999987547004426,False,False,False
Kdm3b,-0.23477468919267053,0.13043833728899265,-0.218861292257681,0.999987547004426,False,False,False
Vill,0.4741878446548768,0.0360344552661863,-0.708037190202612,0.999987547004426,True,False,False
Ephx1,1.8661349986412028,2.7304225269898477e-18,-0.456334049232088,0.999987547004426,True,False,False
Smurf1,0.2520931247228626,0.2375895912582775,-0.424533746306929,0.999987547004426,False,False,False
1700028J19Rik,0.14746123697293764,0.8782506759338671,-0.331175421409986,0.999987547004426,False,False,False
Cnot4,-0.08408512077692538,0.6612837741737704,-0.22003044441977,0.999987547004426,False,False,False
Lefty1,0.2850421700145549,0.7640437211306037,-0.0856147301536367,0.999987547004426,False,False,False
Zscan2,0.12351374208850074,0.9260815477416555,-0.106363233644266,0.999987547004426,False,False,False
Ost4,0.015780514732386276,0.9543748323838065,-0.292316196647042,0.999987547004426,False,False,False
Rap1gap2,-0.4159401938727962,0.22697060401641178,-0.705433207976948,0.999987547004426,False,False,False
Gngt2,0.12314031212052026,0.46195355466855964,-0.323608649005287,0.999987547004426,False,False,False
Trmt112,-0.1601551885311601,0.29243771313185785,-0.447144737899453,0.999987547004426,False,False,False
Ctnnal1,-0.20544767240821712,0.8646067887064031,-0.56845709446014,0.999987547004426,False,False,False
Hace1,-0.08488191529468571,0.7836357183046962,-0.0340883528004348,0.999987547004426,False,False,False
Abitram,-0.1450636835098782,0.5169687434111948,0.33245611250205,0.999987547004426,False,False,False
Ralgps1,-0.15858443990855264,0.7474351852291692,-0.264277420107757,0.999987547004426,False,False,False
Agbl3,-0.25497429671769467,0.6362724443109403,-0.0585206860168421,0.999987547004426,False,False,False
Vars2,-0.016540386687176875,0.9703758297486347,-0.2713455160125,0.999987547004426,False,False,False
Kif16b,-0.3051757857562338,0.3112838452471499,-0.0847254375155035,0.999987547004426,False,False,False
Ythdf1,0.04268516793780297,0.8396501110246026,-0.0769301710166923,0.999987547004426,False,False,False
Itpkb,0.00358766262411816,0.9931382444294624,-0.165598676541148,0.999987547004426,False,False,False
Baiap2l1,-1.0998250379039658,0.020720057387308782,-0.276453246584404,0.999987547004426,True,False,False
Garnl3,-0.1311630967212872,0.8836647819843233,-0.360906669184916,0.999987547004426,False,False,False
Pi4kb,-0.3431247725528587,0.0716780872706538,-0.0827817330845546,0.999987547004426,False,False,False
Zcchc2,-0.02240443172329099,0.9510262550036227,-0.122668588105554,0.999987547004426,False,False,False
Bpgm,-0.24395477470072788,0.3513926919386365,0.116140089595119,0.999987547004426,False,False,False
Zfhx3,-0.06718211600392276,0.9165328062409371,1.0842967217368,0.999987547004426,False,False,False
Mrps34,0.04814118581256588,0.8101247189679468,0.0336190778401528,0.999987547004426,False,False,False
Shfl,-0.5891296463638379,0.026130546654880057,0.193302853595365,0.999987547004426,True,False,False
Man2a2,0.21471961467290085,0.41470896349828157,-0.325784883339766,0.999987547004426,False,False,False
Ctu1,-0.2544307731600156,0.6166441023141804,-0.452964367509817,0.999987547004426,False,False,False
Fam117a,0.44419018010636113,0.14180894514051645,-0.522416045139093,0.999987547004426,False,False,False
Rpl12,-0.07778690323809014,0.7611941847330784,-0.51153130686365,0.999987547004426,False,False,False
Pogz,-0.0794946924866915,0.8058800575682463,-0.288150338856863,0.999987547004426,False,False,False
Plcl2,-0.10772424443036066,0.6359234368620266,-0.702170717226609,0.999987547004426,False,False,False
Rccd1,-0.2854819121282336,0.17648294864986094,-0.186312195871598,0.999987547004426,False,False,False
Sccpdh,1.1556471291636548,5.452681491023714e-09,-0.401466256927867,0.999987547004426,True,False,False
Prc1,-0.3059350878437861,0.14288494936023405,-0.15918389918451,0.999987547004426,False,False,False
Cnst,0.20608367053232637,0.5992926104269413,-0.711252212506994,0.999987547004426,False,False,False
Supt3,0.1645314152428993,0.39592770531386867,-0.556262141931347,0.999987547004426,False,False,False
Edc3,-0.11519882925702628,0.599049510998015,0.271912294295857,0.999987547004426,False,False,False
Ube2l3,0.09241412804492569,0.49405254500845763,0.558753716351689,0.999987547004426,False,False,False
Pdk2,0.47147385511334905,0.08294714993783746,-0.128579295848763,0.999987547004426,False,False,False
Rabggtb,-0.11388798589977937,0.6045100402255315,-0.158309101878134,0.999987547004426,False,False,False
Ppp1r9b,0.20716140784429354,0.5251708981133513,-0.169722823188144,0.999987547004426,False,False,False
Bloc1s5,0.31417935212185605,0.12264791305406703,0.0208526371650199,0.999987547004426,False,False,False
Tspyl5,-0.286295041600078,0.7427419649870515,0.0997246409232453,0.999987547004426,False,False,False
Cables2,0.041634600505683225,0.893711896189929,-0.215406284528752,0.999987547004426,False,False,False
Txndc5,0.3661015833722912,0.01174232005855437,-0.240291496395203,0.999987547004426,True,False,False
Ube3c,-0.07304462990223409,0.7572127403972411,-0.104537679941807,0.999987547004426,False,False,False
Tlr4,-0.2528656852036321,0.6086640062583545,-0.34088852746224,0.999987547004426,False,False,False
Siglecf,-1.2288225619967792,0.08556104136450277,0.123694354230559,0.999987547004426,False,False,False
Timm8b,0.03619176167098871,0.8676236062989805,-0.0846430034383134,0.999987547004426,False,False,False
Mtg1,-0.18264367378925472,0.4147358746224715,-0.486048306581788,0.999987547004426,False,False,False
Arhgap18,-0.6312321238077443,1.0611695702961083e-05,1.42995423635246,0.999987547004426,True,False,False
Tasp1,-0.07641859930610083,0.8077313763286763,-0.60908458539756,0.999987547004426,False,False,False
Adrm1,0.1516144040008034,0.25285037759264084,-0.325710313944176,0.999987547004426,False,False,False
Arpin,-0.2955979459733665,0.1824232261523848,-0.381431850523675,0.999987547004426,False,False,False
Usp6nl,-0.40117671108712016,0.01838332843206622,0.407542251731198,0.999987547004426,True,False,False
Pigk,0.3339880333485029,0.008374311837696718,-0.133904533550824,0.999987547004426,True,False,False
Foxred1,-0.07460818038907079,0.7584790198804826,-0.126654102008031,0.999987547004426,False,False,False
Eme1,-0.5686544372530076,0.12953086495674163,-0.282109508965967,0.999987547004426,False,False,False
Anpep,0.2906912287883178,0.08667626955125776,-0.331832019385931,0.999987547004426,False,False,False
Echdc3,1.1376463301698578,0.2669416933311783,0.833123611228868,0.999987547004426,False,False,False
Psmd7,0.061183468498330736,0.7291928148749905,-0.974809716722634,0.999987547004426,False,False,False
Zzz3,-0.25696150606457635,0.10861633769038977,0.3187505839745,0.999987547004426,False,False,False
Mtg2,-0.10532453267801288,0.6303234382913608,0.0194344665994883,0.999987547004426,False,False,False
Ss18l1,0.4210457142801547,0.18936919090098517,0.20110523908814,0.999987547004426,False,False,False
Rreb1,-0.021861997205246262,0.9510262550036227,0.034974356736921,0.999987547004426,False,False,False
L3mbtl3,-0.27954624257367067,0.3131921843566795,0.181157168804265,0.999987547004426,False,False,False
Rsad1,0.08902275054108198,0.8805843297068865,-0.291812354282816,0.999987547004426,False,False,False
Marchf6,0.11198134497953968,0.6097135150992686,0.187052509767199,0.999987547004426,False,False,False
Atp6v1g1,0.2819621266526708,0.0060081451938973065,-0.196006538039184,0.999987547004426,True,False,False
F13a1,1.8278282611353416,0.026885944213705444,-1.00460651539492,0.999987547004426,True,False,False
Nrn1,-0.11201477862631994,0.9260815477416555,-0.447341494360828,0.999987547004426,False,False,False
Itga9,-0.4217595068181655,0.2115491226107176,1.53621580779049,0.999987547004426,False,False,False
Adgrg6,0.5108783374891556,0.014056908595174009,-0.533944254926384,0.999987547004426,True,False,False
Taf4,-0.04702939331858769,0.8897847330843204,-0.427363015273872,0.999987547004426,False,False,False
Prune2,0.039043262779084806,0.9588344177759875,-0.233951102583819,0.999987547004426,False,False,False
Cdc123,0.10060246655395376,0.47428053125679176,0.161161478342132,0.999987547004426,False,False,False
Zc3hc1,0.16306701393979697,0.44942342632255516,-0.259037270194635,0.999987547004426,False,False,False
Whrn,0.8144568506745746,0.037505379166661905,-1.05120531706463,0.999987547004426,True,False,False
Camk1d,0.04198543017400246,0.8525370482397107,0.377175233418638,0.999987547004426,False,False,False
Ifi44l,0.04882345287079044,0.8175328763182903,-0.642062171436558,0.999987547004426,False,False,False
Sart1,-0.032701604613592825,0.8896226000506368,-0.207463975926486,0.999987547004426,False,False,False
Runx2,0.14156207534155527,0.5009229849147342,-0.572100336116968,0.999987547004426,False,False,False
Stim2,-0.36370252318282553,0.039703149184757876,0.904394733586956,0.999987547004426,True,False,False
Akna,-0.22115476109573465,0.12330350647465368,0.420473336741503,0.999987547004426,False,False,False
Ube2h,0.2685324137620426,0.11664713140427757,0.570355235403039,0.999987547004426,False,False,False
Cmc1,-0.041828044535048535,0.8812730025215434,-0.0771319845089318,0.999987547004426,False,False,False
Akap7,-0.5726765583062986,0.010057224270244436,-0.332345044946853,0.999987547004426,True,False,False
Dap,0.32055836947008004,0.09623764123955553,-0.0655911093656698,0.999987547004426,False,False,False
Polg,-0.18234698035515706,0.5322706260596556,-0.0260748242783722,0.999987547004426,False,False,False
Tbc1d19,0.30326480588422083,0.24611067011029072,0.349514129519524,0.999987547004426,False,False,False
AW209491,0.058755013696909386,0.8702754750259336,-0.0780010302925804,0.999987547004426,False,False,False
Fanci,-0.44892024524763074,0.2656172765714809,-0.313050766682256,0.999987547004426,False,False,False
Rbpj,-0.35991800629448545,0.003609368827757148,-0.811563849136167,0.999987547004426,True,False,False
Nlrc4,-0.48305625118966705,0.0015789331032587573,0.207205374695017,0.999987547004426,True,False,False
Bbln,0.16380715339203425,0.4681334770968291,-0.166055729687064,0.999987547004426,False,False,False
Adk,0.4916826531404185,0.0006491091069318653,0.492343970300042,0.999987547004426,True,False,False
Zdhhc1,0.5806827063312298,0.11185744531148799,-0.26019798414793,0.999987547004426,False,False,False
Atf7ip2,0.6526994678506111,0.26496500078089663,0.266444853714457,0.999987547004426,False,False,False
Tbc1d25,0.1343557320428695,0.693925293544783,-0.480034741672463,0.999987547004426,False,False,False
Abhd2,-0.201150558976915,0.5572377303104286,-0.212602568186441,0.999987547004426,False,False,False
Daglb,0.027680108250255468,0.9147752653288801,-0.562762412929822,0.999987547004426,False,False,False
Metrnl,0.7107584186272061,1.3665802331677254e-07,-0.004504059934943,0.999987547004426,True,False,False
Rpl39l,0.6869027922558019,0.22249790695419938,-0.566220480717146,0.999987547004426,False,False,False
Il18,-0.17388552704334745,0.29948693836773255,-0.297316125757044,0.999987547004426,False,False,False
Srrm2,-0.09084655017205948,0.5507712496430726,0.0526641563252239,0.999987547004426,False,False,False
Ppp1r10,0.07697575567298495,0.7852788140140651,-0.0615972639748357,0.999987547004426,False,False,False
Rpl22l1,-0.2415997530994299,0.06948152049468032,-0.129828815904267,0.999987547004426,False,False,False
Tbcd,0.25497409474372984,0.23348768141247492,-0.402896492869517,0.999987547004426,False,False,False
Suv39h1,0.027729839897751168,0.9291236154310565,-0.313755448997681,0.999987547004426,False,False,False
Stx11,0.26865598783009176,0.1598262387248393,0.706342119445429,0.999987547004426,False,False,False
Sec24d,0.07094360701929837,0.8763912114081008,-0.462207995215556,0.999987547004426,False,False,False
Isg20,-0.8305011299438583,6.162596681350066e-12,-0.0353551077576588,0.999987547004426,True,False,False
Lyplal1,0.35636094824562686,0.5614387688744453,-0.245073449914107,0.999987547004426,False,False,False
Fn3krp,0.11109779117655699,0.7988713676910661,-0.254286546459147,0.999987547004426,False,False,False
Pomt1,0.3829567434704217,0.29744933997821016,-0.268183664673073,0.999987547004426,False,False,False
Prrc2b,-0.08826640341356938,0.7591703097040613,-0.392414070298328,0.999987547004426,False,False,False
Npepl1,0.13586523350658739,0.4753432608243533,-0.0890093677265362,0.999987547004426,False,False,False
Gimap3,0.8659374488673048,0.4501075527178681,-0.176302830918869,0.999987547004426,False,False,False
Megf9,-0.2156100407063206,0.6805457227886728,0.644031762437917,0.999987547004426,False,False,False
Foxk2,0.02233946330483141,0.9452464358033107,-0.334577672872028,0.999987547004426,False,False,False
Fndc3b,0.4449405075205603,0.168477453789353,-0.791121213881603,0.999987547004426,False,False,False
Cybc1,-0.19436573378619892,0.1976234601342857,-0.467351126299232,0.999987547004426,False,False,False
Cdk5rap2,-0.30661038384241734,0.2157856823692735,-0.49668448157973,0.999987547004426,False,False,False
Tnfsf10,-0.19359163574899954,0.8038466138160534,-0.222700736956212,0.999987547004426,False,False,False
Ndst2,-0.03735743087531661,0.8986629469660721,-0.286615583631786,0.999987547004426,False,False,False
Rftn1,0.32777716898597375,0.09160305031081586,-0.703077700697348,0.999987547004426,False,False,False
Rab3gap2,-0.21071450528390914,0.3512675453906551,-0.653053700651219,0.999987547004426,False,False,False
Rnf122,-0.39359464412299366,0.13555962762289017,-0.165548107058203,0.999987547004426,False,False,False
Mettl22,-0.03562717400409775,0.9249812180016436,-0.0158898425539329,0.999987547004426,False,False,False
Smarcal1,-0.038227257881646576,0.9102239888986954,-0.106747903248852,0.999987547004426,False,False,False
Exosc2,0.010465347346019194,0.9717471077016148,0.0386625961621307,0.999987547004426,False,False,False
Fut11,0.08390654461197389,0.7465537663290683,-0.116089036289348,0.999987547004426,False,False,False
Picalm,0.1487805532414767,0.42234973540749005,0.11212081338461,0.999987547004426,False,False,False
Sec24c,0.04260574466842261,0.8452052535563492,-0.113855926472017,0.999987547004426,False,False,False
Hlx,0.4796347272695411,0.002498372079548578,-0.358311291023125,0.999987547004426,True,False,False
Wdr45,0.03854672667072409,0.8919305080753869,-0.128230074288994,0.999987547004426,False,False,False
Dusp10,-0.06499681292947082,0.8354821247648093,0.611984447415202,0.999987547004426,False,False,False
Mreg,-0.011587393472765986,0.971279442885948,-0.255101609561467,0.999987547004426,False,False,False
Neil3,-0.5520670222586783,0.016643409041679904,1.21117247250043,0.999987547004426,True,False,False
Heatr5b,-0.2674159652185163,0.38138306124640137,-0.0424935509830746,0.999987547004426,False,False,False
Alg1,0.21436683456491817,0.21923649002314893,-0.148104199140398,0.999987547004426,False,False,False
Prpf18,-0.35716398190200066,0.0027309425600314575,-0.544409296072285,0.999987547004426,True,False,False
Dcxr,0.10306327305807404,0.5658181017463706,-0.581779091223408,0.999987547004426,False,False,False
Snx22,-0.9150060787071281,0.0009582082161997993,-0.66190520732393,0.999987547004426,True,False,False
Morc3,-0.24471439144185886,0.0890472634194416,0.253823378024443,0.999987547004426,False,False,False
Mtmr12,0.13070876043771978,0.5915476071479614,-0.31985582656772,0.999987547004426,False,False,False
Tcta,-0.45582651358991444,0.017966606044920615,-0.197455591761268,0.999987547004426,True,False,False
Slc9a8,-0.0048590415616701415,0.986863908921217,0.0191029390023481,0.999987547004426,False,False,False
Zdhhc2,0.575030649691547,0.3396970128277451,-0.405190425759806,0.999987547004426,False,False,False
Ubn1,-0.17806213489625344,0.301886927436767,-0.082959371498653,0.999987547004426,False,False,False
Wfs1,0.5238396349051937,0.239473620780542,-0.255673380058415,0.999987547004426,False,False,False
Tnrc18,0.21958954943714828,0.3156284545288388,-0.408534990749306,0.999987547004426,False,False,False
Micu3,-0.9463298073065017,0.005156137821699506,0.286529936156538,0.999987547004426,True,False,False
Nt5dc1,0.11258059088727844,0.5614387688744453,-0.0119310554005292,0.999987547004426,False,False,False
Asb6,-0.3509040358756578,0.03654606776271772,-0.32697916562285,0.999987547004426,True,False,False
Tspyl4,-0.05965574462743714,0.9061269579075956,-0.237982349292857,0.999987547004426,False,False,False
Cdnf,-0.6963183321086057,0.38095050885665577,-0.117959290604357,0.999987547004426,False,False,False
Dse,0.3469781107761532,0.10682137097829981,0.418186226306325,0.999987547004426,False,False,False
Znfx1,-0.13417811291874115,0.5612193993448308,-0.250802477592213,0.999987547004426,False,False,False
Calhm4,-0.8588045976851179,0.3446882651443025,0.573678682158876,0.999987547004426,False,False,False
Nup133,-0.04254512880081898,0.8910988824619261,-0.294117559351124,0.999987547004426,False,False,False
Ptpa,0.002342649018631323,0.9921194140727116,0.0287019382249847,0.999987547004426,False,False,False
Cyp7b1,0.3432160487328284,0.5885779918589311,-0.0384031422714024,0.999987547004426,False,False,False
Zup1,-0.22226563984956552,0.16633354556114507,0.0916659555516635,0.999987547004426,False,False,False
Stau1,0.006014535557193017,0.9835710314524645,-0.335159006481891,0.999987547004426,False,False,False
Ppp1r3f,-0.12881861663028318,0.8590462278398883,-0.104017249668924,0.999987547004426,False,False,False
Ubald1,0.16202272223908323,0.3396208687788198,-0.266851108054944,0.999987547004426,False,False,False
Nphp4,0.2476883527994874,0.8564945020967409,-0.438463048416983,0.999987547004426,False,False,False
Ccser1,-0.7320880354111261,0.0010319586322162495,-0.192809231073761,0.999987547004426,True,False,False
Myo9a,0.014832469829383502,0.9604623751640087,-0.126342879401384,0.999987547004426,False,False,False
Fam149b,-0.07645739300340845,0.7679708743466398,-0.204843187036051,0.999987547004426,False,False,False
Mocos,0.4844822995611936,0.5041873166914026,-0.13527873340185,0.999987547004426,False,False,False
Ap5z1,0.07997771668272259,0.757955273901631,-0.516504676374542,0.999987547004426,False,False,False
Strip2,-0.21121345535770622,0.5614387688744453,-0.0871917778966571,0.999987547004426,False,False,False
Hnrnpu,-0.09761064875144179,0.5893808031692588,-0.195739367560043,0.999987547004426,False,False,False
Lonrf1,-0.07065122258721915,0.9065115160879873,-0.0436220994008085,0.999987547004426,False,False,False
Zfp189,-0.3493958901678721,0.6436121193978368,-0.0816794272445929,0.999987547004426,False,False,False
Coro7,0.02421554982845028,0.9199174609105216,-0.38408936115845,0.999987547004426,False,False,False
Mrpl12,0.18923062544340902,0.259763072198258,-0.0664325127861352,0.999987547004426,False,False,False
Vasn,-0.11018212826818093,0.9229348053929266,-1.07023550092633,0.999987547004426,False,False,False
Kyat1,0.18444663692720323,0.6509939188256393,-0.0320976502614236,0.999987547004426,False,False,False
Rxrb,0.00494910697577706,0.98590134879798,-0.166938425521406,0.999987547004426,False,False,False
Spout1,-0.09686170874615875,0.6707149438788147,-0.162991495055578,0.999987547004426,False,False,False
Icmt,-0.1788294152827789,0.5251708981133513,-0.206490816673572,0.999987547004426,False,False,False
Oxld1,-0.23374898999269847,0.5308640794692361,0.199728476930551,0.999987547004426,False,False,False
Capsl,0.04322068353610181,0.9124301201917827,-0.738895603849838,0.999987547004426,False,False,False
Tbc1d13,0.023373472267426164,0.9671282332272639,-0.320306998002046,0.999987547004426,False,False,False
Mrps6,0.15766237807802755,0.3472641810875658,-0.177832018742111,0.999987547004426,False,False,False
Lap3,0.39039487757266567,0.05887069610848395,0.0878151108309986,0.999987547004426,False,False,False
Sdk1,-0.9065164866988096,0.396258000836915,-0.104900424796739,0.999987547004426,False,False,False
Zer1,0.16760652182373817,0.6254247942204363,-0.249333485504993,0.999987547004426,False,False,False
Ncoa7,-0.07650986380018904,0.8076545382820631,0.827025906661315,0.999987547004426,False,False,False
Batf2,0.534782381073277,0.36033786890624375,-0.330631937221734,0.999987547004426,False,False,False
Usp53,-0.42076164490917833,0.06131902653600472,0.533548447658654,0.999987547004426,False,False,False
Nploc4,0.10507406892759918,0.6428057080373385,-0.954069207315678,0.999987547004426,False,False,False
Lmbrd2,0.028549787632514347,0.9511137257138027,0.293219271096804,0.999987547004426,False,False,False
Plekhg5,0.2694524424848479,0.3614616605707341,-0.946776491675569,0.999987547004426,False,False,False
Dync2i2,0.5464005353151012,0.1162173266991134,-0.39795292175784,0.999987547004426,False,False,False
Dock3,0.16217087320375576,0.8922473664603778,-0.476965122591342,0.999987547004426,False,False,False
Trp53rka,-0.031860759113588086,0.9327700222011763,-0.439389957978354,0.999987547004426,False,False,False
Fnbp1l,-0.08856827983618946,0.912028164514604,-0.343985618357298,0.999987547004426,False,False,False
Prkrip1,0.058120370864197184,0.850376325385647,-0.0551640039277448,0.999987547004426,False,False,False
Alg2,0.8444044183972502,6.380440989980049e-08,-0.173108342192269,0.999987547004426,True,False,False
Bahcc1,-1.0073822199571445,0.08327681111041917,-0.146457641860123,0.999987547004426,False,False,False
Htatip2,0.2656388573900266,0.1439771742353437,-0.284198291793976,0.999987547004426,False,False,False
Orai2,0.21717227425177077,0.20880233186535063,0.121574136555807,0.999987547004426,False,False,False
Exo1,-0.4302285113533451,0.24228379478341194,0.177654206697003,0.999987547004426,False,False,False
Fbxl5,0.005481317829295636,0.9819116663903283,0.517473884210932,0.999987547004426,False,False,False
Alkbh4,-0.1859117333698875,0.6791539690395894,-1.05491459317611,0.999987547004426,False,False,False
Dnttip2,-0.1407098763635123,0.38341721999364153,-0.0420535314911294,0.999987547004426,False,False,False
Thap3,-0.17165303798343887,0.46513979676390876,-0.473293556930456,0.999987547004426,False,False,False
Dnajc28,-0.33608205063943547,0.2737824265222595,-0.198134996405312,0.999987547004426,False,False,False
Cc2d2a,0.9881252712011946,0.01603320369166927,-1.24994824636066,0.999987547004426,True,False,False
Dnajc11,0.08442318008010004,0.6684070854167998,0.37164689115476,0.999987547004426,False,False,False
Ypel5,0.16920683031798223,0.216620631719014,-0.466391943299212,0.999987547004426,False,False,False
Polr2j,0.17605577485415627,0.3010118784871336,-0.215799125238298,0.999987547004426,False,False,False
Galnt12,-0.4924872010755395,0.0010464439051234232,-0.286637654183759,0.999987547004426,True,False,False
Cep131,0.11857317544393504,0.8145776374272902,-0.0070567371167458,0.999987547004426,False,False,False
Cpeb2,-0.06031478838034823,0.9174596228504716,0.122613328212159,0.999987547004426,False,False,False
Cercam,0.6403500075861464,0.0004588030435315299,-0.699314746671474,0.999987547004426,True,False,False
Zfand1,0.13747053792645347,0.5251708981133513,-0.0366773148229989,0.999987547004426,False,False,False
Cplane1,-0.3573669613561233,0.25196662628337496,-0.0525089460687322,0.999987547004426,False,False,False
Ncoa5,-0.03354812247299539,0.9010866207939576,-0.306978675729678,0.999987547004426,False,False,False
Zc3h10,-0.048112836399259,0.8707690227311733,-0.0428766929880009,0.999987547004426,False,False,False
Tbc1d2,-0.6301933692738965,0.5203008402853481,0.161094635071714,0.999987547004426,False,False,False
Xkr5,-0.3221772484855103,0.7660324561942324,-0.560509310780319,0.999987547004426,False,False,False
Myl6b,-0.31512478979984937,0.5171464091201846,-0.266806347292034,0.999987547004426,False,False,False
Wdr70,-0.010397551735047987,0.9670639532923319,0.175685133469353,0.999987547004426,False,False,False
Arhgap29,0.5026584380428543,0.673926954259072,0.360062704560542,0.999987547004426,False,False,False
Zfp335,-0.04206565643746334,0.9053113181564424,-0.582985010467985,0.999987547004426,False,False,False
Nhsl1,-0.03465647865703778,0.9610173815486164,-0.529759379576698,0.999987547004426,False,False,False
Epg5,-0.19794766105749834,0.6781004133162,-1.23084551413248,0.999987547004426,False,False,False
Zfp800,-0.20401646720531852,0.13535984442764193,-0.332299988253568,0.999987547004426,False,False,False
Rapgef1,-0.4709683237315272,8.442886492417117e-05,-0.308440617798471,0.999987547004426,True,False,False
Endov,-0.18319769816335502,0.5252978052034661,-0.165824628412081,0.999987547004426,False,False,False
Rere,-0.23961753784774412,0.17780072214397905,-0.0790076872242542,0.999987547004426,False,False,False
Trim14,-0.4815052932304251,0.005877538654758259,-0.50597091839897,0.999987547004426,True,False,False
Neurl2,-0.04277162315797738,0.9155774554928162,-0.182588119908923,0.999987547004426,False,False,False
Heca,-0.12859600718032188,0.5345919293015813,0.295036180866859,0.999987547004426,False,False,False
Tmem120a,0.4858377865567613,0.01477030813391868,-0.21650267175996,0.999987547004426,True,False,False
Alg14,0.3451529360781914,0.06254666906787001,-0.429521800011481,0.999987547004426,False,False,False
Txlnb,-0.4299331914991639,0.5652859325896226,-0.511186560475319,0.999987547004426,False,False,False
Fgl2,-0.5441362879071453,0.00011156250464795243,0.482101631895063,0.999987547004426,True,False,False
Armh3,-0.11507644739091062,0.6918085976917987,-0.0602824298667342,0.999987547004426,False,False,False
Eva1c,-0.6194102421078203,0.07250438755840485,0.286538277366356,0.999987547004426,False,False,False
Slc26a11,-0.06265936467745281,0.8737559047033007,-0.311366318289485,0.999987547004426,False,False,False
Cited2,0.01809742968678929,0.9396539088408996,0.786428591642439,0.999987547004426,False,False,False
Spsb1,-0.4439886934827699,0.06419491988785457,0.402773219474486,0.999987547004426,False,False,False
Coq10a,0.2330244295482549,0.3080243529898154,-0.315709870227461,0.999987547004426,False,False,False
Rhbdd2,0.16874231683693539,0.43089102444117205,-0.164991732015966,0.999987547004426,False,False,False
Urb1,-0.17142148380938282,0.6662865145619192,0.292467253549565,0.999987547004426,False,False,False
Gsap,0.16494769386848526,0.26225415830349363,-0.753758945816542,0.999987547004426,False,False,False
Pik3cd,-0.2802859517745588,0.019820946896068708,-0.513565604365601,0.999987547004426,True,False,False
Ptger4,-0.5295904977100254,0.0005617534761461164,-0.215928692948907,0.999987547004426,True,False,False
Plcb4,0.2488476189494848,0.4304366575388486,-0.465952256578922,0.999987547004426,False,False,False
Dag1,0.3317613202753412,0.2882640922627426,-0.405595272085123,0.999987547004426,False,False,False
Clstn1,0.09857383840494838,0.7883131651705099,-0.642486418858618,0.999987547004426,False,False,False
Etfbkmt,-0.09715921115431624,0.8505367199185737,-0.376193538182071,0.999987547004426,False,False,False
Hip1,-0.09513573307332378,0.8811017696369055,-0.285340265819635,0.999987547004426,False,False,False
Zfp292,-0.32561392340862255,0.08413434121490723,0.142477812859941,0.999987547004426,False,False,False
Rsbn1l,-0.4888856723347378,0.0013874511160194044,0.497455433174801,0.999987547004426,True,False,False
Zc3h12d,-0.14930579331259286,0.47626832654710105,-0.380355200849466,0.999987547004426,False,False,False
Dtx4,0.19743341313594892,0.7440104864639855,-0.261988512513233,0.999987547004426,False,False,False
Ccdc32,-0.1245736818904146,0.6250261461994453,-0.154817744347712,0.999987547004426,False,False,False
Sinhcaf,-0.1824819770831102,0.23477628779617807,-0.140635166594329,0.999987547004426,False,False,False
Phtf2,0.11336308538169867,0.6533853187607712,0.358370945604054,0.999987547004426,False,False,False
Ankrd13c,-0.1989961982506674,0.3179024321737746,0.0352989662748975,0.999987547004426,False,False,False
Cbx4,0.6409836129065641,2.947343073436246e-05,-0.443288983007951,0.999987547004426,True,False,False
Edrf1,-0.2629900637752908,0.3482329472338595,-0.252629740157504,0.999987547004426,False,False,False
Timeless,-0.18129196222757704,0.3766599494262911,-0.318632199217686,0.999987547004426,False,False,False
Ifi203,-0.08680391233318817,0.6150100621339198,-0.364336520317824,0.999987547004426,False,False,False
Gnaz,-0.20878881824931295,0.7683626621996296,-0.409275262531691,0.999987547004426,False,False,False
Slc7a5,0.38868679822839036,0.1335239829559992,-0.781958450502396,0.999987547004426,False,False,False
Ptger3,-0.1274070813762076,0.5410994395613701,-0.714004690059506,0.999987547004426,False,False,False
Cox15,0.051293979082992325,0.8475266291100455,-0.30510354555625,0.999987547004426,False,False,False
Rab11fip2,-0.5966027284990332,0.050435168030449576,-0.124431152945231,0.999987547004426,False,False,False
Ythdf2,-0.01659619819423529,0.9368328710024229,-0.26025120492179,0.999987547004426,False,False,False
Saa3,-0.49501197574071243,0.023903837041273582,-0.112379023075882,0.999987547004426,True,False,False
Elavl1,0.1648144059063549,0.20880233186535063,0.427099697740696,0.999987547004426,False,False,False
Ipo8,-0.46370117863078314,0.027328784907419253,0.052620797513848,0.999987547004426,True,False,False
Stat2,-0.45205944504861684,0.0005750932622731245,0.456069397676789,0.999987547004426,True,False,False
Nup43,0.02301534255383976,0.9545825673434255,-0.292582581306375,0.999987547004426,False,False,False
Ift88,-0.048312296066844305,0.9251879110789692,-0.0330520144335589,0.999987547004426,False,False,False
Rbms2,-0.07538014708112763,0.8393425661515694,-0.633207483863561,0.999987547004426,False,False,False
Orc3,0.05057304983503907,0.8030784757659586,-0.0010223236039879,0.999987547004426,False,False,False
Ndufb10,0.032034334813866826,0.8723721464139942,-0.359914412664171,0.999987547004426,False,False,False
Baz2a,-0.2903639050343163,0.06300507972085369,-0.210874828496524,0.999987547004426,False,False,False
Plcb2,-0.6879051092104412,3.0308498953981063e-07,-0.229269831452025,0.999987547004426,True,False,False
Bub1b,-0.5550878244223989,0.001244425401132952,-0.187536072323524,0.999987547004426,True,False,False
Bmf,0.3290395537738104,0.21252410197503885,-0.538338062907293,0.999987547004426,False,False,False
Plpp6,-0.01718112090002387,0.9609228358568633,-0.176226443517063,0.999987547004426,False,False,False
Gramd1b,-0.3178609242103471,0.17966210028846083,0.151605694465343,0.999987547004426,False,False,False
Mrps35,0.011435709982471171,0.9721198100126763,-0.120258258711539,0.999987547004426,False,False,False
Gorab,-0.6929938789944957,0.019216310897046313,-0.10808989916657,0.999987547004426,True,False,False
Pnrc1,0.34338649361662665,0.004865746675583418,-0.702145284881263,0.999987547004426,True,False,False
9430038I01Rik,0.18143955876644743,0.3701882859602731,-0.528452030845836,0.999987547004426,False,False,False
Hs2st1,0.04600184200918121,0.8898033470845894,0.247170393822697,0.999987547004426,False,False,False
Thbs1,2.059720789659355,8.453259774972107e-27,-0.240426920938469,0.999987547004426,True,False,False
Tax1bp3,0.5780917705511776,3.4782353826014703e-07,-0.445562044227894,0.999987547004426,True,False,False
Cd209c,0.7416305944837351,0.0006579476977078245,-0.0831214106018905,0.999987547004426,True,False,False
Alkbh3,0.024788376622775988,0.9229348053929266,-0.202314192807887,0.999987547004426,False,False,False
2310057M21Rik,-0.2565717597262956,0.33801172995797807,-0.250991081474899,0.999987547004426,False,False,False
Fmo1,-1.3695458577540445,2.0059066364489533e-08,0.434743412611839,0.999987547004426,True,False,False
Ankrd6,0.11312114198262986,0.9229348053929266,-0.0184370628998485,0.999987547004426,False,False,False
Scamp2,0.09380682309479914,0.5548048346834836,-0.409840555394139,0.999987547004426,False,False,False
Odad1,-0.05532988386734656,0.9225554426306357,-0.650931831038177,0.999987547004426,False,False,False
Nemp1,0.012726813216586582,0.9796590273505534,-0.404985155106189,0.999987547004426,False,False,False
Cd209e,1.5909054709855122,0.016398857232836753,0.901510784928164,0.999987547004426,True,False,False
Pclaf,-0.4426484231939346,0.0005220351863807091,0.0570668761762372,0.999987547004426,True,False,False
Zfp704,1.4323749041193938,1.267401882361883e-07,0.753370876474295,0.999987547004426,True,False,False
Emp3,0.08440769556841637,0.6478468947828578,-0.0137061350122574,0.999987547004426,False,False,False
Kyat3,0.3150782568241201,0.29932623948422277,-0.183125370233025,0.999987547004426,False,False,False
Gas8,-0.22075730939464397,0.5790553816710858,-0.22032159221111,0.999987547004426,False,False,False
Prrc2c,-0.3733971859238199,0.032398587276597286,0.503067922115322,0.999987547004426,True,False,False
Gpr34,-0.15583573409024787,0.4827706851314934,0.231571492023694,0.999987547004426,False,False,False
Trappc5,-0.15694714020592326,0.3744040394721863,-0.218461340489977,0.999987547004426,False,False,False
Ints13,0.06914931764036758,0.779324156893635,-0.306546552919652,0.999987547004426,False,False,False
Gbp7,0.6310852401937167,0.3268503156555148,0.463036601858115,0.999987547004426,False,False,False
Klhdc4,0.050153297762977854,0.8606889189552244,-0.284865663256169,0.999987547004426,False,False,False
Gbp2b,-0.3211171186209056,0.8000129960112046,0.25194155627502,0.999987547004426,False,False,False
Dnm3,-0.7350775689940227,0.18452933070221855,0.229153935325416,0.999987547004426,False,False,False
Plekha1,-0.09227014316858642,0.675172708217628,-1.101192517172,0.999987547004426,False,False,False
Mrps28,0.4183228736115569,0.0038443178778936955,-0.577395649668374,0.999987547004426,True,False,False
Bach2,0.03860134844233296,0.9394826170206794,-0.178661952868551,0.999987547004426,False,False,False
Accs,-0.04772278430977451,0.9243889663934669,0.459327204900633,0.999987547004426,False,False,False
Cdk6,-0.40548611555455866,0.009664270505000072,0.215727258680393,0.999987547004426,True,False,False
Pacsin1,-1.199150999915601,0.18583393542111304,-0.451808800652968,0.999987547004426,False,False,False
Cdin1,-0.8683125122036395,0.0022859706462163686,-0.158046590937008,0.999987547004426,True,False,False
Btnl9,-0.67243819278532,0.04900578080495721,-0.0675064177107783,0.999987547004426,True,False,False
Suco,-0.3439858624058513,0.016191620041239023,-0.272546479843517,0.999987547004426,True,False,False
Btbd16,-0.45020496886702027,0.1819702685950999,-0.504251808278878,0.999987547004426,False,False,False
Cchcr1,-0.3320623032237045,0.3166377253813991,-0.0123524523092478,0.999987547004426,False,False,False
Zfp770,-0.8720628831588245,6.1652801428957e-07,0.143315508533793,0.999987547004426,True,False,False
Slc25a24,0.5782940903273422,0.07291686937527787,-0.268833687679945,0.999987547004426,False,False,False
Dcaf1,0.011231732819178457,0.9864036379183437,-0.425411910413957,0.999987547004426,False,False,False
Cul9,0.25851362011482404,0.45549371648112896,-0.27650322533651,0.999987547004426,False,False,False
Il7,-0.09444573682483967,0.8362393207875777,-0.0391208188050953,0.999987547004426,False,False,False
Arhgap9,-0.24240253098697803,0.057951851123780436,0.524081991130614,0.999987547004426,False,False,False
Trim7,0.16841681253806567,0.3449256060987842,-0.365507980553976,0.999987547004426,False,False,False
Mars1,0.2445844075501936,0.12913657533519268,-0.0981643765741778,0.999987547004426,False,False,False
Ufl1,-0.14481023453179293,0.4374270533450505,0.0595694812389826,0.999987547004426,False,False,False
Bcor,-0.3864843695572766,0.06638567753001536,0.378285135475856,0.999987547004426,False,False,False
Sec1,0.35092562888930096,0.2884360364775774,-0.635987906870104,0.999987547004426,False,False,False
Trim41,-0.6106165037821367,0.07378976487698635,-0.241903075159103,0.999987547004426,False,False,False
Pex2,0.07282846814979856,0.6761214283238465,0.27550112774355,0.999987547004426,False,False,False
Cbln3,-0.681264539155087,0.4606247158721066,-0.699126490361684,0.999987547004426,False,False,False
Aqr,-0.4737346753831671,0.00017863235205161726,0.0418744226283234,0.999987547004426,True,False,False
Ppp1ca,0.26331311635366533,0.011563710838126157,-0.370681265432426,0.999987547004426,True,False,False
Wdr47,-0.07282734731796209,0.8441040082191579,-0.139762976322023,0.999987547004426,False,False,False
Map3k10,0.12067865638657171,0.7936587241021406,-0.305279917102767,0.999987547004426,False,False,False
Abhd13,-0.13107121123869084,0.5548498796987279,-0.113358091762351,0.999987547004426,False,False,False
Akap9,-0.20634583168985243,0.10686214619586738,0.476495010771202,0.999987547004426,False,False,False
Fbxl4,-0.03794213836659603,0.9102239888986954,0.0027471269540377,0.999987547004426,False,False,False
Slc25a28,0.4429970193350036,0.04534332441797874,-0.478376588131635,0.999987547004426,True,False,False
Dtx3,0.4938139211731871,0.00806276202183565,-0.123140792713782,0.999987547004426,True,False,False
Mterf1a,-0.6301707065433215,0.008534779473509693,-0.874736620781646,0.999987547004426,True,False,False
Pitpnc1,-0.0011213620668299236,0.9968028550036951,-0.516815565310924,0.999987547004426,False,False,False
Zbtb38,-0.08100946940114391,0.78970111820927,-0.277866501815522,0.999987547004426,False,False,False
Large2,0.23623080838955032,0.7640437211306037,-0.0332086128602569,0.999987547004426,False,False,False
Ppp1r15a,0.2570894812519036,0.15679721234061306,-0.0772031428866304,0.999987547004426,False,False,False
Rprd1a,0.12979191832664816,0.6612837741737704,-0.0178626236678934,0.999987547004426,False,False,False
Spns2,-0.5280588486364519,0.6316055601313946,-0.344717837029543,0.999987547004426,False,False,False
Usp45,-0.19861381670540093,0.33256125176266804,-0.267477168896045,0.999987547004426,False,False,False
Arglu1,-0.15144438527206638,0.2967557717900474,-0.242571035961539,0.999987547004426,False,False,False
Os9,0.3124099625572844,0.025961823535692447,-0.323982781737652,0.999987547004426,True,False,False
Mybbp1a,0.019081567667072568,0.937550904634815,-0.155219848075638,0.999987547004426,False,False,False
Gtpbp10,0.055916780799970096,0.8888894485436352,0.389331018737363,0.999987547004426,False,False,False
Blvrb,1.0282352457193762,1.9849117652240975e-13,-0.348065759003449,0.999987547004426,True,False,False
Rabggta,-0.14203411842874225,0.5179508797055614,0.498466645853009,0.999987547004426,False,False,False
Dgkz,0.20684852233492437,0.4389593715190047,-0.527051521678136,0.999987547004426,False,False,False
Bptf,-0.22272118973483934,0.19354695057337226,-0.510340115784969,0.999987547004426,False,False,False
Dxo,0.3913463350332129,0.008934267419803287,-0.47292577623233,0.999987547004426,True,False,False
Xaf1,-0.14102911721459546,0.4444681136432255,-0.369276127499814,0.999987547004426,False,False,False
Ambra1,-0.18845199036544535,0.4030932542471494,0.287939880539536,0.999987547004426,False,False,False
Pvr,0.42467885139341854,0.0034985099843692817,0.728669838713046,0.999987547004426,True,False,False
Manea,-0.20263969862025086,0.6086640062583545,0.351977735019131,0.999987547004426,False,False,False
Tsfm,0.14878770281138437,0.44727143143919473,0.184537375571526,0.999987547004426,False,False,False
Tlr8,1.2907463175932496,1.0676332498156201e-05,0.511880716624159,0.999987547004426,True,False,False
Zfp609,0.72906668315915,0.014143395982956022,-0.442096698563037,0.999987547004426,True,False,False
Milr1,-0.47330083561098724,0.0002587083744428358,0.302976627981981,0.999987547004426,True,False,False
Abhd11,0.382151366169655,0.014454758759482215,-0.23030975091784,0.999987547004426,True,False,False
Matn1,0.4586933770875659,0.6721563403060608,0.017145513923972,0.999987547004426,False,False,False
Adam22,-0.017931509194185152,0.9513930334930046,-0.344069476939769,0.999987547004426,False,False,False
Tex2,0.033323151324262563,0.9396539088408996,-0.726541514665415,0.999987547004426,False,False,False
Otud6b,0.07836786161473534,0.7961189686711526,0.0226885485490396,0.999987547004426,False,False,False
C3ar1,0.6828899505207974,0.28588727127112995,-0.363174102521252,0.999987547004426,False,False,False
Mettl27,1.285441699464026,0.004392571836408411,-0.520178820043892,0.999987547004426,True,False,False
Wdr7,0.21400191080829858,0.5630086614044408,0.692832853301612,0.999987547004426,False,False,False
Btaf1,-0.18206911899003034,0.3452462607641662,-0.151662735347156,0.999987547004426,False,False,False
Rundc3b,-0.9771048529659858,3.848655181645053e-06,-0.162692833871905,0.999987547004426,True,False,False
Abcb1a,-1.0765233157065042,1.3246996958568957e-19,0.102043824567897,0.999987547004426,True,False,False
Ofd1,-0.09380680680561691,0.7790219931980287,-0.0238295953093184,0.999987547004426,False,False,False
Cd79b,0.4108284080101056,0.0017265467152807505,-1.41774132467617,0.999987547004426,True,False,False
Ranbp17,0.07369408787416029,0.9472958008755167,-0.294776555818821,0.999987547004426,False,False,False
Pogk,0.18771262973026231,0.6261634606973023,0.0120752900105829,0.999987547004426,False,False,False
Mis12,-0.10930992794809513,0.6428160244819972,-0.270522590927296,0.999987547004426,False,False,False
Apobec1,0.003655388387320175,0.9866642934350298,-0.299570601748659,0.999987547004426,False,False,False
Pck2,0.5558508640080049,0.034336515522074215,-0.398947373305151,0.999987547004426,True,False,False
Dhx33,0.22456011841030876,0.4426191334098618,-0.410611119189552,0.999987547004426,False,False,False
Gemin8,0.33593467270861566,0.1222083131254698,-0.456437047050417,0.999987547004426,False,False,False
Plekhg1,1.7162431162879466,0.00401735960656913,-0.293084882919675,0.999987547004426,True,False,False
Dok4,0.25063604623701446,0.7308193089009664,-0.0539518074719139,0.999987547004426,False,False,False
Ppip5k2,0.0021731635464664048,0.9941026950334206,0.553467167924109,0.999987547004426,False,False,False
Tasor,-0.24140673372667792,0.23456384030611369,0.54224429574395,0.999987547004426,False,False,False
Oaz2,0.6123182601356876,1.6442751753497095e-06,-0.348345029238613,0.999987547004426,True,False,False
Dnph1,-0.44999551490616696,0.16363585087199142,-0.031046027953729,0.999987547004426,False,False,False
Efhd2,0.03785775986938024,0.8165040955389056,-0.367121756486099,0.999987547004426,False,False,False
Rad54l2,-0.784065696588392,0.02604768192936767,-0.338388530541276,0.999987547004426,True,False,False
Nup88,0.06797840969240146,0.7113959117261126,-0.291771668054866,0.999987547004426,False,False,False
Phc1,-0.46886558247364213,0.008849329041002179,-0.207513650093348,0.999987547004426,True,False,False
Mthfd1l,0.08833071395308288,0.8361922353122294,-0.0914961116409945,0.999987547004426,False,False,False
Kremen2,-1.5040222699596892,0.0018752622292424637,0.143714467705113,0.999987547004426,True,False,False
Hmgn1,0.07325401657536758,0.6195326540164515,-0.600098576834672,0.999987547004426,False,False,False
Madd,-0.017644044910707767,0.9474554188461275,-0.273405931244289,0.999987547004426,False,False,False
Tbl3,0.03207338152643779,0.8990498299259746,-0.388230664955758,0.999987547004426,False,False,False
Dnajc16,-0.2352615648580103,0.37762892799637116,-0.205732285226327,0.999987547004426,False,False,False
Limd2,-0.00332076987183041,0.986948213511101,-0.116881024413785,0.999987547004426,False,False,False
Ap1g2,0.051396950173180425,0.8249673063892381,-0.0052747563137538,0.999987547004426,False,False,False
Cyp2s1,-1.4224306700613392,0.006744256902708841,-0.149609797830295,0.999987547004426,True,False,False
St8sia4,0.08919039253281029,0.5698519867117756,-0.254934833358394,0.999987547004426,False,False,False
Sh3pxd2b,0.6367060059367998,0.11823913726787735,-0.437486286150325,0.999987547004426,False,False,False
Camta2,-0.09472882777224932,0.6142552123818877,-0.510723518482563,0.999987547004426,False,False,False
Creg1,0.6427820694513312,7.370137006179022e-12,-0.190199085233336,0.999987547004426,True,False,False
Il17rd,-0.6872171794585716,0.3748622345635148,-0.311171046462559,0.999987547004426,False,False,False
Virma,-0.3680642708976456,0.03349871655255915,0.374330979771885,0.999987547004426,True,False,False
Zfhx2,-0.1732936659770302,0.7148370881049119,0.185090036645411,0.999987547004426,False,False,False
Rcsd1,-0.22182032616736533,0.15798544241561097,0.247774475026528,0.999987547004426,False,False,False
Kcna2,0.6877593669883992,0.28083470562324236,0.0955820669263909,0.999987547004426,False,False,False
Eif4h,0.09300633386174822,0.5210383301886834,-0.236920912684274,0.999987547004426,False,False,False
Ints8,0.025903579427461697,0.9225554426306357,0.229790253849792,0.999987547004426,False,False,False
Rnf167,-0.36312455184374715,0.007460938997454321,-0.193067601924179,0.999987547004426,True,False,False
Cd53,-0.031624819295861625,0.8539221026985198,-0.636254506858026,0.999987547004426,False,False,False
Siah1b,-0.3963635315217533,0.2547559441607856,-0.0566411237458517,0.999987547004426,False,False,False
Lat2,-0.035847892061698625,0.868359643826167,0.663010675270882,0.999987547004426,False,False,False
Appl1,-0.007408154538233256,0.9776434128882778,-0.032404520815275,0.999987547004426,False,False,False
Spen,0.05448187474080563,0.843224472452302,-0.603356639070617,0.999987547004426,False,False,False
Snrnp25,0.0036808990360716566,0.9876316264793047,-0.0381567196749764,0.999987547004426,False,False,False
Cop1,-0.008420894683377485,0.971279442885948,0.249621908048384,0.999987547004426,False,False,False
Ttc3,0.06014898946093821,0.7978252540503973,-0.152777439999071,0.999987547004426,False,False,False
Iqcc,-0.09849055616269693,0.7551601462418429,-0.572669475878016,0.999987547004426,False,False,False
Tex264,-0.12326354878245734,0.722667743485642,-0.291506874671724,0.999987547004426,False,False,False
Dennd6a,-0.32478370160623415,0.0272789786628655,-0.199929534438284,0.999987547004426,True,False,False
Hlcs,-0.8740360161032295,9.810565920990333e-11,-0.380384151523655,0.999987547004426,True,False,False
Gpr161,-0.8563655395257306,0.15479674780732122,0.498804775215565,0.999987547004426,False,False,False
Szrd1,0.16745896236498645,0.3171292106612364,-0.304878017164187,0.999987547004426,False,False,False
Tiprl,-0.017420832174872163,0.935004576945164,0.0613171330805518,0.999987547004426,False,False,False
Sft2d2,0.12262698298029834,0.523928626374099,0.155848172174208,0.999987547004426,False,False,False
Psme4,-0.08335733295901487,0.7418793833921049,0.0527598427768901,0.999987547004426,False,False,False
Erf,0.5371159574030986,0.31542360793063223,-0.237333639421319,0.999987547004426,False,False,False
Bsdc1,0.1579007015832871,0.3644775821682235,-0.295527513082749,0.999987547004426,False,False,False
Crocc,0.4092518412738607,0.7271303134470457,-0.217552691802837,0.999987547004426,False,False,False
Ino80d,-0.21937831244310216,0.27066742038093033,-0.233553355270369,0.999987547004426,False,False,False
Ccr6,-0.795785669456699,1.4140122238251438e-09,0.798948162018182,0.999987547004426,True,False,False
Atp1a3,0.5651177084905358,0.0016684120418195714,-0.744644908530001,0.999987547004426,True,False,False
Fbxw4,0.5445263298418125,0.0536831868354695,-0.182744842358032,0.999987547004426,False,False,False
Slc19a2,0.7004219700190818,0.03367248707112734,-0.0119645552411924,0.999987547004426,True,False,False
S100pbp,-0.5223674043262139,0.00010103339262424153,-0.173797448521204,0.999987547004426,True,False,False
Rfx3,-0.2509853814004271,0.40799771880742347,-0.372415183764868,0.999987547004426,False,False,False
Arhgef1,-0.1336259178608737,0.4736909014355319,-0.279790475660951,0.999987547004426,False,False,False
Tet2,-0.2792387170245488,0.05360941753197587,-0.0339065519415209,0.999987547004426,False,False,False
Rps19,0.12344263922248146,0.5061201480269282,-0.214518311060466,0.999987547004426,False,False,False
Cables1,0.021680266247302595,0.985325601867215,-0.257689669238383,0.999987547004426,False,False,False
Arhgef10l,1.3730428731583002,1.9399693618016798e-07,-0.848098240617861,0.999987547004426,True,False,False
Mill2,-0.11653715064605782,0.923045518408609,-0.688582955458775,0.999987547004426,False,False,False
Sh3kbp1,0.184613128798177,0.27112551947535884,-1.03340330495655,0.999987547004426,False,False,False
Trim62,0.4404778181542529,0.16212511966342458,-0.618243264208334,0.999987547004426,False,False,False
Cmtm8,-0.16401887701975237,0.7294703467618008,-0.172999701412746,0.999987547004426,False,False,False
Iffo2,-0.04762698246237699,0.9173334588481596,-0.881043953480352,0.999987547004426,False,False,False
Dpcd,0.2410866406227936,0.24618427208049593,-0.920009519415798,0.999987547004426,False,False,False
Irgq,0.11420365713531387,0.8775751380271101,-0.709893635212227,0.999987547004426,False,False,False
Fam117b,-0.01789132172966447,0.9544599061375582,0.237338345406002,0.999987547004426,False,False,False
Ramp3,1.3910577350362228,1.2302883965222076e-17,-0.430759051501584,0.999987547004426,True,False,False
Wwp1,-0.15047351824575741,0.6029294215950174,0.134717596636783,0.999987547004426,False,False,False
Pif1,-0.30558495236208694,0.7373632205050651,-0.45643874928319,0.999987547004426,False,False,False
Fzd7,0.6142260968101099,0.23771177082592418,0.0630078729512862,0.999987547004426,False,False,False
Rwdd2b,-0.058704890732894296,0.8760403449964448,0.447664118722905,0.999987547004426,False,False,False
Ostc,0.11924661461591003,0.3475370470834899,0.0482244786013695,0.999987547004426,False,False,False
Tspyl2,0.494531010466343,0.01642685779416932,-0.296468811427192,0.999987547004426,True,False,False
Elmo1,-0.09655307470297832,0.5194798599701287,0.92444554809407,0.999987547004426,False,False,False
Iqsec2,0.6584277856027286,0.09524030515864318,0.707879850271142,0.999987547004426,False,False,False
Ccdc8,-1.0467309223651562,0.00138492425845222,-0.809098803626023,0.999987547004426,True,False,False
Nbl1,-0.24609834213113008,0.6086640062583545,-0.749025442542191,0.999987547004426,False,False,False
Msantd4,-0.02361426151319811,0.9362159738402466,-0.13993288204426,0.999987547004426,False,False,False
H2az2,0.0772880664474258,0.6443004267207697,-0.471590672238819,0.999987547004426,False,False,False
Zfp598,0.17242772573765425,0.663184663632443,-0.362242367719817,0.999987547004426,False,False,False
N4bp2l1,-0.577393148626894,3.31243889822871e-05,0.381029875441247,0.999987547004426,True,False,False
Ripk2,0.020756990776040637,0.9282404526113183,0.190288111819592,0.999987547004426,False,False,False
Tmco4,0.23922136752260867,0.3333580823375308,0.0737639574141564,0.999987547004426,False,False,False
Brca2,-0.5518529237675166,0.023804677048130586,-0.0815522124565797,0.999987547004426,True,False,False
Osgin2,0.010600703913234668,0.972592124086418,-0.115340792006011,0.999987547004426,False,False,False
Otud3,0.18905172319023297,0.7448016535781788,-0.409298089095797,0.999987547004426,False,False,False
Zmiz2,0.02226841987196015,0.9106351821798189,-0.182172465158401,0.999987547004426,False,False,False
Lonp1,0.26095965919710534,0.1401136620526241,-0.007488639520691,0.999987547004426,False,False,False
Hectd2,-0.011703332347367968,0.9812944867473612,-0.249378674400691,0.999987547004426,False,False,False
Prkd2,-0.5292921070154822,0.0025970365511513585,-0.189839482147246,0.999987547004426,True,False,False
Chrnb1,0.11984311180065077,0.8505367199185737,-0.329689531141307,0.999987547004426,False,False,False
Rpusd1,-0.04761475226468959,0.9104677433261092,-0.331309663419573,0.999987547004426,False,False,False
Trir,0.11168051425501864,0.43674263422836024,-0.29880371750789,0.999987547004426,False,False,False
Yeats2,-0.05405957231266483,0.8734416869017837,-0.0028369875217935,0.999987547004426,False,False,False
Arhgap11a,-0.3530245820806283,0.057701131096989995,0.130150674973303,0.999987547004426,False,False,False
Elovl6,0.2703626536156251,0.5227736116054095,-0.324444096835093,0.999987547004426,False,False,False
Arhgap12,0.02018912895932968,0.9462685193727323,-0.289928254029197,0.999987547004426,False,False,False
Phf8,0.0250687222582827,0.9396539088408996,0.256750327400201,0.999987547004426,False,False,False
Chd7,-0.4367175221531827,0.00367212326812046,0.717786117667559,0.999987547004426,True,False,False
Vps41,0.11128148311641392,0.494067767846894,0.155908809034123,0.999987547004426,False,False,False
Mul1,0.12581193794552492,0.6473395030298633,-0.22325543519237,0.999987547004426,False,False,False
Zfp236,-0.4606296721739567,0.0024365246265483534,-0.244463843010342,0.999987547004426,True,False,False
Dmxl2,1.00429993649557,0.05204041186954793,-0.311915817880024,0.999987547004426,False,False,False
Ttc1,0.22069032737589792,0.15295712712214835,-0.968461758032968,0.999987547004426,False,False,False
Cdk13,-0.20778968695994046,0.2469797244328873,0.808416100294781,0.999987547004426,False,False,False
Katnal1,0.032144904337786155,0.9543748323838065,-0.197749481502426,0.999987547004426,False,False,False
Gtf3c3,-0.023247578338659543,0.9470923161089244,-0.241341445814665,0.999987547004426,False,False,False
Sntb2,0.09815384952573518,0.7453074497616724,-0.0554756656189683,0.999987547004426,False,False,False
Slc7a1,-0.16396713901057675,0.4905237637120645,-0.319638575423549,0.999987547004426,False,False,False
Ak7,-0.3361628895423592,0.7695102517101734,-0.0916141410176587,0.999987547004426,False,False,False
Inhba,0.06755001267365807,0.956477673218313,-0.0504341809745226,0.999987547004426,False,False,False
Pcf11,-0.2266493416020537,0.14645522336869826,0.319195343655247,0.999987547004426,False,False,False
Atg2b,-0.20480324135410735,0.48350480009655045,-0.117767402540882,0.999987547004426,False,False,False
Wrap53,-0.16362177447735254,0.5900163945554974,-0.293009451883735,0.999987547004426,False,False,False
Rap1gap,1.773453247454289,0.03572999082624955,-0.184126303473463,0.999987547004426,True,False,False
Rgl2,0.27242861681742603,0.09864361472899999,-0.293431318546705,0.999987547004426,False,False,False
Pum3,0.22995967231918385,0.10378294715119683,-0.135082587255288,0.999987547004426,False,False,False
Myzap,-0.29322504392663,0.6641610502466712,-0.116057725344469,0.999987547004426,False,False,False
Ccdc9,0.37574164675645133,0.056944956634483436,-0.343250635278901,0.999987547004426,False,False,False
Mdfic,-0.10661970907057165,0.5885779918589311,0.483340086297233,0.999987547004426,False,False,False
Mettl18,-0.6476079124251053,0.08193036564624526,-0.395060293927687,0.999987547004426,False,False,False
Dicer1,-0.3384393654775255,0.1595979822549545,0.397341552974691,0.999987547004426,False,False,False
Pik3r1,0.015412135059139926,0.9625978313751933,-0.183484232432095,0.999987547004426,False,False,False
Meis3,-0.4268674414852464,0.04511359037042966,0.593550879966416,0.999987547004426,True,False,False
Hibch,0.21574324699568453,0.32138287513947017,-0.360418977383214,0.999987547004426,False,False,False
Ccnb1,0.09700771958931531,0.7064254001345172,-0.280346558490904,0.999987547004426,False,False,False
Mfsd6,0.25028322073402937,0.10551152621113383,0.195891992050087,0.999987547004426,False,False,False
Gk5,-0.18259282932096618,0.8441040082191579,-0.152356450750162,0.999987547004426,False,False,False
Arhgap32,-1.0750667717262583,0.015460856472944401,0.160763469557777,0.999987547004426,True,False,False
Rpl21,0.008272340884786853,0.9720105726978375,-0.351091484968059,0.999987547004426,False,False,False
Tardbp,-0.3274609234673705,0.014061571840071039,-0.122353213748741,0.999987547004426,True,False,False
Shld2,-0.4477543717262227,0.048124180761653326,0.189147643298059,0.999987547004426,True,False,False
Dcp1b,0.23192934572848264,0.4002214663506894,-0.332341922009316,0.999987547004426,False,False,False
Serpina3g,0.06659247803090274,0.713836486455465,0.0988505727028555,0.999987547004426,False,False,False
Zfp281,-0.11507269464056688,0.6294502006350459,-0.199401124744502,0.999987547004426,False,False,False
Stx3,0.6090578099676704,0.008085233427456578,0.0175204258829007,0.999987547004426,True,False,False
Cep78,-0.06432975019899853,0.8874441893821688,-0.6178963062482,0.999987547004426,False,False,False
Kif14,-0.012743534592725168,0.9867314870351778,-0.223409944710106,0.999987547004426,False,False,False
Rrp9,0.07156765747522922,0.8230382157583792,0.173276352679824,0.999987547004426,False,False,False
Irf8,0.9046870974598524,3.9595728073946533e-13,-0.521679859815678,0.999987547004426,True,False,False
Rnf123,-0.25573927917335226,0.21862265313685683,0.220342989411053,0.999987547004426,False,False,False
Ago1,0.13766782381314568,0.7575267733286084,-0.228895347557264,0.999987547004426,False,False,False
H2-Ob,-0.472515163987327,9.871530855349613e-05,0.306564319291418,0.999987547004426,True,False,False
Sox5,0.7313822442462876,0.5974486582031037,-0.6253115622315,0.999987547004426,False,False,False
Nop53,0.06890794271057656,0.6940500989926475,-0.0277686991622605,0.999987547004426,False,False,False
L3mbtl4,0.49870664944574944,0.2556213723236649,-0.599878519901638,0.999987547004426,False,False,False
Serpina12,0.6933084611142548,0.006475099934580167,0.420117120604576,0.999987547004426,True,False,False
Camsap2,-0.32922655639905485,0.34556880923475886,-0.139642886497241,0.999987547004426,False,False,False
Selenow,0.3316538988749046,0.01745020215292481,-0.113763153347562,0.999987547004426,True,False,False
Tmtc4,-0.9584421298500811,0.0007741730522627599,1.6947428745136,0.999987547004426,True,False,False
Cdc42ep4,0.5755542836055183,0.03619040373301346,-0.164695145209954,0.999987547004426,True,False,False
Inava,0.6941345555107423,0.5372000600237646,0.0463970681765593,0.999987547004426,False,False,False
Mbp,-0.527672530520129,0.000504156239553736,-0.72168336115419,0.999987547004426,True,False,False
Bicdl1,0.3210828929241335,0.6584224366081547,-0.326256817177907,0.999987547004426,False,False,False
Mrps27,0.13648517805565294,0.48382425036395044,0.377542525177701,0.999987547004426,False,False,False
Kctd12b,0.13989033088917138,0.8329039300414652,-0.696007341540078,0.999987547004426,False,False,False
Kif21b,-0.34744656825003745,0.18256646296261547,-0.55864977452368,0.999987547004426,False,False,False
Ddx24,0.08392711658119378,0.5777873373496525,-0.176778140610937,0.999987547004426,False,False,False
Klf8,-0.2796715892880557,0.5002976060252422,-0.398355483473162,0.999987547004426,False,False,False
Pcca,0.12461312285572693,0.6316446739571259,-0.163765233162092,0.999987547004426,False,False,False
Rragb,-0.022830801367963095,0.9544463775683181,-0.124574351887781,0.999987547004426,False,False,False
Pyroxd1,0.19298918583812533,0.3577191323151137,-0.454813142271775,0.999987547004426,False,False,False
Bivm,-0.39692210554622387,0.3132061972299859,-0.081503581918426,0.999987547004426,False,False,False
Fcho2,0.1174682324564575,0.48382425036395044,-0.215406085829883,0.999987547004426,False,False,False
Amot,0.4606553812593855,0.5373819861510974,-0.569702392275253,0.999987547004426,False,False,False
Kcnj2,0.32877270529197156,0.6394686435326672,0.346048024633919,0.999987547004426,False,False,False
Rasl12,-1.33453406024437,6.121759875664425e-05,0.273735557470844,0.999987547004426,True,False,False
Cox6a1,0.02671936637524467,0.9088602310236269,-0.119855370724129,0.999987547004426,False,False,False
Btbd7,-0.170029895353727,0.41310044697379844,-0.278140124913238,0.999987547004426,False,False,False
Tmem273,-1.668603106538212,1.3162438839717736e-19,0.150722845656412,0.999987547004426,True,False,False
Ubr7,0.04484681947986917,0.8711832738768497,-0.170348247129327,0.999987547004426,False,False,False
Alg13,0.06435372698625999,0.8393690363813713,0.119776779073622,0.999987547004426,False,False,False
Coq5,-0.03801976292188358,0.8838822500297288,-0.11283188812519,0.999987547004426,False,False,False
Tspo,0.8950628549710152,1.9849117652240975e-13,-0.51268678548007,0.999987547004426,True,False,False
Rnf10,0.23377956907491224,0.16619612691677504,-0.0466431725548757,0.999987547004426,False,False,False
Utp15,-0.06743409918604815,0.7838009850670826,0.283386087149143,0.999987547004426,False,False,False
Cd1d2,-0.7182374073358251,0.37785032169359684,-0.706076122634611,0.999987547004426,False,False,False
Trem3,-0.7383637831254654,0.01210155387507168,0.174140091575179,0.999987547004426,True,False,False
Tpp2,-0.2419467537815162,0.09632762419691317,-0.185191787768973,0.999987547004426,False,False,False
Ubac2,0.051713550315085274,0.7427419649870515,-0.761001367472454,0.999987547004426,False,False,False
Ppp2r2d,-0.08886792999080956,0.6892195903959338,-0.690650153833572,0.999987547004426,False,False,False
Enc1,-0.31547367319021963,0.38095050885665577,0.315477583479428,0.999987547004426,False,False,False
Mapk1ip1,0.00021315185147371634,0.9992671561299479,-0.222634133557204,0.999987547004426,False,False,False
Cir1,0.028338427666141114,0.9140320998699034,0.0530728212723446,0.999987547004426,False,False,False
Tram2,0.02142454838443722,0.9761720140428017,-0.19417817727002,0.999987547004426,False,False,False
Cpsf2,-0.38769130500502724,0.0010985058526233288,-0.146396006194656,0.999987547004426,True,False,False
Lad1,-0.5673083362272959,0.0005762707280015735,-0.325605344025662,0.999987547004426,True,False,False
Abca9,1.210946352684666,5.308136116778959e-13,-0.163503241498251,0.999987547004426,True,False,False
Phlda3,0.6832101911520803,0.14038697031240982,-0.60694279359176,0.999987547004426,False,False,False
Efhc1,-1.0790581784016828,0.23941571210229556,-0.250267144919249,0.999987547004426,False,False,False
Poldip3,0.1586010697186809,0.28420052930843376,0.363584039368821,0.999987547004426,False,False,False
Ptpre,0.0024856197659083746,0.9908779309443674,-0.0308348903106515,0.999987547004426,False,False,False
Pdcd7,0.11577955035945056,0.6053484351278676,-0.35547004593689,0.999987547004426,False,False,False
Haus1,-0.0811098821220116,0.8147170924065843,-0.0441219178455325,0.999987547004426,False,False,False
Rpl37,-0.04290485425237647,0.8833991339082673,-0.181721270991943,0.999987547004426,False,False,False
Rhod,-0.31372160207977556,0.5243461757004073,-0.0644408296973218,0.999987547004426,False,False,False
Ppp4r3a,-0.16019554375763026,0.4251995557158601,0.0693270199459102,0.999987547004426,False,False,False
Card6,-0.907516692539082,0.0035913045557690202,-0.410457261236476,0.999987547004426,True,False,False
Tcf20,-0.24306373291551836,0.4537422955846172,-0.490193376762832,0.999987547004426,False,False,False
Mcm3,-0.10332325233633814,0.5915476071479614,-0.139592793442448,0.999987547004426,False,False,False
Ankrd13a,0.12405175884286262,0.4706079948244928,-0.48273788901774,0.999987547004426,False,False,False
Ipo9,-0.1593493601542293,0.46910830792827335,-0.150776928566325,0.999987547004426,False,False,False
Git2,-0.14084626390405972,0.33358991338141675,-0.104352947415578,0.999987547004426,False,False,False
Lman1,0.12575827658379893,0.5377582268359132,-0.0524022326903824,0.999987547004426,False,False,False
Wipi1,0.7485165609440446,0.2191654712549172,-0.424528712766747,0.999987547004426,False,False,False
Gpr45,0.9144096489001559,0.23463094643766158,-0.558099433681035,0.999987547004426,False,False,False
Tdrkh,-0.053630037293078595,0.9435050999348343,-0.206091832037778,0.999987547004426,False,False,False
Ammecr1l,0.050858872980192815,0.8370756348237369,0.0257193577007779,0.999987547004426,False,False,False
Slc16a6,-0.42838506707999696,0.07360020678890106,0.376620282031523,0.999987547004426,False,False,False
Metap1d,-0.0967674308893924,0.7674746527300264,-0.291429339088603,0.999987547004426,False,False,False
Rnpep,0.22278690546382537,0.09769781699346915,-0.22667266015464,0.999987547004426,False,False,False
Agrn,0.5386882886654291,0.18452933070221855,-0.365272819600472,0.999987547004426,False,False,False
Mvk,-0.10606643064210342,0.7848080010188968,-0.252355939600466,0.999987547004426,False,False,False
Mfsd9,0.11848070645269632,0.9248294664647646,-0.637895562112706,0.999987547004426,False,False,False
Tango6,-0.10976624105420571,0.8396501110246026,0.524690973062822,0.999987547004426,False,False,False
Tnfrsf18,-0.40122420567237577,0.0038499155612298497,-0.141081349632074,0.999987547004426,True,False,False
Pigs,-0.10066460977614876,0.6333950180743319,-0.550088077024342,0.999987547004426,False,False,False
S100a10,-1.240133266202383,2.2514159525408505e-15,0.354968740742366,0.999987547004426,True,False,False
Znrf3,-0.2779287052608437,0.3091936834775794,-0.29587902626799,0.999987547004426,False,False,False
Dcaf17,-0.23633423685451585,0.20648076068720056,0.617089130675534,0.999987547004426,False,False,False
Spidr,-0.06425279373763176,0.8540455214197306,-0.0534498567383768,0.999987547004426,False,False,False
Mettl8,0.007423308270037511,0.9890630943152253,-0.0622691241835183,0.999987547004426,False,False,False
Arhgef11,-0.25221140570130196,0.42150434033511885,-0.130311028261874,0.999987547004426,False,False,False
Rapgef5,-0.6647045360085176,0.32005783012351546,0.169143833328952,0.999987547004426,False,False,False
Zbed3,0.4799227103835704,0.07647650773448667,-0.86522457814899,0.999987547004426,False,False,False
Tlk1,-0.14606644238726862,0.5418289319813202,-0.051729730349769,0.999987547004426,False,False,False
Wdr41,-0.09151891194947838,0.6686145920794452,-0.0688166986521663,0.999987547004426,False,False,False
Ncapg2,-0.20297304644536773,0.49005536113080483,0.63594890588412,0.999987547004426,False,False,False
Mat2b,0.0007729080559194725,0.99637924447387,-0.19284841436428,0.999987547004426,False,False,False
Igsf3,0.25643571155282585,0.39738864986283157,-0.294833100422687,0.999987547004426,False,False,False
Csgalnact2,-0.21316743184337256,0.14164701807998786,-0.480588738737001,0.999987547004426,False,False,False
Tbca,-0.14276492889754247,0.3512675453906551,0.267196181884837,0.999987547004426,False,False,False
Dstyk,0.21145488189266834,0.3516891969100256,-0.355913313961961,0.999987547004426,False,False,False
Dync2i1,0.788238883758034,0.09596882467593779,-0.298577754716439,0.999987547004426,False,False,False
Wdr11,-0.4406876624452351,0.01426144293280657,0.450374410324618,0.999987547004426,True,False,False
Zfp386,0.22724358711250048,0.27676426009469435,0.26388149600785,0.999987547004426,False,False,False
Myo3b,-0.6777070884668883,0.5252978052034661,1.2287261763644,0.999987547004426,False,False,False
Tmcc2,0.4220967209528576,0.13576181356008143,-0.277818307814896,0.999987547004426,False,False,False
Abhd14b,-0.08869200988606017,0.8711832738768497,-0.387828073906084,0.999987547004426,False,False,False
Hnrnpf,-0.043709873400259905,0.797528413222914,0.465781525313238,0.999987547004426,False,False,False
Arsb,0.3734073560216389,0.05774057458266322,0.074636166757978,0.999987547004426,False,False,False
Dao,-0.21072574703924177,0.8016487527762965,0.0774059395010074,0.999987547004426,False,False,False
Zfp239,-0.181167586602826,0.8500760053291577,-0.485208568505207,0.999987547004426,False,False,False
Kank3,0.5046240611529781,0.0956262532173213,-0.33946214936535,0.999987547004426,False,False,False
Inpp5f,-0.10300202049377645,0.6400118318948562,-0.332103191892591,0.999987547004426,False,False,False
Inka1,0.575672814898294,0.23323340122934316,-0.294446948538823,0.999987547004426,False,False,False
Csdc2,-0.3785990473003771,0.5198428340871102,-0.463129980557063,0.999987547004426,False,False,False
Ccdc115,-0.15510492291830552,0.4167840811712017,-0.288230997623369,0.999987547004426,False,False,False
Vwa1,-0.1620762504337955,0.8890772164545167,-0.672046164077816,0.999987547004426,False,False,False
Ssh1,-0.3248251987441772,0.11627578938142882,-0.57849651746064,0.999987547004426,False,False,False
Rassf4,-0.156715442177919,0.21119286927141617,-0.350208913087272,0.999987547004426,False,False,False
Ppig,0.04873259495739477,0.7770562366162954,0.376059621356603,0.999987547004426,False,False,False
Cox10,-0.04606191141727547,0.898690299805512,-0.196682659608698,0.999987547004426,False,False,False
Klhl23,0.16762178934507416,0.8221292510302862,-0.494359223290274,0.999987547004426,False,False,False
Dzip1,-0.08432043256550238,0.9037383971463158,-0.816837296410595,0.999987547004426,False,False,False
Tent2,-0.02455478048265664,0.897806307356436,0.298250694833565,0.999987547004426,False,False,False
Armc5,-0.31798829438958365,0.15291505239134645,-0.190078945958672,0.999987547004426,False,False,False
Pnliprp1,-4.812946105046656,0.00029647837479865026,0.0977446962280828,0.999987547004426,True,False,False
Bend6,-0.17828099125650934,0.822763680191755,-0.161361863207773,0.999987547004426,False,False,False
Nfrkb,-0.4609836232870277,0.02681755941713086,-0.191919541416158,0.999987547004426,True,False,False
Zfp451,-0.07442959931099635,0.7454763881280039,-0.303371102083341,0.999987547004426,False,False,False
Chchd7,0.2697092257318428,0.19175706369502338,-0.662780865700288,0.999987547004426,False,False,False
Tbc1d22b,0.16914267797732732,0.7397656923770124,-0.411293303826601,0.999987547004426,False,False,False
Kdm5b,0.16785618364119587,0.4818286700171955,-0.0426792654790473,0.999987547004426,False,False,False
Sanbr,-0.13301839741420315,0.6347384590043262,-0.146034580541913,0.999987547004426,False,False,False
Fbxo38,0.08256222707641503,0.673926954259072,-0.199907075326319,0.999987547004426,False,False,False
Zfand4,0.4907718684286202,0.08993133279771424,-0.133053666160483,0.999987547004426,False,False,False
Bag2,0.1964871105095937,0.6560678881686518,-0.409111302006205,0.999987547004426,False,False,False
Ammecr1,-0.4886576143220573,0.061634928477420206,-0.12284536282711,0.999987547004426,False,False,False
Lyn,-0.04579393613066545,0.781896320083582,-0.381309193580878,0.999987547004426,False,False,False
Rabif,-0.14156279242364378,0.4753432608243533,-0.0833081112600595,0.999987547004426,False,False,False
Grk3,-0.3683762879355588,0.0016305046712084515,-0.454408104262883,0.999987547004426,True,False,False
Trem1,-0.11198688290269077,0.8764501446810585,0.400682277089437,0.999987547004426,False,False,False
Nxt2,0.0014636317854571867,0.9959305395465365,0.197106165557488,0.999987547004426,False,False,False
Sestd1,0.9004728050235592,0.0009779657120782474,0.142238852703883,0.999987547004426,True,False,False
Pelo,-0.5370750075390912,0.5488253148111352,0.0081985786480229,0.999987547004426,False,False,False
Itga1,-0.4001211341691472,0.6630730385473803,-0.26246955726741,0.999987547004426,False,False,False
Stab1,0.6977065038060953,0.10853878861022115,-0.317275144538312,0.999987547004426,False,False,False
Hsd3b7,0.5205579317612608,0.0006224110510671145,-0.569376104536619,0.999987547004426,True,False,False
Mrtfa,-0.10012481982058832,0.524898487204366,-0.288417932304121,0.999987547004426,False,False,False
Sgsm3,-0.2856267127488916,0.3938893268861661,-0.427551924172411,0.999987547004426,False,False,False
Tmem183a,0.08694872879863424,0.6833461104523817,0.0954873918775609,0.999987547004426,False,False,False
Setd1a,-0.24942674028649148,0.527368909155604,-0.491651381317377,0.999987547004426,False,False,False
Hps4,-0.17525921169222958,0.4748765030314122,-0.0551762818936323,0.999987547004426,False,False,False
Specc1,-0.0350920960555385,0.8754704088337218,-0.0587742941750937,0.999987547004426,False,False,False
Tnfrsf14,-0.45497508345595805,0.0360344552661863,0.233157370375162,0.999987547004426,True,False,False
Ubash3a,-0.3337065228285439,0.24757404050020074,0.183238831448836,0.999987547004426,False,False,False
Arl15,0.2665815913380901,0.39560930671524075,-0.412668118201768,0.999987547004426,False,False,False
Grap2,-0.44271481896022286,0.07378976487698635,0.159310315263786,0.999987547004426,False,False,False
Gnl3,-0.018616930183966228,0.9396693051568609,-0.0225860543829963,0.999987547004426,False,False,False
Osbpl6,-0.3484441469333239,0.6316878773741859,-0.259629187108332,0.999987547004426,False,False,False
Lgalsl,-0.40964579353589897,0.5847611999712211,-0.223592865162262,0.999987547004426,False,False,False
Snx18,0.8156226369299755,7.681112329886891e-09,-0.417122704516158,0.999987547004426,True,False,False
Rbm45,-0.4651987221911816,0.27535514289352236,-0.192697109171453,0.999987547004426,False,False,False
Smim12,0.02298787645068365,0.9275414954430065,-0.364790574437538,0.999987547004426,False,False,False
Dlgap3,-0.2605841551764219,0.8354821247648093,-0.153193321057373,0.999987547004426,False,False,False
Gatad2b,-0.3427785066380249,0.05761751440106184,-0.120184096000461,0.999987547004426,False,False,False
Rbm7,0.018624225195258654,0.923045518408609,-0.300247310973761,0.999987547004426,False,False,False
Dennd4b,-0.4165504512417755,0.0035508702341161113,0.0278727029610728,0.999987547004426,True,False,False
Atf4,-0.22265556224049854,0.1670541937862285,-0.1761207674688,0.999987547004426,False,False,False
Zmym6,-0.27535347708976987,0.32469184982870186,-0.387929505270294,0.999987547004426,False,False,False
Agps,0.029413544119132645,0.9085338510093045,0.0754868620518296,0.999987547004426,False,False,False
Nfkbil1,0.0562423593569953,0.8919305080753869,-0.273745841170474,0.999987547004426,False,False,False
Frmpd3,-0.3924587731484484,0.27985094738521943,0.0422529498645066,0.999987547004426,False,False,False
Dhx29,0.012514260884396859,0.9665953035677323,0.111225173307705,0.999987547004426,False,False,False
Zfp532,-2.5794313722124045,1.0443012864980112e-06,-0.196349637640516,0.999987547004426,True,False,False
Mindy2,0.10663447423037044,0.5459458213292959,-0.261367745182659,0.999987547004426,False,False,False
Mios,0.018589745892473943,0.96187659771113,0.0942137158183396,0.999987547004426,False,False,False
C1galt1,-0.2010926580408198,0.40688695425143184,-0.0801991371552422,0.999987547004426,False,False,False
Dctpp1,-0.1789409601422439,0.37783136530366557,-0.398626905011993,0.999987547004426,False,False,False
Zfp410,-0.059503709366511455,0.7884270000387288,-0.159648261925113,0.999987547004426,False,False,False
Tbc1d8b,-0.551517444650082,0.10530217908823027,-0.0664805764569634,0.999987547004426,False,False,False
Fcmr,0.39446083231221946,0.6954765290170694,-0.291241255468531,0.999987547004426,False,False,False
Abcb4,0.08590177431805711,0.9081790261227647,-0.302519173136978,0.999987547004426,False,False,False
Mustn1,-0.5690520730256338,0.642429068341256,0.204448132504092,0.999987547004426,False,False,False
Leo1,-0.05350035729106186,0.8398506706401515,-0.343193037200583,0.999987547004426,False,False,False
Clspn,-0.7368424839494042,0.00015810001886622168,-0.12298267879959,0.999987547004426,True,False,False
Prdm10,-0.5160744419390123,0.06955279414333576,-0.0592809966988508,0.999987547004426,False,False,False
Ago4,-0.36506593132294257,0.29744933997821016,-0.0041779487781772,0.999987547004426,False,False,False
Cd2bp2,-0.09137196446772022,0.6324036878167312,-0.266430533762251,0.999987547004426,False,False,False
Sdhaf3,-0.20899334826735025,0.4269350650555489,-0.17010156264417,0.999987547004426,False,False,False
Usp22,0.1584560212513068,0.41786539890386015,0.130600465854418,0.999987547004426,False,False,False
Dmtf1,-0.11277073044761518,0.5081293568411231,0.549703731238602,0.999987547004426,False,False,False
Ubap2l,-0.031961513226978135,0.8695075327113857,-0.275299089041065,0.999987547004426,False,False,False
Dnal1,0.4059022852082196,0.6657819563079949,-0.767142818858745,0.999987547004426,False,False,False
Sun2,-0.4102318708268868,0.06661508598415401,-0.858169480470112,0.999987547004426,False,False,False
Gtpbp1,-0.2064768801423707,0.28275008495434645,-0.1995199412208,0.999987547004426,False,False,False
Sem1,0.17298817864772909,0.3461913645228981,0.173533817001987,0.999987547004426,False,False,False
Adprs,0.011214764950246708,0.9649786574892784,-0.268423815002463,0.999987547004426,False,False,False
Fam227a,0.06752448752537372,0.9337515610782586,-0.385243462529324,0.999987547004426,False,False,False
Dhrs7b,0.09983842038831556,0.6601302560615314,-0.323393807898638,0.999987547004426,False,False,False
Mier2,-0.04382983485495419,0.8952219037737175,-0.195472535531862,0.999987547004426,False,False,False
Ube2q1,0.1812244909362468,0.28623602161650025,-0.214238745549414,0.999987547004426,False,False,False
Cux2,-0.3953236756264436,0.4870857188566453,-0.186974424523063,0.999987547004426,False,False,False
Ipo11,0.06090304002423853,0.8398506706401515,0.0696301918719202,0.999987547004426,False,False,False
Sh2b3,-0.07594130636668697,0.6940500989926475,-0.149450032263055,0.999987547004426,False,False,False
Fam199x,-0.31097316273676856,0.3619576876206727,0.0242513986187678,0.999987547004426,False,False,False
Kdm7a,-0.2372804557344765,0.094685318328185,0.71831136872922,0.999987547004426,False,False,False
Atxn2,0.05514087503800538,0.8513792839875596,-0.16431521124639,0.999987547004426,False,False,False
Hirip3,-0.3045986678206956,0.40226727413539565,0.272968728634109,0.999987547004426,False,False,False
Stk40,0.3453045547912587,0.010604698906646295,-0.342136652500609,0.999987547004426,True,False,False
Maff,0.3358539141901725,0.024087900418959907,0.101451549148798,0.999987547004426,True,False,False
Shc1,0.12645406810687035,0.41537829282421257,-0.193030481431135,0.999987547004426,False,False,False
Zfyve1,-0.17007799348888591,0.6855320415877464,-0.127617989052438,0.999987547004426,False,False,False
Pla2g6,0.691585678931668,0.30257047770673523,-0.394624567574978,0.999987547004426,False,False,False
Gucy2c,0.7399462939948144,0.0014777954339183286,0.140302653715102,0.999987547004426,True,False,False
Itpr3,-0.47092327093893555,0.04172131544315172,-0.184804775553535,0.999987547004426,True,False,False
Alkbh5,0.23292106401717314,0.2271571647544953,-0.485405830947944,0.999987547004426,False,False,False
Arrdc4,-0.006028054660267295,0.9851752359909894,0.300826108771824,0.999987547004426,False,False,False
Wdr55,-0.0330237388970265,0.9102239888986954,0.107677114431337,0.999987547004426,False,False,False
Ypel3,0.4617974891525346,0.002994576011224055,-0.443469079868324,0.999987547004426,True,False,False
Zc3h12a,0.5009032198000026,0.006890063364726273,0.16994664421355,0.999987547004426,True,False,False
Selenok,0.06707249396622977,0.6353493747876663,-0.244122008845078,0.999987547004426,False,False,False
Npl,0.23024602720559514,0.2893608309924889,-0.922954502945516,0.999987547004426,False,False,False
Mapk6,-0.1267192884001541,0.5905310890055592,-0.0362719401312424,0.999987547004426,False,False,False
Stn1,0.13660820974995216,0.5145377259460359,0.0894628608006665,0.999987547004426,False,False,False
Dhx9,-0.12146946097060414,0.4964510295630837,-0.236726214967161,0.999987547004426,False,False,False
Sipa1l1,-0.42333110581171723,0.05539907113735817,-0.0893244166627136,0.999987547004426,False,False,False
Commd10,0.12475709219081581,0.4929306577781137,0.256135627326164,0.999987547004426,False,False,False
Shcbp1l,-0.6824632779838828,0.2792801464508328,-0.0786069823232971,0.999987547004426,False,False,False
Tceal9,0.2147863129906142,0.09764034014675163,-0.430436048490248,0.999987547004426,False,False,False
Naa25,-0.02936203028778937,0.9147295922062421,-0.0742035075324026,0.999987547004426,False,False,False
Map3k9,-0.5184103455029779,0.4108806246461499,0.378373606864812,0.999987547004426,False,False,False
Trafd1,-0.048282894305537616,0.8308370032635377,-0.245172241453136,0.999987547004426,False,False,False
Wdr74,0.17121236458202438,0.3140526059685203,-0.104626294820407,0.999987547004426,False,False,False
Hectd4,-0.2788331266820942,0.3560824618517003,0.43666061268414,0.999987547004426,False,False,False
Id1,0.16349890548367935,0.8702453224568568,-0.0443835969777915,0.999987547004426,False,False,False
Krtcap2,-0.19164890399510337,0.3483910402536888,-0.598550739375115,0.999987547004426,False,False,False
Tmem108,1.1692868606627846,0.05352901387040748,-0.492048843298114,0.999987547004426,False,False,False
Apobr,-0.7845791649756674,9.774521415775588e-11,-0.690177174211653,0.999987547004426,True,False,False
Maneal,0.6667727679247406,0.4819101555490924,-0.345066965482978,0.999987547004426,False,False,False
Hebp1,0.8003247140283342,0.1268046959588487,-0.546872132433342,0.999987547004426,False,False,False
Smg7,-0.2123452547643442,0.2801328309555623,0.0305418701288129,0.999987547004426,False,False,False
Exog,-0.26168503018726846,0.4762244004710504,0.497512865799388,0.999987547004426,False,False,False
Aqp11,-0.36195104897441294,0.6892195903959338,-0.335736914882951,0.999987547004426,False,False,False
Hecw2,-0.6116623538949801,0.1588868612930372,-0.78937496890314,0.999987547004426,False,False,False
Krba1,-0.6584639035622022,0.08954528513586446,0.0757048502920741,0.999987547004426,False,False,False
Flt3,0.18498012059768731,0.29744933997821016,-0.638155766792774,0.999987547004426,False,False,False
Snai1,-0.28623250462024713,0.7781002917349708,-0.368992820567474,0.999987547004426,False,False,False
Alkbh6,0.3257725231605134,0.014061874890284647,-0.307782384906249,0.999987547004426,True,False,False
Serpinb6b,-2.0711754858441016,1.64794628437538e-33,0.759839810933287,0.999987547004426,True,False,False
Zc3h6,-0.6676726585249754,0.015754692789283625,-0.0241198974609702,0.999987547004426,True,False,False
Trp53rkb,-0.10424588939895284,0.8104140654065376,-0.185053027113086,0.999987547004426,False,False,False
Tom1,0.32356055358685987,0.24123435121453785,-0.0622533545771393,0.999987547004426,False,False,False
Foxo4,0.27561066577880916,0.7017868942804695,-0.198123381427648,0.999987547004426,False,False,False
Gm14117,0.38780066144961284,0.843224472452302,0.0453944567617692,0.999987547004426,False,False,False
Sbk1,0.03696877555466544,0.9719784195205851,-0.26613228830939,0.999987547004426,False,False,False
Borcs5,0.003454172082522899,0.9919275144786942,-0.827970491799539,0.999987547004426,False,False,False
Nhlrc3,-0.03449499749316081,0.9155774554928162,0.0287688066322156,0.999987547004426,False,False,False
Gng2,-0.5203286017811268,5.614824636375864e-06,-0.463603265193025,0.999987547004426,True,False,False
Klhl6,0.06328277301019021,0.8361922353122294,0.308622716780392,0.999987547004426,False,False,False
Nemp2,-0.13136010451016647,0.6069673090925067,-0.287983491614121,0.999987547004426,False,False,False
Ptgir,2.1875640610862153,0.0003345819029722483,-0.527862973343616,0.999987547004426,True,False,False
Edem3,-0.02707704036113157,0.9459118652812232,0.358400512189645,0.999987547004426,False,False,False
Ccdc63,-0.4098787080949577,0.5117754582178471,-0.71260323944165,0.999987547004426,False,False,False
Disc1,-0.07845811064180072,0.8104140654065376,0.105338146878176,0.999987547004426,False,False,False
Zfp513,0.1417282598847834,0.48506596696529475,-0.119818472802497,0.999987547004426,False,False,False
Tmem18,-0.3882253895603387,0.07283470940090209,-0.166590575280015,0.999987547004426,False,False,False
Spice1,0.26564490170810684,0.4924806669950159,-0.409605454594995,0.999987547004426,False,False,False
Dpy19l1,-0.1798857008150384,0.16646816204702936,0.352014316533914,0.999987547004426,False,False,False
Fam89a,-0.07144778511354533,0.8317922040705464,-0.618160273500952,0.999987547004426,False,False,False
Tmem82,-0.4484614650724042,0.46195355466855964,-0.887574786549925,0.999987547004426,False,False,False
Il17re,0.2761782809614419,0.8437907703905525,-0.191168675222295,0.999987547004426,False,False,False
Tuba1c,0.3046248376583709,0.028955405311884192,0.0225050952559602,0.999987547004426,True,False,False
Hic1,-0.5094204281327721,0.09620041564475446,0.350824547322197,0.999987547004426,False,False,False
Mob1a,-0.15114523046511638,0.3091936834775794,0.15159356973297,0.999987547004426,False,False,False
Tmem186,-0.17678023100581097,0.5197256226640846,0.387830202582353,0.999987547004426,False,False,False
Ppp2r3a,0.7519503293015191,0.06398140457599122,-0.238840584007583,0.999987547004426,False,False,False
Arl11,0.11545874876946757,0.7832123337215118,-0.117892156587771,0.999987547004426,False,False,False
Pyurf,0.38310492396490287,0.010334714476412512,-0.0174879285823444,0.999987547004426,True,False,False
Simc1,-0.2911693657925061,0.3753964904687719,-0.384953518162576,0.999987547004426,False,False,False
Rfesd,-0.42463548798169626,0.014863081653782419,-0.245613558371847,0.999987547004426,True,False,False
Zmpste24,0.05046015948785985,0.8236221728979068,-0.0731512635891045,0.999987547004426,False,False,False
Upf2,-0.21076727636254178,0.2162257434037122,0.832973457243313,0.999987547004426,False,False,False
Niban3,-0.4060576601461959,0.166523203005233,-0.263765081919137,0.999987547004426,False,False,False
Tmem64,-0.43303804138118995,0.001427684257153969,0.473676609316171,0.999987547004426,True,False,False
Pigv,-0.31014732780001125,0.12078936601313484,-0.200597975373451,0.999987547004426,False,False,False
Uevld,0.7863267117903308,6.9048723412929685e-06,-0.36048260422931,0.999987547004426,True,False,False
Ifi209,-0.11012589668897937,0.5488253148111352,-0.707125914481295,0.999987547004426,False,False,False
Trim56,-0.5646823382257667,0.00701932815905834,-0.489216639158629,0.999987547004426,True,False,False
Zfp784,-0.4695098718675367,0.40181103577571176,-0.260062381927344,0.999987547004426,False,False,False
B3galnt1,0.9623942396127833,0.050939140868548026,-0.183993121056711,0.999987547004426,False,False,False
D17H6S53E,-0.005584861694023967,0.9943591458614311,-0.460002899499599,0.999987547004426,False,False,False
Fbrsl1,0.12680319863212247,0.4239075496377859,-0.192293109548892,0.999987547004426,False,False,False
Rhbdl2,-0.0029574656787311666,0.9976580659875185,-0.368679037160366,0.999987547004426,False,False,False
Filip1l,-0.5674580985257565,1.0680599345965718e-08,-0.460675089722747,0.999987547004426,True,False,False
2510009E07Rik,1.0822164058113324,0.0014615727994593453,0.639944187599375,0.999987547004426,True,False,False
Usp48,-0.3742120593188998,0.018683770646944875,-0.193062485713271,0.999987547004426,True,False,False
Otud1,-0.5418595156678316,0.057951851123780436,0.0599286795571317,0.999987547004426,False,False,False
Rnf227,-0.4029806384888173,0.12854723433822618,-0.320677445205274,0.999987547004426,False,False,False
Hilpda,0.4607776400394111,0.00027784315154335496,0.177227270568362,0.999987547004426,True,False,False
Eif3j2,0.31255818029175314,0.1695400582831931,0.127400739202247,0.999987547004426,False,False,False
Leng9,0.4094055544528629,0.05869114944158609,-0.133863456407029,0.999987547004426,False,False,False
Epop,0.7004879933317514,0.014641409909082267,-0.318508296831022,0.999987547004426,True,False,False
Zbtb37,-0.16346653871731914,0.6619248528428577,-0.0816510201304528,0.999987547004426,False,False,False
Acot6,-0.4903933057847599,0.44075544056596627,0.0098522641572929,0.999987547004426,False,False,False
Hscb,-0.008172924183398007,0.981418440989444,-0.248288919102118,0.999987547004426,False,False,False
Zc2hc1a,-0.16588883383805764,0.5434425118277791,0.0119813731273997,0.999987547004426,False,False,False
Fbxl7,0.5331231369319255,0.6539833250333688,0.558752930366344,0.999987547004426,False,False,False
Mdga1,-0.4432990113712865,0.0632838216904882,-0.204145107601203,0.999987547004426,False,False,False
Pars2,0.024539551292124286,0.9684836548621458,0.0573865556526227,0.999987547004426,False,False,False
Zfp3,-0.51317082645936,0.13262878084976992,-0.369863366221862,0.999987547004426,False,False,False
1700019D03Rik,1.0175067507661304,7.298885350626503e-06,-0.615277579599975,0.999987547004426,True,False,False
Ecm2,0.09528144630834762,0.941917643857486,-0.542214159163708,0.999987547004426,False,False,False
Fam221b,0.04589148544274569,0.9211619694188147,-0.184888774830569,0.999987547004426,False,False,False
Dpy19l3,-1.0279211135268302,0.11632715075372999,0.232639942444799,0.999987547004426,False,False,False
Fem1a,-0.07594231049691336,0.7942636914623343,-0.440754006228921,0.999987547004426,False,False,False
Pde12,-0.042578241060863435,0.9025164993182582,-0.0640455271340752,0.999987547004426,False,False,False
Ptpn11,-0.10960639197299098,0.5206138529425424,-0.348210319158751,0.999987547004426,False,False,False
Lysmd4,-0.2534906859535598,0.6623686224322364,-0.325097844193245,0.999987547004426,False,False,False
Clec4a3,1.7101133065429475,1.0619873274609662e-66,-0.633361089700196,0.999987547004426,True,False,False
Taf10,0.10276859942742707,0.5421005158979597,-0.0461735028760026,0.999987547004426,False,False,False
Zmym1,-0.03203814617724887,0.9270754588954508,-0.26027467015369,0.999987547004426,False,False,False
Chil5,-0.6740835741621941,0.04396951943940233,-0.0532348815886916,0.999987547004426,True,False,False
Kbtbd7,-0.3068922121241913,0.2401097944920134,-0.315550410966476,0.999987547004426,False,False,False
Slc36a4,0.25356122815462057,0.48587081632687795,-0.0012065613856497,0.999987547004426,False,False,False
S1pr2,0.6045971072176378,0.05939940688455103,-0.154629648965222,0.999987547004426,False,False,False
Trp53bp1,-0.1132540776682607,0.6991094660443291,-0.284841009170957,0.999987547004426,False,False,False
Klhl15,0.1719014206505453,0.6032542596913474,-0.220618804335304,0.999987547004426,False,False,False
Klri2,-0.4721386391505437,0.002847731195169165,0.198703142209566,0.999987547004426,True,False,False
Wdfy3,0.6758592288070503,0.0003337352180653347,-0.145865329940801,0.999987547004426,True,False,False
Ccrl2,0.12234857395518811,0.5341044707326842,-0.404655980387297,0.999987547004426,False,False,False
Thrap3,0.024896473785440618,0.9065115160879873,-0.119715903281898,0.999987547004426,False,False,False
Orai3,0.1914860036882039,0.24280455817056545,-0.449190730401172,0.999987547004426,False,False,False
Cep164,0.09062256713852526,0.7485546173238183,-0.38261737202191,0.999987547004426,False,False,False
Pura,-0.05145842680721544,0.8401339869569172,-0.31229502681331,0.999987547004426,False,False,False
Mgat2,0.31909343196670525,0.024964055856955,0.0501079136785894,0.999987547004426,True,False,False
Gls2,0.27948298066528404,0.7879207612158287,-0.0684998924578801,0.999987547004426,False,False,False
Cilp2,1.060035916902894,0.32525005473786717,-0.845839290018503,0.999987547004426,False,False,False
Rell2,0.3711456211172916,0.42028058716593236,-0.160946421032635,0.999987547004426,False,False,False
Slc35g1,-0.18606902244904225,0.867459802329864,0.0567537676777841,0.999987547004426,False,False,False
Irf2bp1,0.22154000792072917,0.34702071541574786,-0.371551001802749,0.999987547004426,False,False,False
Ccdc141,-0.026980540030344165,0.9811714305746528,-0.551124009015467,0.999987547004426,False,False,False
Als2cl,-0.4429995571991592,0.20966689375280592,-0.299572649768618,0.999987547004426,False,False,False
Fmn1,0.6366901874306292,0.0029450336999311934,-0.38546615642157,0.999987547004426,True,False,False
Cep68,0.002909935900496412,0.9941026950334206,0.30971208653515,0.999987547004426,False,False,False
Eml6,-0.35372976335825274,0.3715286736078812,0.387976847571694,0.999987547004426,False,False,False
S100a1,0.024571109644182555,0.9474554188461275,0.162239839713244,0.999987547004426,False,False,False
C130050O18Rik,0.2938840377895861,0.32538057164242534,-0.289800054950194,0.999987547004426,False,False,False
Rsbn1,-0.3651843463052813,0.03559421947147289,0.250564512126225,0.999987547004426,True,False,False
Pheta1,0.32823045880911034,0.5306772845393269,-0.398760460265289,0.999987547004426,False,False,False
1810024B03Rik,-0.3602144924532946,0.5332280531023347,-0.144246523356955,0.999987547004426,False,False,False
Arf6,0.1202104563873555,0.5308640794692361,0.0279013604047877,0.999987547004426,False,False,False
1810030O07Rik,0.1302013880987272,0.4404014693774915,0.40458497581397,0.999987547004426,False,False,False
Nkrf,-0.4287616211541799,0.5669890057026974,-0.103081527619367,0.999987547004426,False,False,False
Bclaf3,-0.10750419839693268,0.6612837741737704,0.520941484991023,0.999987547004426,False,False,False
Lsm8,0.007980645398140251,0.9747774580613068,0.0918415171225195,0.999987547004426,False,False,False
Hepacam2,-0.5584504401663937,0.15460124858591648,0.16740969070093,0.999987547004426,False,False,False
Tnip3,-0.11392220330064692,0.7764238121170729,0.651635126472093,0.999987547004426,False,False,False
Bcl2l15,-0.5912893340541266,0.10483023807812232,-0.234908280996626,0.999987547004426,False,False,False
Foxo1,0.11215362160712042,0.5900862715283198,-0.0754938657597553,0.999987547004426,False,False,False
Gpr146,0.3001585939880124,0.17450552311962755,-0.593964241952647,0.999987547004426,False,False,False
Cdc25c,-0.45830723925417405,0.3174217718224357,-0.0304075953995477,0.999987547004426,False,False,False
Nkx2-3,0.917381418090274,0.29631115604770075,0.183758573908437,0.999987547004426,False,False,False
Grsf1,0.13202611358548708,0.47878299650078926,0.0604964341278222,0.999987547004426,False,False,False
Dnajc21,0.23245525828436508,0.16698531937396435,-0.15870162294611,0.999987547004426,False,False,False
Nhlrc1,-1.3287005256120235,0.08954528513586446,-0.283386497399088,0.999987547004426,False,False,False
Pced1b,-0.06709932117347235,0.9503723113049145,-0.463521027725208,0.999987547004426,False,False,False
Osbpl1a,-0.014873361102074488,0.9776434128882778,-0.389212266668868,0.999987547004426,False,False,False
Ubr3,-0.2536147695245178,0.32630475908752476,-0.301327813109787,0.999987547004426,False,False,False
Apol7c,-1.4140166527177696,0.0003360586578349777,-0.416805182585667,0.999987547004426,True,False,False
Gpr4,-0.7267898415909319,1.601852176416129e-07,0.210940984956118,0.999987547004426,True,False,False
Alkbh2,0.06584229227863987,0.8862225495691798,0.0109246754144268,0.999987547004426,False,False,False
Phlpp1,-0.5162161980725642,0.0016177830793081564,0.430994543163288,0.999987547004426,True,False,False
Marveld1,-0.013042655358354959,0.9566561484184777,-0.455628155023405,0.999987547004426,False,False,False
Slc25a53,-0.6653929856036858,0.0019333139280735619,0.884272770248724,0.999987547004426,True,False,False
Slc16a13,-0.16860357064124587,0.607763143852176,-0.385145125391409,0.999987547004426,False,False,False
Tigd3,-0.28000414283564395,0.8248436555234451,-0.501176561393219,0.999987547004426,False,False,False
N6amt1,0.03667252895754822,0.9054715065269323,0.0830147545604891,0.999987547004426,False,False,False
Dock5,-0.2248312221922721,0.2555086704130793,0.529031812139619,0.999987547004426,False,False,False
Rin3,-0.15218625880380346,0.5313108649371073,0.110003602113619,0.999987547004426,False,False,False
Fhip1b,0.10072777213694256,0.8090880490920418,0.166890967565962,0.999987547004426,False,False,False
Tent5c,-0.31840686614997515,0.1282781923524984,-0.144133943298534,0.999987547004426,False,False,False
Tnfaip8l1,0.8865285922332327,0.00012269699901383993,-0.271589894935503,0.999987547004426,True,False,False
Ascc1,-0.25594332753943455,0.12649593599555062,0.032348111691376,0.999987547004426,False,False,False
Zfand3,0.027793019858985787,0.937550904634815,-0.19243355855005,0.999987547004426,False,False,False
2510039O18Rik,0.19940776294950466,0.25777653573554266,-0.329405158705232,0.999987547004426,False,False,False
Zfp758,-0.11755557749168905,0.5592904019769315,-0.282142360564135,0.999987547004426,False,False,False
Bod1,0.038714367728448086,0.9155774554928162,0.0141733022460748,0.999987547004426,False,False,False
9930012K11Rik,-1.129936879366092,0.12752380467506216,-0.614421624477628,0.999987547004426,False,False,False
Rasip1,0.39468329581277944,0.265375889946346,-0.535937247326236,0.999987547004426,False,False,False
Cage1,0.4891627850717325,0.33672703975649476,-0.203916180437007,0.999987547004426,False,False,False
Tlr7,-0.42192220689493987,0.046271665383903274,-0.533142809926608,0.999987547004426,True,False,False
Smim7,0.2360798620418261,0.28977131317453053,-0.113559845826261,0.999987547004426,False,False,False
Zbtb39,-0.5287808328981719,0.4443334615828011,0.525521996311461,0.999987547004426,False,False,False
Swi5,0.11818922519112747,0.41022732345677576,-0.18800354427249,0.999987547004426,False,False,False
Cnrip1,-0.16206405239583804,0.9042150536135887,-0.15712621039734,0.999987547004426,False,False,False
Csrnp2,-0.06799627173457316,0.9260815477416555,-0.295641537791055,0.999987547004426,False,False,False
Tmem201,0.4585346188207556,0.1929688846074415,-0.0116849411511639,0.999987547004426,False,False,False
Palb2,-0.36729974148812405,0.08222113160028993,-0.151882286011173,0.999987547004426,False,False,False
Phf11a,-0.7866175854073125,3.87239666134212e-07,-0.0116691842880385,0.999987547004426,True,False,False
Kcnj10,0.7815593539311001,0.06800329604581264,-0.447252485526396,0.999987547004426,False,False,False
Slc38a6,-0.2868639399992401,0.08667626955125776,-0.0176490095796558,0.999987547004426,False,False,False
Gskip,0.2602647389871816,0.060898786876212,0.0950212790411475,0.999987547004426,False,False,False
Erich5,0.15460131764309992,0.9157822547490575,-0.0236767573641314,0.999987547004426,False,False,False
Serpinb1a,-0.5114146404406239,0.05245451623522615,-0.168303445758864,0.999987547004426,False,False,False
Abca6,1.2217667161785921,0.17126163276809828,-1.22491151361085,0.999987547004426,False,False,False
Trmt10c,0.01664845132888466,0.9474554188461275,-0.0008329721868562,0.999987547004426,False,False,False
Macir,-0.026736138010572136,0.9056183919186003,0.599601915495014,0.999987547004426,False,False,False
Scml4,-0.9508936481713192,0.3264917405517782,0.058943025822316,0.999987547004426,False,False,False
Hjurp,0.032636718512810976,0.893936189422312,-0.553732019498045,0.999987547004426,False,False,False
Fads6,-0.7124587276365932,0.03440814119526935,-0.379669518516433,0.999987547004426,True,False,False
Setd2,-0.3427726804462535,0.019216310897046313,-0.43339203262522,0.999987547004426,True,False,False
Isca1,0.47435305996409716,0.0015226577967333446,-0.164208477542958,0.999987547004426,True,False,False
Cyb5d1,-0.31609701018597375,0.26648578540197526,-0.0102690296016537,0.999987547004426,False,False,False
Cd300c2,-0.26606943906112446,0.0669223561835843,0.275786332322083,0.999987547004426,False,False,False
Tlr1,-0.06442826697643164,0.741574810850359,0.215510074891039,0.999987547004426,False,False,False
Lsm11,-0.3791201580830625,0.29243771313185785,-0.291129153567636,0.999987547004426,False,False,False
1700056E22Rik,-0.8160057388633817,0.014639972121424746,-0.229688733525311,0.999987547004426,True,False,False
Lemd2,0.2096563271160054,0.20434442994695518,-0.28989618158639,0.999987547004426,False,False,False
Zfp444,0.22318278491551846,0.22199231107886483,-0.186216566145145,0.999987547004426,False,False,False
Coa4,-0.550906559907758,0.01247301217517146,-0.199030336523132,0.999987547004426,True,False,False
4930503L19Rik,-0.054783682894783595,0.8433956524969801,0.155882912422274,0.999987547004426,False,False,False
Zfp367,-0.20405460811152362,0.3644775821682235,-0.0952715621601126,0.999987547004426,False,False,False
Pwwp2a,-0.21445097297947746,0.31546244321514355,-0.191052392253876,0.999987547004426,False,False,False
Kctd21,0.05724477987452737,0.9345281584443121,-0.378975918489632,0.999987547004426,False,False,False
Fbxo48,-0.18272833541103833,0.7398059755145505,0.431240838926261,0.999987547004426,False,False,False
Napepld,-0.24322146527213806,0.5854351855650642,-0.239054241197652,0.999987547004426,False,False,False
Sft2d3,-0.2572523519564227,0.3856042975352682,0.0053158585502455,0.999987547004426,False,False,False
Shld1,-0.5064721284384079,0.02697944081226715,-0.0961142225432141,0.999987547004426,True,False,False
Fzd5,-0.3667960513176793,0.6019953651030859,-0.0322293536721148,0.999987547004426,False,False,False
Gm4779,-0.724694244738205,0.5267823839527124,0.264026677318127,0.999987547004426,False,False,False
Cetn4,-0.07930923819062798,0.9061269579075956,0.459339449181717,0.999987547004426,False,False,False
Megf8,0.1676926180977085,0.6315291527501259,-0.394495144168845,0.999987547004426,False,False,False
Kcng3,1.1385076353722796,0.07458579447916834,-0.475599442601156,0.999987547004426,False,False,False
E130308A19Rik,0.4213138510282237,0.08055841289133635,0.532607840700828,0.999987547004426,False,False,False
Rnf216,-0.15134993091570206,0.3662185013293489,-0.241737784524641,0.999987547004426,False,False,False
S1pr1,0.757179608870658,0.492339105039363,-0.166581575840451,0.999987547004426,False,False,False
Kmt5b,-0.36474156300206323,0.01661011239444306,-0.198970561181633,0.999987547004426,True,False,False
Slc25a26,0.3777011549925642,0.18188060242862852,-0.362023640591499,0.999987547004426,False,False,False
Saysd1,-0.5410397870334894,0.0017662860425351075,0.0334088101521033,0.999987547004426,True,False,False
Rpl18a,-0.17475233798979486,0.3875361226663732,-0.2501897856634,0.999987547004426,False,False,False
Tubb2b,0.75066043467311,0.06173397625021676,-0.541035509009316,0.999987547004426,False,False,False
Pigw,-0.21235604320997042,0.7330924191032414,-0.475751822715322,0.999987547004426,False,False,False
Bola3,0.014505903471088,0.961203283236292,0.202981106997553,0.999987547004426,False,False,False
AI467606,-0.44610343943190106,0.0035722122458998174,-0.611353623277711,0.999987547004426,True,False,False
Borcs6,0.43964744292235935,0.19750705080433117,-0.412950781836888,0.999987547004426,False,False,False
Cirbp,0.06832761063339678,0.7499495267667218,-0.264310447975793,0.999987547004426,False,False,False
Dpy19l4,0.17059874700160607,0.6290989845688165,0.61879433685441,0.999987547004426,False,False,False
Vcpip1,-0.087914043199034,0.7211767826705366,0.0398054747636554,0.999987547004426,False,False,False
Hs6st1,0.14024653792875963,0.5251708981133513,-0.40380336134421,0.999987547004426,False,False,False
Eola1,0.053007226337529856,0.8469604413830165,0.0994986186215492,0.999987547004426,False,False,False
Zfp688,-0.31888323511178046,0.13648462575136056,-0.174254426262408,0.999987547004426,False,False,False
Morn2,0.20962811359171907,0.5653998708392629,-0.482609906950354,0.999987547004426,False,False,False
Klhdc9,1.0116543879290205,0.022159700616638238,-0.774424060246037,0.999987547004426,True,False,False
Zfp691,-0.6557173786094592,0.0463085291629869,-0.324530818807913,0.999987547004426,True,False,False
Cenph,-0.1313681529685531,0.6744008255374743,-0.305858646844168,0.999987547004426,False,False,False
Rtn4rl1,-1.2416335484098198,9.252780086515387e-06,0.0931187043285382,0.999987547004426,True,False,False
Insig1,-0.35424659818172594,0.16213147845657888,0.353979603575915,0.999987547004426,False,False,False
Preb,0.03520598476740125,0.8469354820689313,0.13536199311314,0.999987547004426,False,False,False
Lhfpl2,0.6931956874038903,0.18626242496970383,0.274274563725407,0.999987547004426,False,False,False
Fahd1,0.1183602103687159,0.7926841833014059,-0.257149543043601,0.999987547004426,False,False,False
Proser2,0.7716440624261768,0.2157856823692735,-0.775543705555043,0.999987547004426,False,False,False
Tlr9,-0.4930964712630142,0.29532664795009744,-0.277403355631485,0.999987547004426,False,False,False
Fndc7,-0.6614315206187227,0.0006303739009091666,-0.121527396038966,0.999987547004426,True,False,False
6330549D23Rik,0.40109831202500734,0.7551033621070133,-0.152556929210723,0.999987547004426,False,False,False
Cenpe,-0.3749079420988839,0.039682620991251374,-0.399775988149982,0.999987547004426,True,False,False
Tnfrsf26,0.07926281645645175,0.8890328025159056,-0.631429184938493,0.999987547004426,False,False,False
Wdr81,-0.16501281214093827,0.5916110123970835,-0.500437466783124,0.999987547004426,False,False,False
Cxcr4,-0.02413207973507345,0.9152508864719053,-0.437494978269755,0.999987547004426,False,False,False
Epcam,-1.1434201384556493,2.394754708146014e-12,-0.0431100240697333,0.999987547004426,True,False,False
Kcnk13,0.8152885891037498,0.4748765030314122,0.442720290997458,0.999987547004426,False,False,False
Akr1e1,-0.734399835782048,3.229318085563318e-05,0.31058000682376,0.999987547004426,True,False,False
Dipk2a,-0.021036407572753338,0.9544599061375582,-0.0415178158506988,0.999987547004426,False,False,False
Hnrnph2,0.129519475760912,0.3918379852974116,0.370827579860765,0.999987547004426,False,False,False
Tmem60,0.10716640312606819,0.6377540904202867,0.781837699630412,0.999987547004426,False,False,False
Cox19,0.13069803434632493,0.5701419222915143,-0.542039701001277,0.999987547004426,False,False,False
Zfp956,-0.936886216870459,2.7905280729058165e-05,0.176687912688131,0.999987547004426,True,False,False
Trrap,-0.12096318509045953,0.6198056235896507,-0.180539855181104,0.999987547004426,False,False,False
Hcar2,0.02221983452425231,0.9610173815486164,-0.5244679154649,0.999987547004426,False,False,False
Sys1,0.02942730793621514,0.8818516162800235,-0.0903038343745282,0.999987547004426,False,False,False
Onecut3,0.07496579953900315,0.9396693051568609,0.0697303667685976,0.999987547004426,False,False,False
Zfp560,-0.6120245043993482,0.0006545771922450862,0.10304499524953,0.999987547004426,True,False,False
Ddx28,-0.13990734290708343,0.7462081361754467,-0.332809141322592,0.999987547004426,False,False,False
Fpr1,1.7349193638448788,0.0003591456775004572,0.279983196813646,0.999987547004426,True,False,False
Glb1,0.3957036801245274,0.019741654153727473,-0.236923079069122,0.999987547004426,True,False,False
Esf1,-0.09854589473462344,0.5965078610767997,0.151083919753091,0.999987547004426,False,False,False
Pigz,0.6588232332212683,0.19303674553883182,0.426181689555088,0.999987547004426,False,False,False
Mtus1,0.5063736967551506,0.0689293453522687,-0.608115295613396,0.999987547004426,False,False,False
Zfp629,0.22462369699487525,0.6312860067437456,-0.337927064226839,0.999987547004426,False,False,False
Pid1,0.16061800869337292,0.36080842324488105,-0.493534588716896,0.999987547004426,False,False,False
Plekha7,0.93757883522703,0.046425354382862556,-0.511228164976413,0.999987547004426,True,False,False
Cdc42ep2,0.08513300132413047,0.7131363478102013,0.0837875068964014,0.999987547004426,False,False,False
Mfsd5,0.25772377834657406,0.07127891667953157,0.0302429847521184,0.999987547004426,False,False,False
Smtnl2,-0.52586068374641,0.5225551408090657,-0.275694059225251,0.999987547004426,False,False,False
Spred2,-0.26263557388123465,0.5418171085981462,-0.201527025400989,0.999987547004426,False,False,False
Col27a1,-0.30248899753683295,0.4203061318517743,-0.426551554052762,0.999987547004426,False,False,False
Wdr89,-0.09360697752744211,0.8485370695817205,0.245076033848695,0.999987547004426,False,False,False
Thtpa,-0.338031474068654,0.31691366594265763,-0.285328797026232,0.999987547004426,False,False,False
Prr15,-0.5072355558965591,0.34974676845061675,0.0926106360106793,0.999987547004426,False,False,False
Adrb2,-0.49699683628880253,0.017841346070548648,0.421017763527813,0.999987547004426,True,False,False
Mms22l,-0.22074169350917214,0.33084232273763764,-0.272941017209555,0.999987547004426,False,False,False
Tssc4,0.15194409781195267,0.4232891155377759,-0.0777529563789567,0.999987547004426,False,False,False
Zfp764,-0.6073453238293189,0.02609876438737811,-0.200919401930545,0.999987547004426,True,False,False
B230219D22Rik,0.06751120278561473,0.7428225649905199,0.60387819704512,0.999987547004426,False,False,False
Whamm,-0.176551941936076,0.5587391207080057,-0.155459452071584,0.999987547004426,False,False,False
Zfp36l2,0.19084857188009088,0.35519452484412634,-0.0588396851495929,0.999987547004426,False,False,False
Zswim3,-0.6742122308684492,0.022889544487986566,-0.223092893852251,0.999987547004426,True,False,False
Ptprcap,-0.05338962960967708,0.8713048879194477,0.461126659970315,0.999987547004426,False,False,False
Serpinb9,-0.8400874134332649,6.711210784092069e-07,0.251235388713297,0.999987547004426,True,False,False
Lyrm2,-0.04653663125891735,0.8575894082265284,0.176572621581587,0.999987547004426,False,False,False
Cradd,-0.3013186579596314,0.2962170879172716,0.436559443923152,0.999987547004426,False,False,False
Gvin1,-0.18285778280320794,0.4045861722010437,-0.884731753537735,0.999987547004426,False,False,False
Paip2b,-0.451134886741518,0.11447679833155273,-0.258944763169712,0.999987547004426,False,False,False
C2cd4c,-0.21515560394527433,0.8636206883851955,-1.03803836523588,0.999987547004426,False,False,False
Tmem268,-0.016257604151164,0.949538300322459,-0.104510962473682,0.999987547004426,False,False,False
Ifit2,-0.4568189437298089,0.01242177060942038,0.147834670606741,0.999987547004426,True,False,False
Mtmr11,0.165921345905772,0.8210679482244397,-0.141350263568968,0.999987547004426,False,False,False
Mrps12,0.28842471726069496,0.09147017570226271,-0.692057745041816,0.999987547004426,False,False,False
Wnk1,-0.42870567607710863,4.500735236849402e-05,-0.312903899785261,0.999987547004426,True,False,False
Teddm2,-0.5325686936678882,0.59434954151624,0.29445887033661,0.999987547004426,False,False,False
Ing1,0.24366334854426488,0.11763777626999956,0.0452734604228198,0.999987547004426,False,False,False
Slc25a51,0.09791159615589597,0.6722390018875767,-0.693552538726446,0.999987547004426,False,False,False
Tmem104,0.26466496788781946,0.2553696170946159,-0.344944467464507,0.999987547004426,False,False,False
Eif4g1,-0.18982174670393626,0.26432218455693895,-0.197220502876145,0.999987547004426,False,False,False
Polr2k,0.16220816528770965,0.4420557718589712,-0.039402862305395,0.999987547004426,False,False,False
Gapt,0.1636205800754275,0.5107939195155281,-0.109111275405599,0.999987547004426,False,False,False
Pofut1,0.12816401608305425,0.6584224366081547,-0.265937722485236,0.999987547004426,False,False,False
Calhm6,0.006087173028060832,0.9810999142880231,0.63921478805094,0.999987547004426,False,False,False
Snx12,0.07056531890715549,0.7067590546117085,-0.305566426101239,0.999987547004426,False,False,False
Otulin,-0.027637440394207867,0.8979674689498411,0.264448793357227,0.999987547004426,False,False,False
Eid2,-0.2164168143766921,0.6985696454205309,0.122767547777749,0.999987547004426,False,False,False
Ppp1r15b,0.055077338620222425,0.8518311423608157,0.0516244442844762,0.999987547004426,False,False,False
Lrrc8d,0.269283706214634,0.1650399643663126,0.490471505863661,0.999987547004426,False,False,False
Clec9a,0.06866927608477508,0.8812730025215434,-0.427611505638808,0.999987547004426,False,False,False
Mosmo,-0.18413135984973011,0.5980726281022407,-0.120383377290644,0.999987547004426,False,False,False
Mcmdc2,0.40784953173709065,0.4154068105479547,0.351150786080507,0.999987547004426,False,False,False
Cep295,-0.2919486476299581,0.07809312057313693,-0.200296425697106,0.999987547004426,False,False,False
Patl1,-0.2517220361501881,0.384189245493872,-0.162961811213902,0.999987547004426,False,False,False
Tmem229b,-0.6062013379738735,2.725578427463019e-06,0.287896586845367,0.999987547004426,True,False,False
Adamts6,-1.0753997164266231,0.19316950699660032,0.432781677166844,0.999987547004426,False,False,False
E2f8,-0.41218048383939637,0.1447168606865241,-0.59290296501937,0.999987547004426,False,False,False
Pik3r6,0.1482618407633126,0.5924331528598742,-0.784072104867794,0.999987547004426,False,False,False
Plaur,0.5261538415419016,0.0001198051094288729,0.390096042020486,0.999987547004426,True,False,False
Scand1,0.18533151128196074,0.38284278794638527,-0.0956019900779337,0.999987547004426,False,False,False
Vps13a,-0.13600193190805812,0.520675776140683,0.0510887613292059,0.999987547004426,False,False,False
Pilra,1.3218876213899442,0.014143395982956022,0.276885928960263,0.999987547004426,True,False,False
She,-0.2854361920483461,0.8165069173139581,-0.584748795840108,0.999987547004426,False,False,False
Ankle1,-0.3831693141113071,0.15356769648402838,-1.01637150807727,0.999987547004426,False,False,False
Zfp62,-0.46628513897006,0.0002893371561234453,-0.176342716751071,0.999987547004426,True,False,False
Myorg,0.3538056204318124,0.6952904098488009,-0.486553929938246,0.999987547004426,False,False,False
Stxbp6,1.373583074739201,3.4975673729780764e-08,-0.550577096485275,0.999987547004426,True,False,False
Dppa3,1.836380706028299,0.01501102183500273,-0.765615245698902,0.999987547004426,True,False,False
Ermp1,-0.14420613921203107,0.5407450932731949,0.877022547991339,0.999987547004426,False,False,False
Slc25a23,1.3239093228069465,1.4476852409154543e-05,-0.460758585036611,0.999987547004426,True,False,False
Rpl37a,-0.03846395554692037,0.893936189422312,0.280586608174328,0.999987547004426,False,False,False
Zfp322a,-0.39709441126135575,0.02698739233501277,-0.0125052812054598,0.999987547004426,True,False,False
Gjb2,1.0419449000045344,0.0037152710985845034,-0.397564273927216,0.999987547004426,True,False,False
Rpl27a,-0.0881296811479109,0.6997104636319954,-0.189438466345625,0.999987547004426,False,False,False
Jrk,-0.16663968178938626,0.8165040955389056,-0.176653803262544,0.999987547004426,False,False,False
Yod1,-0.5087593098584821,0.0697838499095576,-0.301530611876057,0.999987547004426,False,False,False
Kcnk6,-0.2904997987115206,0.09775574245238851,-0.372306611545691,0.999987547004426,False,False,False
Lrrc75a,0.7154404215534195,0.010641877921124457,-0.514545047352414,0.999987547004426,True,False,False
Bex3,0.1336797831066425,0.3866796720783009,0.288331106006241,0.999987547004426,False,False,False
Ppm1e,-1.2171388976853899,0.1459957146669247,-0.206248761577759,0.999987547004426,False,False,False
Tmem150b,0.045679013707440895,0.8898033470845894,-0.690215002360483,0.999987547004426,False,False,False
Scn4b,-0.5031948582646698,0.5614387688744453,-0.372540283758994,0.999987547004426,False,False,False
Cox17,0.06458735727717024,0.7541461137198591,0.269314162921893,0.999987547004426,False,False,False
Fam43a,0.11120649575866831,0.605251166041766,-0.126785184330118,0.999987547004426,False,False,False
Zfp319,-0.2374992273112339,0.5612193993448308,-0.196667182783703,0.999987547004426,False,False,False
Unc119b,-0.4296170533889339,0.10996164694511161,-0.272756099882216,0.999987547004426,False,False,False
Lyrm4,0.33596542842256066,0.24415177317659983,0.274505215745003,0.999987547004426,False,False,False
Prr12,0.09952566987291314,0.8695075327113857,-0.838147040050571,0.999987547004426,False,False,False
Ticrr,-0.4400601135022334,0.25749337377150805,-0.189896236091219,0.999987547004426,False,False,False
Bdh1,-0.5961674508142517,0.08601469799003522,0.112708391694588,0.999987547004426,False,False,False
Tcaim,-0.5712240188223743,0.019010611731238906,-0.532229049396625,0.999987547004426,True,False,False
B3gntl1,-0.2267826038738624,0.4050342028611604,-0.416717038112231,0.999987547004426,False,False,False
Zfp316,0.3305541750202549,0.6259749946888832,-0.83819189506918,0.999987547004426,False,False,False
Rbm12b1,-0.2922805663508624,0.49672131881778037,-0.271094647287017,0.999987547004426,False,False,False
Cxxc5,0.901917520777032,0.00039711766062059105,-0.0272817688301181,0.999987547004426,True,False,False
Mtfr1l,0.26834570102227406,0.034336515522074215,-0.531156766986152,0.999987547004426,True,False,False
C87436,-0.34100590456227714,0.0804215728510581,-0.205365976704992,0.999987547004426,False,False,False
Tifa,0.015101658395794337,0.9510262550036227,0.314816848317135,0.999987547004426,False,False,False
Csnk2a2,-0.07019179422072476,0.8045575883159971,0.0346528354054181,0.999987547004426,False,False,False
Hmga1,0.4393076349367663,5.8681715938400486e-05,-0.48299530522934,0.999987547004426,True,False,False
Bst2,0.3783430520159898,0.04836860972630445,-0.245294687372695,0.999987547004426,True,False,False
Cdc42se1,0.18209698758520382,0.17675802216244507,-0.213110159699337,0.999987547004426,False,False,False
Cystm1,-0.20640439285617304,0.5171464091201846,0.510369178466846,0.999987547004426,False,False,False
Kctd11,0.5336122561400055,0.11818256772232891,-0.449977039124747,0.999987547004426,False,False,False
Gprc5a,0.9928843470782484,1.5521452542138087e-05,0.251396550893359,0.999987547004426,True,False,False
Ccdc66,-0.4713059309625275,0.04558998733609985,-0.199374690201577,0.999987547004426,True,False,False
Mrps7,0.18543338524953032,0.16461207465445252,-0.130757457048601,0.999987547004426,False,False,False
Riox1,0.38271263781716325,0.3504820442800036,-0.144414487452007,0.999987547004426,False,False,False
Zfp787,0.31341058735289246,0.17777047231120402,-0.187651512053176,0.999987547004426,False,False,False
Ppp1r3b,1.1465530119843192,0.0020403270352453854,-0.16767442733577,0.999987547004426,True,False,False
Cldn12,-0.051431729739054056,0.9717633989313788,-0.510557971912539,0.999987547004426,False,False,False
Mpeg1,0.17516419647199072,0.47299124864292363,-0.983042894143642,0.999987547004426,False,False,False
Cyren,-0.3481606137325088,0.13970438648553504,0.0771060198749627,0.999987547004426,False,False,False
Atp10d,-0.36192212727766043,0.04396951943940233,0.640400031344698,0.999987547004426,True,False,False
Slc39a3,-0.027244016167443035,0.9428032400273331,-0.211843579177846,0.999987547004426,False,False,False
Brox,0.10325135568060899,0.5436242099370157,-0.152790706713108,0.999987547004426,False,False,False
Ckap4,1.0411177029164038,2.3173112109348223e-05,-0.59669579815827,0.999987547004426,True,False,False
Hectd3,-0.18685139735294673,0.39592770531386867,-0.17376456963923,0.999987547004426,False,False,False
Fbl,0.2508049598049495,0.10985988412760857,-0.44344428470797,0.999987547004426,False,False,False
Mbtps2,-0.23543762165857413,0.37834861293386507,0.148842101488328,0.999987547004426,False,False,False
Atxn1,0.38684327474679026,0.4304366575388486,-0.353554536060217,0.999987547004426,False,False,False
Irgm1,0.20091666075671616,0.11289120576146433,-0.219346294266685,0.999987547004426,False,False,False
Zfp740,-0.16664278914892205,0.43839988649044287,-0.474230859339841,0.999987547004426,False,False,False
Ltb4r1,0.7370078102602539,0.000537814981105897,-0.562443332143901,0.999987547004426,True,False,False
Tefm,-0.18383247445277412,0.5264302586660712,-0.167134498170078,0.999987547004426,False,False,False
Adck2,-0.06072909991245836,0.8235170775131455,-0.139951273334018,0.999987547004426,False,False,False
Nqo2,0.01564833091876772,0.9633059304282224,0.181119527210854,0.999987547004426,False,False,False
Gpr156,0.1873087960760626,0.893936189422312,-0.464668896480543,0.999987547004426,False,False,False
Zbtb21,-0.06585839933372716,0.8361922353122294,-0.0379906531461671,0.999987547004426,False,False,False
Tapt1,0.03340668077496368,0.9092401540612629,0.0706444630022336,0.999987547004426,False,False,False
Mars2,-0.14984713880088044,0.7679708743466398,-0.304270167687489,0.999987547004426,False,False,False
1110032F04Rik,0.09118651258772686,0.7483978686821157,-0.0286634317937189,0.999987547004426,False,False,False
Zfp41,-0.4085890079886483,0.24666546105708917,-0.344501643612382,0.999987547004426,False,False,False
Mipol1,-0.42320336023446614,0.2142798341655013,0.526421020980065,0.999987547004426,False,False,False
Spata2,0.3438160559580228,0.04148596547674965,-0.141629520796958,0.999987547004426,True,False,False
Zfp445,-0.26161253705705195,0.14444447977955202,-0.141051747520937,0.999987547004426,False,False,False
Nipa1,0.45681915337308193,0.2922406518558449,0.207799781880477,0.999987547004426,False,False,False
D030056L22Rik,0.007620687234160498,0.980736258761841,0.0459092429600574,0.999987547004426,False,False,False
Tmem164,0.4239055744371274,0.015669458058049233,-0.201061914522924,0.999987547004426,True,False,False
Dusp28,-0.20072383409364355,0.6097964047036876,-0.213507976540096,0.999987547004426,False,False,False
Ngrn,-0.22386686048665794,0.38168391502912713,-0.0765547111295461,0.999987547004426,False,False,False
Tmem198b,0.7239431174735679,0.03669523185088051,-0.17710894544914,0.999987547004426,True,False,False
Rnf31,0.1059973532407679,0.6767490217959614,-0.0290520544526203,0.999987547004426,False,False,False
Fam221a,0.1341421194543558,0.9070460346366647,-0.0715790678108892,0.999987547004426,False,False,False
Ticam1,0.4551896229401142,0.08238525112147478,-0.23742319950431,0.999987547004426,False,False,False
Cltc,0.013872573601611973,0.9474554188461275,-0.103616696582877,0.999987547004426,False,False,False
Cd24a,0.0538790315712017,0.8249273031631469,-0.551695819750588,0.999987547004426,False,False,False
Tet1,-0.7678850761705339,0.08225406292219448,-0.0303444150971721,0.999987547004426,False,False,False
Khnyn,-0.2682006396707487,0.12365664633381977,-0.36315237388586,0.999987547004426,False,False,False
Neurl3,-0.17902256795073296,0.35806691954663417,0.430636771189892,0.999987547004426,False,False,False
Samd14,0.4793674935297726,0.6461238577141093,-0.80287163187814,0.999987547004426,False,False,False
Rab2a,0.15874678049220814,0.2250741359061415,-0.986734922052492,0.999987547004426,False,False,False
Dync2h1,-0.48590738236558734,0.28771695774023276,-0.52276595618735,0.999987547004426,False,False,False
Dusp18,0.004068639466727669,0.9959621976389004,-0.0611130554783195,0.999987547004426,False,False,False
Ythdf3,0.01190345525921505,0.9601738595728511,0.967207685880804,0.999987547004426,False,False,False
Fam185a,-0.507223213453761,0.2138477628371477,-0.465648661057159,0.999987547004426,False,False,False
Taf9b,-0.1445585849511236,0.5265495594328683,0.0489771741048592,0.999987547004426,False,False,False
H2bc6,-0.4180766922068371,0.1429070208737998,-0.0905508819104686,0.999987547004426,False,False,False
C2cd3,-0.4756192350657397,0.007802215409064091,-0.170943903984845,0.999987547004426,True,False,False
Ptgs1,1.1197906090319851,0.04356953830878234,0.138491284850589,0.999987547004426,True,False,False
Emc6,0.1496885155582135,0.3271813761247581,-0.499921210304004,0.999987547004426,False,False,False
Zfp358,0.13925395965572077,0.7414993562915936,-0.249551329098651,0.999987547004426,False,False,False
Sfn,-0.19960434268532568,0.7425426517655889,0.4415449888282,0.999987547004426,False,False,False
Neurl4,-0.5924018150940623,0.04411736248048554,-0.593409596608748,0.999987547004426,True,False,False
Zfp286,-0.33723509424660203,0.6056005154241267,-0.0869198982738943,0.999987547004426,False,False,False
Abhd17b,0.32129059658405623,0.03210416572577224,-0.0273201612754406,0.999987547004426,True,False,False
Zfp768,-0.14898056364726556,0.8137675306004204,-0.278571946847795,0.999987547004426,False,False,False
B4gat1,0.5371641715717521,0.016870186981187373,-0.259715128688896,0.999987547004426,True,False,False
Atmin,0.29795960239183616,0.18936919090098517,-0.105608145533461,0.999987547004426,False,False,False
Tgif1,0.6909923300928789,1.4077997319422529e-06,-0.0653674830216211,0.999987547004426,True,False,False
Zbtb44,-0.06269350801534174,0.8248436555234451,-0.0977924269815578,0.999987547004426,False,False,False
Gpr68,0.010339192414080371,0.9703758297486347,-0.497657022830606,0.999987547004426,False,False,False
Rexo1,0.04637824491782717,0.8513593583137333,-0.35741121887543,0.999987547004426,False,False,False
Cmya5,-1.4772286758715945,0.001244425401132952,-0.125168135807918,0.999987547004426,True,False,False
Xxylt1,-0.27547089400788205,0.1583754879618098,-0.337075839834523,0.999987547004426,False,False,False
Arl4a,-0.10097628870743033,0.6263495785724827,0.0638495439928501,0.999987547004426,False,False,False
Gphn,0.2915094589699488,0.17609598855580313,-0.0531524679021249,0.999987547004426,False,False,False
Dynlrb1,0.16063277943429996,0.2582204126194056,0.157892696659324,0.999987547004426,False,False,False
Gpr141b,0.04078465818679479,0.9721319482721927,0.211330434149548,0.999987547004426,False,False,False
Zfp30,0.5448649115940273,0.5633152832251649,-0.854549146909217,0.999987547004426,False,False,False
Inhbe,-0.5639977251032431,0.5625054730175445,-0.324331405195477,0.999987547004426,False,False,False
Rnf152,-0.6438641761403598,0.45097854791258435,-0.453503117066632,0.999987547004426,False,False,False
Tspyl1,0.025182810088160344,0.9197421145819021,-0.158348899583391,0.999987547004426,False,False,False
Flacc1,0.46881870704304895,0.4939055382541945,-0.167521179801201,0.999987547004426,False,False,False
Mis18bp1,-0.10378518908525085,0.6905196448584772,-0.0104613539802436,0.999987547004426,False,False,False
Fbxo28,-0.042398433247236154,0.8582828442715188,-0.518350498125895,0.999987547004426,False,False,False
Cltb,0.004831251262701856,0.9831636975666895,-0.164561710189933,0.999987547004426,False,False,False
Tmem41b,0.04227445006348038,0.8757729998206848,0.205112228552667,0.999987547004426,False,False,False
Lxn,0.08081431605956206,0.7542375026680906,-0.298837817978213,0.999987547004426,False,False,False
Tyw3,-0.07096986110588442,0.8833850004986002,0.0134382171045893,0.999987547004426,False,False,False
Nccrp1,0.45508313550238644,0.22958722828687456,-0.307848326495145,0.999987547004426,False,False,False
Zfp235,-0.6725917946388364,0.03503370634147595,-0.209190149339658,0.999987547004426,True,False,False
Frat2,0.6579882876391444,0.012790596506456104,-0.558995601795103,0.999987547004426,True,False,False
A430005L14Rik,-0.0018757173774953235,0.9941026950334206,-0.160808224158274,0.999987547004426,False,False,False
Paxx,-0.10832845331246953,0.6269962065780844,-0.503295919753353,0.999987547004426,False,False,False
Apof,-0.41057355405918594,0.29830874789931255,0.227216269260195,0.999987547004426,False,False,False
Fgfbp3,-0.7040749137364822,0.43028269226477933,0.295882246176183,0.999987547004426,False,False,False
D930020B18Rik,-0.4057764261344098,0.7395119011030901,-0.47924258866734,0.999987547004426,False,False,False
Tssk6,-0.17931358362597602,0.7645435808438655,-0.17320484085851,0.999987547004426,False,False,False
Trpt1,0.12655860148315898,0.8058548885504718,-0.330504460545688,0.999987547004426,False,False,False
Msl3l2,-0.18502093229930772,0.6258581697652313,-0.217280139825379,0.999987547004426,False,False,False
Rps8,-0.03756254101929652,0.8802918767469572,-0.207181454505847,0.999987547004426,False,False,False
Gpr82,-1.2300914270495535,5.922246718725846e-20,0.42340716444793,0.999987547004426,True,False,False
Yipf6,-0.009660150879064532,0.9721198100126763,-0.189983634632364,0.999987547004426,False,False,False
Champ1,-0.3149891167447746,0.18353518404413358,0.0063755448331592,0.999987547004426,False,False,False
Ust,0.081851711989253,0.8424553144334981,0.562414225247191,0.999987547004426,False,False,False
Ppp1r2,0.10831135293192787,0.5035998557114019,0.0105339045896455,0.999987547004426,False,False,False
Ubiad1,0.015355469390332199,0.9655785154437904,0.0781195327179018,0.999987547004426,False,False,False
Wbp1l,0.22053595969662965,0.2439910655993997,-1.01109519002742,0.999987547004426,False,False,False
Samd9l,-0.6087507633333328,0.00013238868712759616,-1.51441846569666,0.999987547004426,True,False,False
Rnf150,-0.6017392206626543,0.028545351536341936,0.739371596085369,0.999987547004426,True,False,False
Zc3hav1l,-0.035784717835463886,0.9730162699849253,-0.268230244187405,0.999987547004426,False,False,False
Utf1,-0.5099029639142575,0.27771908389332567,-0.243848804365632,0.999987547004426,False,False,False
Fancb,-0.15472535524079065,0.8525370482397107,-0.263673164643896,0.999987547004426,False,False,False
Lrrc49,-0.9829614276602451,0.16061649750895166,-0.274163979528877,0.999987547004426,False,False,False
Atg16l2,-0.0638709665190667,0.7981402655079027,-0.266339431989079,0.999987547004426,False,False,False
Phf13,0.9650292529916442,2.7680517427344304e-05,-0.320244867572361,0.999987547004426,True,False,False
Lix1,0.10383392751311266,0.929520450045138,0.30032739487003,0.999987547004426,False,False,False
Slc38a9,0.025133111420421756,0.9173334588481596,0.261980954086908,0.999987547004426,False,False,False
Cd300lf,-0.7967270316498015,1.9499660000653862e-13,0.454161838913152,0.999987547004426,True,False,False
Akap10,-0.18510528664736392,0.3197358551364469,-0.0939805047679565,0.999987547004426,False,False,False
Ccdc88b,-0.14972229089091352,0.42933276151587135,-0.121362028522388,0.999987547004426,False,False,False
Trim16,1.4500865201635906,0.065186727463122,-0.483614282304162,0.999987547004426,False,False,False
Pygo2,0.26790480311904813,0.168056589484804,-0.372555459793442,0.999987547004426,False,False,False
Cdca4,-0.13715626592248562,0.5305023492431631,-0.173788641621678,0.999987547004426,False,False,False
Bri3,-0.07144757749815767,0.8547728172842565,-0.220060064617215,0.999987547004426,False,False,False
Stx19,0.5331891889838735,0.4792745313067668,0.367326102390197,0.999987547004426,False,False,False
Lonp2,0.07071572217707506,0.7230907973996046,-0.168407519906845,0.999987547004426,False,False,False
Gimap6,0.40186262848229815,0.32698555220961356,0.0573947397882986,0.999987547004426,False,False,False
Gpr157,0.0032393998454372146,0.9937923759154867,-0.243210348908489,0.999987547004426,False,False,False
Usp14,0.15443940863225075,0.2817980180625411,-0.153274981887387,0.999987547004426,False,False,False
Cxcr5,-0.44282049420079084,0.4456229055090194,-0.146128166943413,0.999987547004426,False,False,False
Rell1,0.34278903898074414,0.060317139370952136,0.654230417887942,0.999987547004426,False,False,False
Tnrc6b,-0.09625004334610299,0.6483745148389928,-0.016733829177455,0.999987547004426,False,False,False
Ankrd16,0.004806101070433481,0.9881644754127993,0.0246867407083409,0.999987547004426,False,False,False
Trappc9,0.1911454740081368,0.3886433878911737,-0.425771654367058,0.999987547004426,False,False,False
Marcksl1,0.4944111855456822,5.095346299895325e-06,-0.394239280199933,0.999987547004426,True,False,False
Kcna3,0.3660553415578455,0.20146946611434077,-0.65633788437192,0.999987547004426,False,False,False
Stbd1,1.229924833196789,1.0676332498156201e-05,-0.248205048895984,0.999987547004426,True,False,False
Ino80c,-0.12745456065073218,0.5129935764633196,0.138805167363181,0.999987547004426,False,False,False
Prrg1,0.5932514974162664,0.3283735334556417,-0.666709940074071,0.999987547004426,False,False,False
Gigyf2,0.04945483295652772,0.8402060338485081,-0.425031680923768,0.999987547004426,False,False,False
Timm8a1,0.07209790472756575,0.7588165640577957,-0.398143368354445,0.999987547004426,False,False,False
Zfp473,0.5216425198649829,0.3822865498093764,0.397945798467259,0.999987547004426,False,False,False
Rgmb,-0.2467704271537,0.36865600549684185,-0.799296820023898,0.999987547004426,False,False,False
Fcrl5,0.7078328885244007,0.6033629866555102,-0.349073363395974,0.999987547004426,False,False,False
Isg20l2,-0.07544486693906491,0.8312570827211389,-0.14811781117272,0.999987547004426,False,False,False
Zbtb33,-0.10689974262104915,0.8337268162456329,0.179632129517817,0.999987547004426,False,False,False
Ldlrad3,0.32742979709643155,0.33638055943710676,-0.317207428418955,0.999987547004426,False,False,False
Arf1,0.18982812534928992,0.1422503915979335,-0.0731086390427578,0.999987547004426,False,False,False
Tenm4,-1.0537162971043526,0.2359090416113138,-0.104124232666031,0.999987547004426,False,False,False
Taf13,0.16580206146417903,0.3084197955431827,-0.0242709897531048,0.999987547004426,False,False,False
Tmem72,-0.5286170046927081,0.0004733217940919298,-1.0127387191661,0.999987547004426,True,False,False
Rbm15,-0.4649547778455958,0.2709621591873317,-0.136621676397588,0.999987547004426,False,False,False
Arid4a,-0.11373598199984739,0.39621446771604274,0.71258153558458,0.999987547004426,False,False,False
Entpd1,-0.31426968537225364,0.026182982641334337,-0.0838689687661915,0.999987547004426,True,False,False
Nat8l,0.13035418362919637,0.8608748858780192,-0.265354857924757,0.999987547004426,False,False,False
Nwd1,-0.5416608763059895,0.5994249445497596,-0.737583224840166,0.999987547004426,False,False,False
Selplg,0.24762233882681128,0.09849105553944977,-0.299869930004674,0.999987547004426,False,False,False
Mcmbp,0.11087060895055555,0.5197256226640846,-0.127251992002323,0.999987547004426,False,False,False
Asb8,0.08680825584038229,0.7131363478102013,-0.825357565902649,0.999987547004426,False,False,False
Mfap1b,-0.040626327522377784,0.8361922353122294,-0.076188716371397,0.999987547004426,False,False,False
Fbxo10,0.1788762406939151,0.7299276596652816,-1.509486917732,0.999987547004426,False,False,False
Rnf149,0.3059144842457214,0.012452003627847732,-0.512369331186999,0.999987547004426,True,False,False
Crebrf,0.01993243741022562,0.9303169636945676,-0.190468442255718,0.999987547004426,False,False,False
Dip2c,-0.7917237762453433,0.326409903323958,0.0525390819837579,0.999987547004426,False,False,False
Rbm33,-0.2640711050080491,0.16113288488668048,0.152955763016945,0.999987547004426,False,False,False
Sacs,-0.16342201917624005,0.7576974716747218,-0.120615295687552,0.999987547004426,False,False,False
Zfp738,-0.11975020111102637,0.5587391207080057,-0.38064791119031,0.999987547004426,False,False,False
Frmd6,-0.02894323795725401,0.9724135976378315,-0.302614612046574,0.999987547004426,False,False,False
Ankrd46,-0.020367604571412824,0.9474554188461275,-0.194281144462611,0.999987547004426,False,False,False
Pskh1,0.14012048732210533,0.6024762304030485,-0.248267291433756,0.999987547004426,False,False,False
Coa7,0.31479191701275255,0.16161281988204976,-0.333029480138231,0.999987547004426,False,False,False
Pdp2,-0.05293047765127159,0.9019682066232652,-0.260725910113313,0.999987547004426,False,False,False
Socs4,-0.2808460960110435,0.12924553964855817,-0.246286161087443,0.999987547004426,False,False,False
Mlf1,0.1237590967886299,0.8953272198847355,0.497217132340261,0.999987547004426,False,False,False
Ranbp3l,0.500426890328727,0.6353853103096804,0.309630569263271,0.999987547004426,False,False,False
Cyp4f16,0.12118187562125808,0.45030347706720564,-0.509020220877769,0.999987547004426,False,False,False
Smim5,0.7365254680046627,0.037375958832219024,-0.400537967439325,0.999987547004426,True,False,False
Mypop,-0.5602683136822976,0.431291545428936,-0.227751273750938,0.999987547004426,False,False,False
Zdhhc22,-0.21301886087264732,0.8329039300414652,-0.32536931555885,0.999987547004426,False,False,False
Fitm2,-0.2031594003166371,0.7629474275180479,-0.150634025281352,0.999987547004426,False,False,False
Depp1,-1.2827236370460786,0.03825349962168937,-0.384130712143286,0.999987547004426,True,False,False
Nrip1,-0.06463663385096086,0.7428225649905199,0.52405281141733,0.999987547004426,False,False,False
Mmgt2,0.012332877980211484,0.9716221740744214,-0.399416908967742,0.999987547004426,False,False,False
Cd300e,-0.09763756122321907,0.9106351821798189,0.879237563004889,0.999987547004426,False,False,False
Nkx1-2,1.2803631726872184,0.013279410585680454,-0.253967366673622,0.999987547004426,True,False,False
Jaml,-1.002163256214959,6.3159770639971935e-18,0.496214746599752,0.999987547004426,True,False,False
Phldb1,-0.12471899097799122,0.9152508864719053,-0.672037543996969,0.999987547004426,False,False,False
Tob2,0.3504316445236544,0.018423358352226582,-0.311975455411669,0.999987547004426,True,False,False
Thnsl1,-0.32461887544453405,0.42124443250183025,-0.476566347717105,0.999987547004426,False,False,False
Mlec,0.021864794868927104,0.9229348053929266,-0.236128937732888,0.999987547004426,False,False,False
E130311K13Rik,-0.5557064747220882,0.059581606472925104,-0.241928472773432,0.999987547004426,False,False,False
Myof,0.2754142919458774,0.5265495594328683,-0.411447393202256,0.999987547004426,False,False,False
Rtbdn,-0.2107543983266937,0.8800365357420747,-0.275546236341292,0.999987547004426,False,False,False
Gm6377,-0.4868868029705954,8.913560680423513e-05,-0.171515006296232,0.999987547004426,True,False,False
Exd1,-0.07457858228919517,0.9081790261227647,-0.341834386238567,0.999987547004426,False,False,False
Samd13,1.3289125871921548,0.03610208994127209,-0.200546555474888,0.999987547004426,True,False,False
Lemd3,-0.10505411331091938,0.7427419649870515,0.0324980357009483,0.999987547004426,False,False,False
Rhno1,-0.5092140046851882,0.0029529596826127426,-0.0797939550225841,0.999987547004426,True,False,False
Tpcn2,-0.17190190593582383,0.6027877265613195,-0.492376600732735,0.999987547004426,False,False,False
Ccdc6,-0.047834840919831256,0.8952153072501813,1.29813504194636,0.999987547004426,False,False,False
Tprn,0.1508067490283636,0.6315291527501259,-0.125450318341876,0.999987547004426,False,False,False
Tbc1d12,0.37840544411831667,0.5527191887444403,0.0868810165776033,0.999987547004426,False,False,False
Ggnbp1,-0.8229225090638305,0.0919248039057907,0.766868740648163,0.999987547004426,False,False,False
Klhl11,-0.19193532435440322,0.7978026319207855,-0.553648322279956,0.999987547004426,False,False,False
Mcat,-0.013420144159615776,0.9717633989313788,-0.246533879657427,0.999987547004426,False,False,False
Foxo3,0.05142755653218614,0.9015199980923762,-0.10904591447953,0.999987547004426,False,False,False
Rpl29,-0.14458751401273373,0.31125002481204417,-0.406370580844965,0.999987547004426,False,False,False
P2ry6,0.07255789700589549,0.8030467147626096,-0.510906531257079,0.999987547004426,False,False,False
Dcun1d3,-0.03837412416835377,0.9496948542982359,0.0078543123457381,0.999987547004426,False,False,False
Cyb561d1,-0.2645903667542084,0.2547758224615749,-0.14096456235332,0.999987547004426,False,False,False
Cep120,-0.1414497512327164,0.5289182804145375,0.0099428617598604,0.999987547004426,False,False,False
Slc35e4,1.4950688043147844,2.1801270468312897e-06,0.300126355626106,0.999987547004426,True,False,False
Vps37c,0.1651738105242036,0.3715286736078812,0.290037925119828,0.999987547004426,False,False,False
Slc39a9,-0.15568999480040574,0.5633375366819044,-0.264156925093808,0.999987547004426,False,False,False
Gm12185,-0.20175952814667225,0.6937057864448154,0.256405514753566,0.999987547004426,False,False,False
Arhgap30,-0.20365697116750137,0.07504392653595386,0.451199401454635,0.999987547004426,False,False,False
Phf3,-0.2909430776655885,0.0516779195016203,-0.121126745452733,0.999987547004426,False,False,False
Hexim1,-0.04846075803198646,0.884067873810178,-0.0618478416623285,0.999987547004426,False,False,False
Zfp710,-0.11987567918636514,0.4526066914839464,-0.653420435141878,0.999987547004426,False,False,False
Fkrp,-0.03494171973891624,0.9062874184695785,-0.788948872781493,0.999987547004426,False,False,False
Ccdc125,0.3365592679868805,0.578854273924909,0.33233296272817,0.999987547004426,False,False,False
Tada3,0.03315030609980075,0.9053113181564424,-0.0526181071852072,0.999987547004426,False,False,False
Mrgpre,-0.45382069259402086,0.4598767828727815,-0.767427912823603,0.999987547004426,False,False,False
Atxn7l2,0.22902928286379592,0.5777873373496525,-0.0671755735452768,0.999987547004426,False,False,False
Ndnf,-0.6167902994609998,0.12087310371235056,-0.312714977841953,0.999987547004426,False,False,False
Clec4a1,0.6876348716660857,2.3725403331985386e-07,0.399966939800046,0.999987547004426,True,False,False
Mterf2,-1.467951812223502,0.02165501249779473,-0.83136726916143,0.999987547004426,True,False,False
Armcx3,0.6781255951395121,2.5131022066863913e-06,-0.155173150302359,0.999987547004426,True,False,False
Acap2,-0.05542612715759447,0.8240075967999684,0.18518380332218,0.999987547004426,False,False,False
Bmyc,0.1569709795129826,0.39592770531386867,-0.357583765688607,0.999987547004426,False,False,False
Sephs2,-0.005211864120892951,0.9852215925073082,-0.563539336785686,0.999987547004426,False,False,False
Gpr137c,-0.8239522144643323,0.09409651108501618,-0.0860954729380214,0.999987547004426,False,False,False
Ccr2,0.4681901653046233,0.38365928692344153,-0.234434757002606,0.999987547004426,False,False,False
Dcaf5,0.17856654358204693,0.5518939086501342,-0.361564944462307,0.999987547004426,False,False,False
Fam110b,0.5206726065212783,0.3939586987237171,-1.11643703392451,0.484822246119666,False,False,False
C5ar1,2.1562703456785353,2.980521298975343e-09,0.358578055867392,0.999987547004426,True,False,False
Purg,0.23735167938056256,0.6653127687382308,0.636577477282714,0.999987547004426,False,False,False
Rtl5,0.31806845953771795,0.5587391207080057,0.245975021153701,0.999987547004426,False,False,False
Pdp1,0.5312903170329247,0.02314598542072311,-0.074349057851931,0.999987547004426,True,False,False
Tigd2,-0.4565901453426537,0.00990195616446609,0.487466274081553,0.999987547004426,True,False,False
Gm5316,-0.5444832319463054,0.4845161496107956,-0.489439103959153,0.999987547004426,False,False,False
Scn3b,-0.008222472456814633,0.9911527556919748,-0.550182676028179,0.999987547004426,False,False,False
Mblac1,0.29497519691581015,0.4753432608243533,-0.683900866490603,0.999987547004426,False,False,False
Iba57,0.2812999615113906,0.4561701781319593,-0.282675248119632,0.999987547004426,False,False,False
Lix1l,0.1782423400111593,0.8595369071532993,-0.0196207452461179,0.999987547004426,False,False,False
Zfp219,0.0825083930629742,0.8505367199185737,-0.14067924863248,0.999987547004426,False,False,False
Trappc1,0.052341988622301334,0.8061001219520707,-0.364189017509576,0.999987547004426,False,False,False
Prmt6,-0.09043463456359034,0.7939910356195148,0.0741069685863271,0.999987547004426,False,False,False
Ccdc71,-0.17420611059722912,0.42965436539810176,-0.63941236232964,0.999987547004426,False,False,False
Fut4,0.5332153714032672,0.00019338243525113854,0.442093639635825,0.999987547004426,True,False,False
Sorl1,-0.005465217072755888,0.9825621828990581,0.376644758216605,0.999987547004426,False,False,False
Zfp2,-0.5704513214416893,0.3920668938944933,-1.20578808884485,0.999987547004426,False,False,False
Kmt5a,0.1378632813954965,0.3923702344171982,0.0129050959863433,0.999987547004426,False,False,False
Retreg2,0.12175149304949626,0.5100119428480436,-0.234835545940594,0.999987547004426,False,False,False
Dcaf7,-0.13664893364084088,0.47218885167574065,-0.664793273169364,0.999987547004426,False,False,False
Ogfr,0.01636282879244898,0.9417593247619237,-0.0715204262500286,0.999987547004426,False,False,False
Tmem241,-0.3321685578423499,0.15015693059248875,0.100458605582673,0.999987547004426,False,False,False
Zfp260,-0.088860062259478,0.7022749051502936,-0.233380221463946,0.999987547004426,False,False,False
Chchd10,0.7735001727753379,0.03977939590517583,-0.147687267699579,0.999987547004426,True,False,False
Cyp20a1,0.1535936754587577,0.5459458213292959,0.131121214727168,0.999987547004426,False,False,False
Aff4,-0.05040164142105652,0.8245077471943728,-0.171895464492498,0.999987547004426,False,False,False
Ctu2,-0.09015599453908472,0.66142958197464,-0.295634052456733,0.999987547004426,False,False,False
Ccnq,-0.17528018777083268,0.4625762561824691,0.296374277962776,0.999987547004426,False,False,False
Slc36a3,-0.4882331483039003,0.051844693592377256,0.161505134284941,0.999987547004426,False,False,False
Dtx3l,-0.4630887399804712,0.00666741835764708,-0.202719113634806,0.999987547004426,True,False,False
Proser1,-0.04053756075540029,0.8919305080753869,-0.276291763787024,0.999987547004426,False,False,False
Spty2d1,0.638377988349426,0.07836394499701962,-0.723379567220669,0.999987547004426,False,False,False
Rps23,-0.10686801970228504,0.591757296896217,-0.151384298200144,0.999987547004426,False,False,False
Tmem202,1.6372838616645506,0.03042190528552891,-0.390830772514938,0.999987547004426,True,False,False
Tceal1,0.7122298640590738,0.12648600251506367,0.107943554422675,0.999987547004426,False,False,False
H1f1,-0.8452503885334393,0.4681334770968291,-0.161070445598577,0.999987547004426,False,False,False
Polr1a,-0.34288938094436194,0.11520301000035482,0.0119892293086998,0.999987547004426,False,False,False
Ap5b1,0.17635228996651633,0.6394686435326672,-0.687372703051377,0.999987547004426,False,False,False
Zfpm1,1.4592830969219668,0.08622807837646716,0.309973637797034,0.999987547004426,False,False,False
Ccdc69,-0.49767519901979174,5.68169798833782e-05,0.573994401672816,0.999987547004426,True,False,False
Zbtb45,-0.1382150078604326,0.6619248528428577,-0.355285614933955,0.999987547004426,False,False,False
Zfp644,-0.16571636713434879,0.38095050885665577,0.183700660021509,0.999987547004426,False,False,False
Gpr55,-1.6202708005401303,1.8745270481644736e-06,0.390868788393419,0.999987547004426,True,False,False
Slc17a5,0.21110646262854332,0.3856042975352682,0.227952014079177,0.999987547004426,False,False,False
Tifab,-0.04812593490949863,0.8030467147626096,0.194202184394602,0.999987547004426,False,False,False
Gpr3,-0.057194413404727515,0.9578964099823002,-0.149075051276294,0.999987547004426,False,False,False
Zbtb5,-0.3329971381070819,0.4071813368193393,-0.12031469797394,0.999987547004426,False,False,False
Bdp1,-0.19752916636014312,0.3357077101821133,-0.738888010851264,0.999987547004426,False,False,False
Aftph,-0.301183088319929,0.03918536929417322,0.344156207162911,0.999987547004426,True,False,False
Zbtb14,-0.026939961024514555,0.937550904634815,-0.247170202502833,0.999987547004426,False,False,False
Catsperg1,-0.4268496821456006,0.45555691211204546,-0.513415683350448,0.999987547004426,False,False,False
Urgcp,-0.18939906366184245,0.47043218110221224,-0.161006712685065,0.999987547004426,False,False,False
Orai1,0.5252488750373071,1.00278843496504e-05,-0.29858030038295,0.999987547004426,True,False,False
Nckap5,0.01911498340191605,0.9880727237333388,0.535270711266299,0.999987547004426,False,False,False
Nlrp10,-0.5299545891946831,0.012606519718839759,0.148805675796529,0.999987547004426,True,False,False
Lig4,0.44377037322745305,0.5513805341729029,-0.0443034826582007,0.999987547004426,False,False,False
Mmp12,-0.16112525478642684,0.33638055943710676,0.647659195922637,0.999987547004426,False,False,False
Trex1,0.2354903020647527,0.13906031033046698,-0.347591880010271,0.999987547004426,False,False,False
Zfp646,-0.2322515503905402,0.4904610212644019,-0.0665015130456199,0.999987547004426,False,False,False
Arhgap15,-0.23423451793885733,0.04085694212256672,0.433247588211732,0.999987547004426,True,False,False
Zfp672,-0.2396223203412006,0.314876741253746,-0.319574900220773,0.999987547004426,False,False,False
Micos13,0.02039662103706484,0.926501049836634,-0.177904264670644,0.999987547004426,False,False,False
Zfp280b,-0.735321978633625,0.001540289438383169,-0.0317427068127554,0.999987547004426,True,False,False
Tmsb4x,0.030993687947994918,0.8993194251517448,-0.232796710181743,0.999987547004426,False,False,False
Fzd4,1.1481950451650669,0.11625130335314678,-0.55727909784204,0.999987547004426,False,False,False
Bag5,0.14698896130182396,0.4430393956297222,-0.108608642187026,0.999987547004426,False,False,False
Sertad2,0.2207443901858403,0.20425355461560457,-0.154329903427798,0.999987547004426,False,False,False
Arhgap23,0.8866153367365027,0.18575436440173726,-1.04165399851514,0.999987547004426,False,False,False
Fam161a,-0.10034557415205377,0.8856846855538646,-0.0171987600974646,0.999987547004426,False,False,False
Ceacam19,0.6287810142382438,0.16940199946927292,-0.0620445050474441,0.999987547004426,False,False,False
Suox,0.17132473917050717,0.42275446169443437,-0.32440219613217,0.999987547004426,False,False,False
Arl4c,0.1419723267519357,0.3698757459172713,-0.0321715492058434,0.999987547004426,False,False,False
Nlrc3,-0.2707608295660667,0.8171986550135557,-0.228468456401243,0.999987547004426,False,False,False
Rlf,-0.24304803250983906,0.1915314917538402,0.413651461951526,0.999987547004426,False,False,False
Vcpkmt,-0.3689477632353552,0.666637619864479,-0.115698187709506,0.999987547004426,False,False,False
Rasd1,1.3431320855113593,0.0022055198080680417,-0.490126628346494,0.999987547004426,True,False,False
Stkld1,-0.9751734560808364,0.021500363585256508,-1.11350915347224,0.999987547004426,True,False,False
Tmem17,-0.30526539452748286,0.6538657304008354,-0.13713578986353,0.999987547004426,False,False,False
2610318N02Rik,-0.1946385045369013,0.7211767826705366,0.207608129474711,0.999987547004426,False,False,False
Slc35c1,0.240582271711598,0.2263816292376761,-0.0825474409838298,0.999987547004426,False,False,False
H2ax,-0.2468176920011389,0.16106623849140356,-0.335947415959754,0.999987547004426,False,False,False
Pgrmc2,0.26498900744272846,0.2582204126194056,-0.0186892643201446,0.999987547004426,False,False,False
Rpp38,-0.11399871430484475,0.7390821557174695,-0.435658540119222,0.999987547004426,False,False,False
Mrps16,-0.027182543075655135,0.9211770391450708,-0.166736212256735,0.999987547004426,False,False,False
Plekhf2,-0.0023261189244680896,0.9920311139317715,-0.119781008372314,0.999987547004426,False,False,False
Glt1d1,-0.3187829674800726,0.5116362212622776,-0.309623389473142,0.999987547004426,False,False,False
Ankrd55,-0.5855142554651407,0.08733694576765916,-1.04854783624127,0.999987547004426,False,False,False
Lrrc25,-0.3689257078224816,0.13451338618226408,0.345341638167689,0.999987547004426,False,False,False
Ppp1r3d,0.9966885987759327,0.16646816204702936,0.130786329923889,0.999987547004426,False,False,False
Idnk,0.02182789931889355,0.9157822547490575,-0.493650233079366,0.999987547004426,False,False,False
Amz1,-0.02001695690961284,0.937550904634815,-0.846343412866085,0.999987547004426,False,False,False
Rap2c,0.004387952999067824,0.9876864437372052,-0.196121746421942,0.999987547004426,False,False,False
Ccdc158,1.2293992460721244,0.037505379166661905,-0.625936581641003,0.999987547004426,True,False,False
Gpr171,0.001328625218573888,0.9959305395465365,-0.424448644335289,0.999987547004426,False,False,False
Rspry1,0.07159510891573055,0.7490057830280331,-0.226295878146704,0.999987547004426,False,False,False
1600012H06Rik,-0.053447952305376634,0.8339295138529826,0.0083404076082525,0.999987547004426,False,False,False
Agmo,-0.6496074654868129,0.13117015811672908,-1.13705577220016,0.999987547004426,False,False,False
Tmc8,-0.8140359712631542,0.0030681493216751436,-0.847532028728489,0.999987547004426,True,False,False
Haspin,-0.6545854567135103,0.014671337586227018,-0.634719224486527,0.999987547004426,True,False,False
Bpifc,-0.24010431406841368,0.8564945020967409,-0.635737619144182,0.999987547004426,False,False,False
Opalin,-0.6741763681867214,0.4706079948244928,-0.673479883645919,0.999987547004426,False,False,False
Vwa3b,-0.5172885266913693,0.36854947889218803,0.924277984585234,0.999987547004426,False,False,False
Slc25a44,0.12048198387005671,0.669236970230596,-0.255039540154221,0.999987547004426,False,False,False
Ubqln2,-0.020221530739934004,0.9683006999148994,0.141082338732161,0.999987547004426,False,False,False
Nudt6,-0.3199010875836253,0.23891612335915316,-0.491697926631351,0.999987547004426,False,False,False
Lsm10,0.25224577893813815,0.13134181312455,-0.440170197089473,0.999987547004426,False,False,False
Eif5a2,-0.0018015671559670546,0.9959305395465365,0.41407968275269,0.999987547004426,False,False,False
Eva1b,0.6709525871823251,0.0020277274027489926,-0.273478081721577,0.999987547004426,True,False,False
Snip1,0.04159794150714979,0.8780743788686124,-0.367341986207177,0.999987547004426,False,False,False
Pigm,-0.038771034510348974,0.8932078442849376,-0.185761673324303,0.999987547004426,False,False,False
Cxcr3,-1.6539389151437893,5.138274664130875e-05,0.183659885878127,0.999987547004426,True,False,False
Hic2,0.5445360186139118,0.15196498639458944,0.205517504307402,0.999987547004426,False,False,False
Klre1,-0.23816768333098964,0.4753432608243533,0.280321373244403,0.999987547004426,False,False,False
Heatr1,0.07786734770619086,0.8128435254539735,-0.294995290897744,0.999987547004426,False,False,False
Tmem220,-0.303345316448341,0.6083782082079074,-0.495616975834198,0.999987547004426,False,False,False
Dscam,-0.3597435788129891,0.011206145491204116,-0.435266271049659,0.999987547004426,True,False,False
Rictor,-0.3723961476532777,0.01186803280644573,0.589081500973559,0.999987547004426,True,False,False
Nsun3,-0.07031343808837899,0.8085244062652077,-0.249837133218801,0.999987547004426,False,False,False
Synpo2,-0.9967681232848555,0.001523722737962764,-0.56463953587861,0.999987547004426,True,False,False
Ndufaf6,0.02139296487672213,0.9503723113049145,-0.0690494915398414,0.999987547004426,False,False,False
Amer1,0.05382525889333189,0.8904199334223653,-0.0996017990922065,0.999987547004426,False,False,False
Lgals3,0.5689798736805723,0.000121985888138614,-0.345050830816564,0.999987547004426,True,False,False
Gpr18,-0.3797399447286393,0.009075515645389335,0.321380701616565,0.999987547004426,True,False,False
Carmil2,0.33226074963244395,0.5310004568346607,-0.523172893510346,0.999987547004426,False,False,False
Ch25h,0.579114626764271,0.3750541882296435,0.233505919905904,0.999987547004426,False,False,False
Snx21,0.032635594128836806,0.9256392475693002,-0.185377736369062,0.999987547004426,False,False,False
Il31ra,-0.2488383778103306,0.3963895168765899,-0.439469023569464,0.999987547004426,False,False,False
Septin6,-0.3932332699092367,0.0031657686267646634,-0.17238993166327,0.999987547004426,True,False,False
Armcx6,1.4047447827499207,0.0006773063523161353,-0.122515515073876,0.999987547004426,True,False,False
Tnfsf15,-0.7274459748951441,0.004013587903423305,-0.797634267541148,0.999987547004426,True,False,False
Fbxo46,-0.11720976968594737,0.7457508315129342,-0.341189039153016,0.999987547004426,False,False,False
Fam118b,-0.03196434246596211,0.8905831051959692,0.179139314722542,0.999987547004426,False,False,False
Fbxl22,-0.18945376848920212,0.8386993929097386,-0.105497634168727,0.999987547004426,False,False,False
Fam241a,0.023482078001764346,0.9353137137266345,0.0649589582458212,0.999987547004426,False,False,False
Kcnb1,-0.5772332425058121,0.4719069505448404,-0.371631715409861,0.999987547004426,False,False,False
Prokr2,-0.3457387018740849,0.6250261461994453,0.670284499701059,0.999987547004426,False,False,False
Maml1,0.003121805958691434,0.9941026950334206,0.371357341841002,0.999987547004426,False,False,False
Mmp13,1.081625492950411,0.27620848772212125,0.202959110399946,0.999987547004426,False,False,False
Zfp61,-0.21635231821891376,0.6767490217959614,-0.235382241209837,0.999987547004426,False,False,False
Micos10,0.0071813866790377875,0.9767476671501542,-0.125472229989848,0.999987547004426,False,False,False
Zscan29,-0.23119288871772714,0.2893054878290025,-0.260132421523862,0.999987547004426,False,False,False
Rps27rt,-0.1847935349414598,0.5396005344820147,-0.649026171086476,0.999987547004426,False,False,False
Gpd1l,-0.32958155802652994,0.015242927114223174,-1.11161378957553,0.999987547004426,True,False,False
Ubald2,-0.03712428496371348,0.8888894485436352,-0.220831203949908,0.999987547004426,False,False,False
Tmem150c,0.019006849646743408,0.9633059304282224,-0.415481257999328,0.999987547004426,False,False,False
Prkaa1,-0.34814330086427886,0.02293205079673069,-0.0555415537262451,0.999987547004426,True,False,False
2310061I04Rik,0.03979393488582378,0.9106351821798189,-0.174349174981601,0.999987547004426,False,False,False
Ftl1,0.45080947264878685,0.00011562892708100331,-0.238750638322157,0.999987547004426,True,False,False
Plekho2,0.079094545985228,0.6250261461994453,-0.213264160556188,0.999987547004426,False,False,False
Arhgap42,-0.22127347311874307,0.5279278424849904,-0.232205858316479,0.999987547004426,False,False,False
Vamp8,0.19816590559007416,0.13845132348325784,-1.05422292238528,0.999987547004426,False,False,False
Ptges,-0.5842482107505933,0.43839988649044287,-0.54001123898745,0.999987547004426,False,False,False
Tmem37,0.9101666308549712,0.1829144478676528,-0.887673685123249,0.999987547004426,False,False,False
Ccdc126,-0.3808680762322895,0.3288797372371169,-0.140863283535692,0.999987547004426,False,False,False
B3galt6,-0.4128800407033748,0.1367741568490251,-0.0146158321118728,0.999987547004426,False,False,False
Ecpas,0.0015574136229385637,0.9953613911432304,0.18595218910948,0.999987547004426,False,False,False
Fam131a,0.19854241349109755,0.5414519423135165,-0.897912493001889,0.999987547004426,False,False,False
Zfp623,-0.07239554573396685,0.868359643826167,0.0460571238373877,0.999987547004426,False,False,False
Zfp940,-0.2094691378706613,0.7407890460919294,-0.54358502261702,0.999987547004426,False,False,False
Pdik1l,-0.3030398597311816,0.14976340433557322,-0.391336245023358,0.999987547004426,False,False,False
Tvp23a,0.8943561065351141,0.01552647046602959,-0.3324118724605,0.999987547004426,True,False,False
Tmem123,-0.03560128134868022,0.886071797895808,0.0100681619144662,0.999987547004426,False,False,False
Ankrd37,0.7797022024236261,0.004270140509518563,0.504039286168777,0.999987547004426,True,False,False
Zfp366,0.09205066883078379,0.6361053393666495,-0.346072670146854,0.999987547004426,False,False,False
P2ry10,0.0433539858660184,0.882816928624448,0.788405147469471,0.999987547004426,False,False,False
Map10,0.14815494003040597,0.8932078442849376,-0.506629343284214,0.999987547004426,False,False,False
Zfp438,0.12450921698067902,0.8240610221735203,0.437403889190165,0.999987547004426,False,False,False
Amigo1,1.066444313192864,0.0037545155488690296,-0.212729312433034,0.999987547004426,True,False,False
Gja1,0.3111962433373545,0.669236970230596,-0.299084559829778,0.999987547004426,False,False,False
Insl6,0.4385506822688625,0.0809718209666561,-0.270920896993734,0.999987547004426,False,False,False
Prkca,0.7427176558121718,0.35831613635066634,-0.152564300190152,0.999987547004426,False,False,False
Creg2,0.7553929826193937,0.3615374132722996,-0.219024962517683,0.999987547004426,False,False,False
Selenon,0.9634415070702612,0.0076339229367822,-1.10203429607556,0.999987547004426,True,False,False
Adgb,-0.5051676272753968,0.6506162881212896,0.515179880383228,0.999987547004426,False,False,False
Gatd1,-0.107687028718563,0.5946301506463622,-0.514047992711151,0.999987547004426,False,False,False
Serpinb1b,-0.793611522844817,0.04683203520453868,0.570789873436253,0.999987547004426,True,False,False
Zfp11,-0.14022688089968885,0.8109871920693539,0.0525474286659176,0.999987547004426,False,False,False
Zfp455,-0.0871719030990239,0.8742672436381377,-0.135545147661723,0.999987547004426,False,False,False
Gprc5c,0.173090214624096,0.8091476194303201,0.439747289367178,0.999987547004426,False,False,False
Mblac2,0.12866953947609033,0.6280589461927037,0.0353522690093921,0.999987547004426,False,False,False
Gimap9,-0.19481129248664733,0.8398015260539107,-0.0005304222843527,0.999987547004426,False,False,False
Camk2n2,0.9821884435031203,0.31565348773202523,0.286322135420755,0.999987547004426,False,False,False
Nat2,-0.17031083927473142,0.6699728416371574,-0.129599679644489,0.999987547004426,False,False,False
Adnp,-0.5428745506788552,0.2574289657974017,-0.135057120681516,0.999987547004426,False,False,False
Commd3,0.16317053551815958,0.20158761687574098,-0.308590180453725,0.999987547004426,False,False,False
Eml5,-0.16439486500279393,0.457920030656467,0.259041344711891,0.999987547004426,False,False,False
Rpusd3,0.026243733120679822,0.9647351040458882,-0.099460396635501,0.999987547004426,False,False,False
Fam174a,0.222831198408926,0.08233592509470464,-0.124684306984298,0.999987547004426,False,False,False
Gpr183,0.0554444754180313,0.8172153314454853,0.629841419292023,0.999987547004426,False,False,False
Ercc6l,0.08182904216032823,0.8250922774777069,0.59101059371986,0.999987547004426,False,False,False
Bzw1,0.050285901676884306,0.7985171886379435,-0.138016319358757,0.999987547004426,False,False,False
Tceanc,-0.3157106336268371,0.38018124746860826,-0.004184854461851,0.999987547004426,False,False,False
Rnf7,0.09285862580502306,0.6144943849457,0.145084692174468,0.999987547004426,False,False,False
Swsap1,-0.24386323272466995,0.38095050885665577,-0.114304651562021,0.999987547004426,False,False,False
Islr2,-0.28451462185813803,0.7919921611243116,-0.888819843268601,0.999987547004426,False,False,False
Msantd1,-0.36841299982477427,0.24700834747424052,-0.562691005436456,0.999987547004426,False,False,False
Jagn1,-0.03241124231244259,0.9081651597488295,-0.178594223739615,0.999987547004426,False,False,False
Pcmtd1,-0.26081212928524966,0.14183365126847047,-0.131186212262255,0.999987547004426,False,False,False
Usp42,-0.10815359826456716,0.7461099763116473,-0.404333050325339,0.999987547004426,False,False,False
Ffar2,-0.6301355299308034,6.321033403851623e-08,-0.430286876321194,0.999987547004426,True,False,False
Taf7,-0.10172248400005415,0.5878346088123644,-0.134131778687708,0.999987547004426,False,False,False
Mtln,-0.005209840013365254,0.9877052204181761,-0.301236514386197,0.999987547004426,False,False,False
Nup160,-0.11965934368823673,0.6128038183550327,-0.123182085919876,0.999987547004426,False,False,False
Gfod1,-0.8216913009063047,0.018599894025720244,0.489256986375389,0.999987547004426,True,False,False
2900026A02Rik,-0.42573325988074895,0.0672153966572103,-1.09019996123924,0.999987547004426,False,False,False
Zfp52,-0.422337537261664,0.006688130860892787,-0.324703276352975,0.999987547004426,True,False,False
Rab11fip5,1.3774773177168462,0.0009714033476250881,-0.565079441605715,0.999987547004426,True,False,False
Plekhm3,-0.7310776224987083,1.7063704097565811e-12,-0.0309239734111202,0.999987547004426,True,False,False
Spryd4,-0.11063517814950553,0.7617712798230221,-0.456875624323779,0.999987547004426,False,False,False
Zfp46,-0.5911627433290918,0.09799502760209955,-0.377845634379245,0.999987547004426,False,False,False
Six1,0.824461019978259,0.33614947767477055,-0.455131847891288,0.999987547004426,False,False,False
Plpp7,0.5184527634070649,0.6662865145619192,-0.800580506735854,0.999987547004426,False,False,False
Pcdh1,-0.8250771322973715,0.15603333962658053,0.276170564959902,0.999987547004426,False,False,False
Kif18b,-0.7627475480778433,0.0580440379298198,-0.606802211689768,0.999987547004426,False,False,False
Flrt3,0.10070325061103455,0.9123927946689812,-0.652393623981414,0.999987547004426,False,False,False
Zbtb22,0.535613186992586,0.008555049818518005,-0.380467024878973,0.999987547004426,True,False,False
Ywhag,0.3113565162289224,0.015669458058049233,-0.328744604562579,0.999987547004426,True,False,False
Hspa14,-0.16496138189940382,0.763498510441362,-0.0496041067056066,0.999987547004426,False,False,False
Tacstd2,0.9554723822751602,0.1382918356214,0.0304588202498435,0.999987547004426,False,False,False
Ppp1r37,0.619609751202228,0.2907394811145449,-0.424138962060624,0.999987547004426,False,False,False
Ccdc157,-0.03710463036599047,0.9657765143186363,-0.0934477197971422,0.999987547004426,False,False,False
Fhad1,-0.6124759751817972,0.12470272822276447,-0.450215236843869,0.999987547004426,False,False,False
Cd14,1.740226038287917,4.9789598880549246e-09,0.125196811363228,0.999987547004426,True,False,False
Crebzf,-0.21831492392822344,0.20886003638744963,-0.656515663418913,0.999987547004426,False,False,False
Spn,0.4964438710470366,0.03681830773284073,-0.616108120986392,0.999987547004426,True,False,False
Zfp24,0.009441114280309098,0.976336811370446,-0.512452826828189,0.999987547004426,False,False,False
Cbr1,0.06711680693657078,0.8397136657167072,-0.274267990899816,0.999987547004426,False,False,False
Irf2bp2,0.5024848724917161,0.0004605571339378136,-0.169204411700759,0.999987547004426,True,False,False
Kcnj16,-0.7160778476517714,0.001490426311732346,0.473694412202547,0.999987547004426,True,False,False
Tlr6,0.0019020670620303007,0.9947741753339997,-2.15800689756221,0.999987547004426,False,False,False
Ufsp1,0.34960862309505014,0.6363714675601181,-0.219704043877869,0.999987547004426,False,False,False
Siglech,0.1677198455628365,0.8513959437772282,-0.576619871116487,0.999987547004426,False,False,False
Wdfy4,-1.0668960707648738,5.27051712766764e-17,0.857611945602287,0.999987547004426,True,False,False
Mafg,0.33396740497547805,0.08284206727844824,-0.340162027307555,0.999987547004426,False,False,False
Arhgef39,-0.31811200257039557,0.10125835778996904,0.403434361943422,0.999987547004426,False,False,False
Rps19bp1,0.09939621517309023,0.7693350068227236,-0.25397652563361,0.999987547004426,False,False,False
Zfp579,-0.33400745732717907,0.5513805341729029,-0.782191438922412,0.999987547004426,False,False,False
Tceal8,0.9863209186668068,1.0843521757146762e-15,-0.572200770304257,0.999987547004426,True,False,False
Mical3,-0.10166026680788866,0.7232923833619375,-0.0949681437238086,0.999987547004426,False,False,False
Rap2a,0.9712642640472395,7.092749441981637e-10,0.280901723832981,0.999987547004426,True,False,False
H1f4,-0.5715762679268697,0.006232383034861023,-0.031367259576129,0.999987547004426,True,False,False
Lrrc3,-0.6123668649327956,0.5379906266238106,0.0009228814774919,0.999987547004426,False,False,False
Trim32,0.2902056481498958,0.6024504367226486,-0.327961572685495,0.999987547004426,False,False,False
Treml4,-0.4782423972891619,0.00047380762561226444,-0.186074301700393,0.999987547004426,True,False,False
Pcbp1,0.15897679552755406,0.21794928046994264,0.284284195652653,0.999987547004426,False,False,False
Wdcp,-0.3902271069665391,0.19068245650780238,-0.243581457044218,0.999987547004426,False,False,False
Kctd14,0.010574734600104071,0.986853166877543,-0.216842136027676,0.999987547004426,False,False,False
Rinl,-0.25215636503842914,0.05994038754978999,-0.62945784075601,0.999987547004426,False,False,False
Ttn,0.2974901369653399,0.44520972763781075,-0.617256240110877,0.999987547004426,False,False,False
Xrcc1,0.13449669912632758,0.5662671202043383,-0.739959127519962,0.999987547004426,False,False,False
Tubgcp6,-0.2830744957803044,0.3407782108798543,-0.198206537154012,0.999987547004426,False,False,False
Cox6b2,1.507614601440155,4.522211540799247e-18,-1.18075318858415,0.999987547004426,True,False,False
Sox12,0.8169408526786704,0.06857977415075223,-0.794138789914382,0.999987547004426,False,False,False
Gypa,0.08021416174757823,0.8754704088337218,-0.349455997667839,0.999987547004426,False,False,False
Rtl8c,-0.13783174898957318,0.5509021127001106,-0.621459481729572,0.999987547004426,False,False,False
Arf3,0.2998661379572663,0.01883667168699773,-0.143837463493301,0.999987547004426,True,False,False
Tbc1d22a,0.057106139678610494,0.8173872085643165,-0.108271884029359,0.999987547004426,False,False,False
Klhdc1,0.20309059369804078,0.4310950266100154,0.0535228168810473,0.999987547004426,False,False,False
Spats2,0.795087991949516,0.0066883939124774755,-0.077568438729382,0.999987547004426,True,False,False
B3glct,0.15697085071135417,0.8517417112931032,-1.05601425278797,0.999987547004426,False,False,False
Tlr11,-0.40491325336974954,0.16646816204702936,0.400863783162823,0.999987547004426,False,False,False
Prdm9,-0.2028315354350958,0.59434954151624,-0.360731007550925,0.999987547004426,False,False,False
Erich1,-0.23435022558032587,0.23268659321754914,0.630870485151802,0.999987547004426,False,False,False
Casr,-0.816157546711023,0.3997539326200535,0.506251648285232,0.999987547004426,False,False,False
Smim11,-0.08908551822968991,0.6759779522412223,0.206750766106255,0.999987547004426,False,False,False
Btla,-0.39401774204878837,0.0019738535998824087,-0.473134437676236,0.999987547004426,True,False,False
Zfp217,-0.5705508109474785,0.041245640786289964,0.317527786517683,0.999987547004426,True,False,False
Pard3b,0.3420265205641275,0.3132061972299859,-0.731395341705368,0.999987547004426,False,False,False
Dock8,-0.2812443552123978,0.015545353754196758,-0.234585135085616,0.999987547004426,True,False,False
Rgs14,-0.4123538541603205,0.026557314991379904,-0.147670889109887,0.999987547004426,True,False,False
Gnpda1,-0.20935678296956362,0.11664713140427757,0.0003516409425428,0.999987547004426,False,False,False
Rbm12b2,-0.0901653128761791,0.8314646874413008,0.044966650032416,0.999987547004426,False,False,False
Babam2,0.13101469460249857,0.45906108787232114,-0.229597827781526,0.999987547004426,False,False,False
Rasal3,-0.31430784573504955,0.08008389826114627,-0.451490609757713,0.999987547004426,False,False,False
Ppp4r2,-0.21691121523554538,0.15196498639458944,0.249442729153719,0.999987547004426,False,False,False
Rps10,-0.04661189083093552,0.8469604413830165,-0.493317188775269,0.999987547004426,False,False,False
Plpp2,0.8719745247840482,0.009347445391577147,-0.368472536515401,0.999987547004426,True,False,False
Acvr2a,0.3583479473418892,0.12470272822276447,-0.512113625852185,0.999987547004426,False,False,False
Pld4,-0.15424921838473987,0.21584236585892796,-0.0701440204689723,0.999987547004426,False,False,False
Cd177,0.73546783780682,0.1908896476154388,-0.282196915764721,0.999987547004426,False,False,False
Opa3,0.10513830972810916,0.6116447942008468,0.340645448881802,0.999987547004426,False,False,False
Zfp622,0.1789648319958024,0.26886804650515655,-0.858413446137705,0.999987547004426,False,False,False
Taf9,0.5218634177456387,0.02137942830751147,-0.102263945464418,0.999987547004426,True,False,False
Ppp6r1,-0.0462238127726323,0.8274832977707337,-0.29782127120369,0.999987547004426,False,False,False
Cdc42se2,0.0029542570900078736,0.9906054869669362,0.784100477587476,0.999987547004426,False,False,False
Ltn1,-0.0708921793483934,0.7926841833014059,-0.18845416687901,0.999987547004426,False,False,False
Tbc1d30,0.2215904851123538,0.3658855507805835,-0.37854418139276,0.999987547004426,False,False,False
Slc39a1,-0.22198516435182578,0.6736664572736208,-0.336057523502257,0.999987547004426,False,False,False
Ankrd44,-0.2939721784506197,0.011888194902255182,-0.927402637975371,0.999987547004426,True,False,False
Cx3cr1,0.8270109235490853,3.3686213598612617e-09,-0.122914077874927,0.999987547004426,True,False,False
B630019K06Rik,0.007742050034948139,0.981418440989444,0.198835853280647,0.999987547004426,False,False,False
Tmem106c,0.04884307453551954,0.873307292779721,0.379733009862076,0.999987547004426,False,False,False
Mpp3,-0.29093344213714445,0.6543003474554148,-0.236258019045898,0.999987547004426,False,False,False
Actn2,-0.12910238431050117,0.8888894485436352,-0.103843404743341,0.999987547004426,False,False,False
Nrros,0.05086183356135261,0.7877740333134216,-0.344011263077645,0.999987547004426,False,False,False
Acot4,-0.4072978480604979,0.21508487695121106,-0.257650575558707,0.999987547004426,False,False,False
Rft1,0.10410878468418384,0.7003855044493705,-0.42684880767734,0.999987547004426,False,False,False
Ezr,-0.08220445799186699,0.6920103479557763,-0.264109052811831,0.999987547004426,False,False,False
Rexo4,-0.1722746766247782,0.2550676297257737,-0.506685537388998,0.999987547004426,False,False,False
Ccdc171,-0.19548204845845285,0.581193877043009,-0.0222596320275059,0.999987547004426,False,False,False
Smim30,0.06526191068312925,0.7262750118577076,0.563321440791311,0.999987547004426,False,False,False
B4galt3,0.12732046302315553,0.5132450812540258,-0.448870843165258,0.999987547004426,False,False,False
Tmco1,0.08976650985071664,0.5621980635993118,-0.277502691920535,0.999987547004426,False,False,False
Zfp961,-0.46438590096389026,0.020137110065681734,-0.167611543350414,0.999987547004426,True,False,False
Get3,0.360086989727079,0.08667626955125776,-0.683329203396792,0.999987547004426,False,False,False
Atp6v1a,0.272729281700927,0.06661508598415401,-0.549010282899834,0.999987547004426,False,False,False
Cherp,0.12794427612458617,0.5626781150353124,-0.18919619644333,0.999987547004426,False,False,False
Nav2,-0.5077917502069355,0.07975250811805928,0.0560086003383091,0.999987547004426,False,False,False
Spdya,0.18759661895631874,0.3662069367702173,-0.180196424942161,0.999987547004426,False,False,False
Nup188,-0.06302733800284961,0.8812730025215434,-0.220400845454423,0.999987547004426,False,False,False
Pbx1,0.5186404981047086,0.3004412546767042,-0.1321981724364,0.999987547004426,False,False,False
St6galnac3,-0.32764424698762207,0.7003294564684704,-0.163417522400109,0.999987547004426,False,False,False
Gan,0.26690427491267793,0.4262646600403762,-0.406071108552165,0.999987547004426,False,False,False
Hook2,-0.0368890098549668,0.9225554426306357,-0.261184156168861,0.999987547004426,False,False,False
Dlg2,-2.0114072151409133,1.858231414333819e-13,-0.660408636349192,0.999987547004426,True,False,False
Adam17,0.2719700368419005,0.0775191392399301,0.285420501238497,0.999987547004426,False,False,False
Plekhg3,-0.3142380492400888,0.17679334404628538,-0.263887779297744,0.999987547004426,False,False,False
Asap2,-0.594176678929986,0.045760615800961246,-0.25024083804785,0.999987547004426,True,False,False
Rnf103,-0.09660886232470389,0.6982798143359527,-0.246081162640163,0.999987547004426,False,False,False
Zmat1,-0.3660923189144841,0.1478991234557439,-0.0663735390413338,0.999987547004426,False,False,False
Rap1b,0.14170348768290167,0.25232524992517363,-0.150040185638762,0.999987547004426,False,False,False
Jun,-1.0219664674991815,1.0190987953510604e-14,-0.093489215013582,0.999987547004426,True,False,False
Rab7b,0.4852629890730477,0.21476467422769033,0.539163484093187,0.999987547004426,False,False,False
Tnrc6a,-0.0807780150454206,0.7294190095792671,-0.291249611225127,0.999987547004426,False,False,False
BC004004,0.09949521188146528,0.5323474079074744,-0.461599036402027,0.999987547004426,False,False,False
Zfp608,-0.05434844490118558,0.9100907184393145,-0.0787747391437312,0.999987547004426,False,False,False
Map1b,0.3709764301383603,0.39758896286547124,0.402015221113205,0.999987547004426,False,False,False
Suclg1,0.10560041234989913,0.4524816527443202,-0.340318176483006,0.999987547004426,False,False,False
Swt1,-0.2334013798443411,0.06879415303029239,-0.387478721111804,0.999987547004426,False,False,False
Trim30b,-0.6160008438818156,3.0308498953981063e-07,-0.0422375045023706,0.999987547004426,True,False,False
Repin1,0.27604379920252037,0.6494320145535689,-0.441516312438006,0.999987547004426,False,False,False
A630001G21Rik,0.011716416772246144,0.9706428210656981,-0.285078632871675,0.999987547004426,False,False,False
Zfp212,-0.10980986443528475,0.7838009850670826,0.379619101450642,0.999987547004426,False,False,False
Oas1a,-0.25611075471546785,0.15291505239134645,0.488283815694039,0.999987547004426,False,False,False
Grk4,0.05937874832311808,0.9217475182895774,-0.121817826728922,0.999987547004426,False,False,False
Nup107,-0.015929903746343923,0.9540708421632568,0.298869334132007,0.999987547004426,False,False,False
Atad2b,-0.11182966706148637,0.5864158225566853,-0.107323118777335,0.999987547004426,False,False,False
Cysltr1,-0.6163034457304905,0.38168391502912713,0.191819196619221,0.999987547004426,False,False,False
Sae1,-0.04528605360490269,0.8165040955389056,-0.463717474097042,0.999987547004426,False,False,False
Junb,0.42480877655753463,0.0024828863083775966,-0.335274477253301,0.999987547004426,True,False,False
Prkcb,0.10732387732582171,0.4464679882158124,-0.43267300489727,0.999987547004426,False,False,False
Ubxn8,0.6130988814169651,4.2036560471660045e-05,0.147079073070191,0.999987547004426,True,False,False
Msl1,-0.012955041373158203,0.9609228358568633,-0.340461521863584,0.999987547004426,False,False,False
Prkg1,-0.17741862845005635,0.868359643826167,0.219153486281613,0.999987547004426,False,False,False
Ctif,-0.5064757167845424,0.5332280531023347,0.631132954476467,0.999987547004426,False,False,False
Fbxo31,-0.04316208357829719,0.9125435015453077,-0.332081250393679,0.999987547004426,False,False,False
Glis3,0.14216872932624247,0.9054715065269323,-0.285803189809211,0.999987547004426,False,False,False
Rnf157,-1.1424433738689566,4.694661151684702e-10,0.438467838159834,0.999987547004426,True,False,False
Mrpl35,0.07944489184240312,0.6940500989926475,0.0181329303138842,0.999987547004426,False,False,False
Uba2,-0.014667168030516379,0.9440314278579621,0.0675893835562897,0.999987547004426,False,False,False
Aph1c,0.097258835948771,0.7521448225862347,0.464267270863902,0.999987547004426,False,False,False
Clec12a,0.4550383673116167,0.0022123639510377414,-0.426999208004685,0.999987547004426,True,False,False
Zfta,0.6710028813287521,0.3859329075441424,-0.635417837905465,0.999987547004426,False,False,False
Lins1,-0.21377327392302042,0.5463366537464923,-0.127360050100053,0.999987547004426,False,False,False
Gpr141,-0.3324413619266334,0.1093896678115592,0.158571785191881,0.999987547004426,False,False,False
Yap1,-1.4831265859041034,0.0032768135718897955,0.519655502104388,0.999987547004426,True,False,False
Socs3,1.0863857225669622,5.3068602441961404e-11,-0.664293661666991,0.999987547004426,True,False,False
Chmp3,0.08643373008387722,0.5614387688744453,-0.0895597699468595,0.999987547004426,False,False,False
Rnf26,0.20961235178625082,0.48746123646960937,-0.351353011983099,0.999987547004426,False,False,False
Mapk11,0.11795814221533628,0.6612837741737704,-0.446392081233928,0.999987547004426,False,False,False
Fes,-0.16021378613341855,0.28953319798497745,0.0872329425868479,0.999987547004426,False,False,False
Cdh22,0.7637778747050663,0.48454446810172996,-0.228816483325136,0.999987547004426,False,False,False
Bcl3,0.3907878691598287,0.001812283005547674,-0.322488240067006,0.999987547004426,True,False,False
A830005F24Rik,-0.5149750851408996,0.35807096738575145,-0.300886984683214,0.999987547004426,False,False,False
Styx,-0.18154258964746278,0.6301849674128941,-0.108949599631753,0.999987547004426,False,False,False
Btn2a2,0.27513650368831005,0.7271303134470457,-0.239924677296249,0.999987547004426,False,False,False
Dand5,-0.3449946985043255,0.310437170884927,-0.442301355966297,0.999987547004426,False,False,False
Ndfip2,0.06031190073375799,0.7427419649870515,0.103507329421918,0.999987547004426,False,False,False
Trmt1l,-0.21760943542737765,0.11763777626999956,-0.0818897477697753,0.999987547004426,False,False,False
Ddx10,0.22600848573437532,0.188061042692751,-0.0563479313247894,0.999987547004426,False,False,False
Rab4b,0.2728877431896144,0.03119036733265674,-0.327433882921737,0.999987547004426,True,False,False
Pom121,-0.20330163146071897,0.4687090074131485,-0.480772616395003,0.999987547004426,False,False,False
Nrgn,0.5487266036068665,0.057166018566214144,-0.173362602200847,0.999987547004426,False,False,False
Slamf8,-0.01824641966424661,0.9396693051568609,0.140286759782676,0.999987547004426,False,False,False
Gatd3a,-0.16740396851911202,0.3671641268494761,-0.502967494518721,0.999987547004426,False,False,False
Dis3l2,-0.27826868952114603,0.12054958864288746,-0.0934411037416156,0.999987547004426,False,False,False
Ficd,0.487321774821059,0.3564881997557884,-0.200880412406151,0.999987547004426,False,False,False
Tarm1,1.4565658115128597,0.011145344515724626,-0.344092002813618,0.999987547004426,True,False,False
Zfp943,-0.29573816491593097,0.075120767790281,-0.284626476335747,0.999987547004426,False,False,False
Zfp952,-0.34595423290169486,0.1932547090346931,-0.150158222043775,0.999987547004426,False,False,False
Phgdh,-0.9834928954848301,7.100881961151122e-06,-0.383776578127547,0.999987547004426,True,False,False
Cbx7,0.015215030393560933,0.9633059304282224,-0.747941718732691,0.999987547004426,False,False,False
Hunk,0.23637721374015447,0.8250922774777069,-0.808812920515734,0.999987547004426,False,False,False
Mapk14,-0.11380782739132261,0.48746123646960937,0.787865370180849,0.999987547004426,False,False,False
Thoc7,0.002759673153129877,0.9895686493776041,0.390213914413119,0.999987547004426,False,False,False
Ggcx,-0.20286844961711029,0.7531077243654453,-0.676289918416001,0.999987547004426,False,False,False
Tg,-0.33591297963853745,0.6447519070569219,0.350740866433566,0.999987547004426,False,False,False
Kdm3a,-0.2084603136165877,0.3909133403566903,0.690465215210832,0.999987547004426,False,False,False
Tnfaip6,0.6798441068939847,0.38919120545195207,-0.237979936448208,0.999987547004426,False,False,False
Tcf4,0.27006352672826994,0.05239681260261276,0.482767481435603,0.999987547004426,False,False,False
Usp21,0.4805266310630922,0.005877538654758259,-0.533544878124434,0.999987547004426,True,False,False
Smagp,-0.27204276243183684,0.15564897456322194,-0.414765546228682,0.999987547004426,False,False,False
Ier2,0.3082741662888268,0.15025989811251125,-0.336994983958142,0.999987547004426,False,False,False
Eif3k,0.06814581365261063,0.6918085976917987,-0.507593603210722,0.999987547004426,False,False,False
4930563E22Rik,0.03689951956990659,0.9327074504618144,-0.160417144236872,0.999987547004426,False,False,False
Tanc2,-0.6401487128033382,0.06977180224096559,-0.680598837633084,0.999987547004426,False,False,False
Zfand2a,0.08905677263497393,0.7821628599646948,-0.211735409050815,0.999987547004426,False,False,False
Zfp472,-0.4462681048551516,0.01858771929005951,-0.217432158766488,0.999987547004426,True,False,False
Rpia,-0.6081966178533731,0.1416570819492968,-0.25862997893858,0.999987547004426,False,False,False
Sh3pxd2a,-0.25129107681857127,0.30257047770673523,-0.288441024445963,0.999987547004426,False,False,False
Dennd4a,0.10375528294488781,0.6089905683987619,0.256016341458515,0.999987547004426,False,False,False
Aldh7a1,-0.19768381999627158,0.6219080796097333,0.20569158105331,0.999987547004426,False,False,False
Kics2,-0.04302068238442146,0.9535999873719431,1.27217567674326,0.999987547004426,False,False,False
Dpep2,0.17721526976140764,0.6348851955463364,-0.670399932882358,0.999987547004426,False,False,False
Mast1,-1.1096675187187925,0.1594565691680027,-0.292797366754807,0.999987547004426,False,False,False
Dusp7,-0.14244979867382487,0.7242107754263521,-0.195026153423723,0.999987547004426,False,False,False
Tmem39b,0.25036953656234384,0.3557601555611931,-0.3761853242127,0.999987547004426,False,False,False
Chd8,-0.49109818036747344,0.03119036733265674,0.0256577221803127,0.999987547004426,True,False,False
Chchd3,0.11659404715941074,0.4664938664917725,-0.122738394676711,0.999987547004426,False,False,False
Ubxn7,-0.13702513128546198,0.5303696712289645,-0.280545575485006,0.999987547004426,False,False,False
Exoc6,-0.20686975013640627,0.17009323880329277,-0.852378875787382,0.999987547004426,False,False,False
Grwd1,0.1995660366960238,0.393903546474339,0.0611925012541565,0.999987547004426,False,False,False
Camk2d,-0.25845184661529985,0.10587191631583415,0.732211003474303,0.999987547004426,False,False,False
H2-T24,-0.47516217702913954,0.01826592606484514,-0.213437421465178,0.999987547004426,True,False,False
Nudcd3,-0.04651427244445896,0.8406181896933269,-0.251984251905094,0.999987547004426,False,False,False
Fpgt,-0.5581981273821877,0.01200648156277015,-0.0919984609669484,0.999987547004426,True,False,False
Srcap,-0.3523022755249768,0.04233615741631953,-0.396642883222318,0.999987547004426,True,False,False
Sh2d4a,0.7173069552967913,0.3348225987541255,1.08310001579196,0.999987547004426,False,False,False
Slc39a8,-0.017693488638693126,0.9829430243414439,-0.209237205409918,0.999987547004426,False,False,False
Ech1,0.22809375041619523,0.052045594505906075,-0.316985956591314,0.999987547004426,False,False,False
Mat2a,0.060378153342025634,0.7420247789380039,-0.323013968095155,0.999987547004426,False,False,False
Nanp,0.1559813603306953,0.5279278424849904,-0.24757407137956,0.999987547004426,False,False,False
Cnn3,0.8692507500084089,0.0007132661186858131,-0.477517488922693,0.999987547004426,True,False,False
Adnp2,-0.002486787783140683,0.9950889318044523,-0.274223389259176,0.999987547004426,False,False,False
Lgals4,-0.1473259917347378,0.8517417112931032,-0.364062492413038,0.999987547004426,False,False,False
Pde5a,-0.49776014116081413,0.4340917848950667,-0.364159574414157,0.999987547004426,False,False,False
Cd8a,-0.9186939925124183,0.0002681822399500119,-0.770250354176198,0.999987547004426,True,False,False
Zfp14,0.37906955999497877,0.6003322488271331,-0.114782158111047,0.999987547004426,False,False,False
Tusc1,0.2298799057905191,0.3476476055140182,-0.38888578874002,0.999987547004426,False,False,False
Ndst1,-0.508883428207953,0.002711107931640137,-0.520558420226172,0.999987547004426,True,False,False
Sirt5,-0.43549595865775437,0.07209033351618371,-0.345216506125571,0.999987547004426,False,False,False
Nt5dc3,-0.17743067585082434,0.7564184603209642,0.299696043753305,0.999987547004426,False,False,False
Ercc6,-0.3777878035490507,0.06990426171885382,-0.420018881404904,0.999987547004426,False,False,False
Pkp3,-0.016986176906812357,0.941917643857486,-0.532530669781809,0.999987547004426,False,False,False
Utp18,0.16748593717314048,0.35184207348901164,-0.0134382370149204,0.999987547004426,False,False,False
Slc25a40,0.11964793619925722,0.6362180740231018,0.0553687952878166,0.999987547004426,False,False,False
Skp2,-0.047947521465374926,0.9104585378158054,-0.222269572110356,0.999987547004426,False,False,False
Syne3,-1.014576849049275,0.3357077101821133,-0.181433239428177,0.999987547004426,False,False,False
Klf1,0.5131886693892671,0.46338897015535024,-0.0415039614143158,0.999987547004426,False,False,False
Ffar4,0.7098166377844248,6.453604370570008e-05,-0.477978421922077,0.999987547004426,True,False,False
Ifi205,0.8340629608571211,2.6573694317686047e-10,-0.422300428308174,0.999987547004426,True,False,False
Fra10ac1,-0.12271171305803234,0.5849530929962895,-0.298686651274521,0.999987547004426,False,False,False
Fgfr3,0.5425588649974948,0.4193914939960801,-0.480696568737141,0.999987547004426,False,False,False
Lifr,-0.12822829794784626,0.7993054396921837,0.418089892488528,0.999987547004426,False,False,False
Arfgap3,0.4126549634518869,0.06006228816712613,-0.561840462465796,0.999987547004426,False,False,False
Prr14l,-0.27880742401488956,0.11855387772529395,-0.121885164755177,0.999987547004426,False,False,False
P2ry10b,-0.3721651312338737,0.11297000476624454,0.210524987545781,0.999987547004426,False,False,False
Eapp,0.06066518975947263,0.7338248123964121,-0.169127278856025,0.999987547004426,False,False,False
Mrps21,0.1877899653260677,0.3083018913107025,-0.434390732444368,0.999987547004426,False,False,False
Taf4b,-0.28163000163852403,0.42683189561607976,-0.205720697173867,0.999987547004426,False,False,False
Kcnn4,0.5880221601662632,0.015766650882220908,0.0630550907808241,0.999987547004426,True,False,False
Rhob,-0.785705913847512,3.495799472502219e-07,-0.105670476567562,0.999987547004426,True,False,False
Zfp747,-0.08577799697497994,0.8329039300414652,-0.536021080589898,0.999987547004426,False,False,False
Pnma1,-0.5738710113695735,0.4465675322766339,0.0498358106807562,0.999987547004426,False,False,False
Cklf,0.1648869468369635,0.27280358282490574,-0.0991569726680614,0.999987547004426,False,False,False
Slfn5,0.06625810599302828,0.7854853573381718,-0.0486059006238824,0.999987547004426,False,False,False
Dnajc8,-0.01961964828580854,0.9149429278717481,-0.343618483788297,0.999987547004426,False,False,False
Spcs3,0.17940956858847468,0.20634398849377936,0.439308290083819,0.999987547004426,False,False,False
Tmem74,-0.5502632384875084,0.6017459140168337,-0.233252715427991,0.999987547004426,False,False,False
Slc30a7,0.17211751032433462,0.36865600549684185,0.56527521733801,0.999987547004426,False,False,False
Fabp1,0.07140013519041548,0.9497019360936589,-0.648175634837111,0.999987547004426,False,False,False
Tmem120b,0.4534176449319618,0.03424135362384473,-0.998599198036628,0.999987547004426,True,False,False
Gimap4,0.1288128398934038,0.901718385039789,0.291931308391133,0.999987547004426,False,False,False
Tle5,0.4489681244356325,0.00012276875057879396,-0.23513695306181,0.999987547004426,True,False,False
Vapb,0.3769259815811798,0.1533693084042958,-0.164751080330285,0.999987547004426,False,False,False
Lclat1,0.010806061810401113,0.9813813263130017,0.676795374797735,0.999987547004426,False,False,False
Thnsl2,0.04773230565380644,0.9452464358033107,-0.241232442119165,0.999987547004426,False,False,False
Parp4,-0.4118781991034343,0.04570276118058247,0.368826632509959,0.999987547004426,True,False,False
Trim65,-0.18012889493879086,0.5264302586660712,-0.385855900675566,0.999987547004426,False,False,False
Zfp867,-1.146370938576548,0.07737242953560862,-0.219719965562324,0.999987547004426,False,False,False
Sh3bp2,-0.16273805042988818,0.394807117504052,-0.321927858520658,0.999987547004426,False,False,False
Ugt1a6a,-0.05820541413925624,0.9503723113049145,-0.0661571377149457,0.999987547004426,False,False,False
9130230L23Rik,-0.2526701394630072,0.6968848316852352,-0.260749303215404,0.999987547004426,False,False,False
Cggbp1,0.1429646804235199,0.2916215344363902,0.0634345460399341,0.999987547004426,False,False,False
Kdm2a,-0.027809466344873454,0.9019682066232652,-0.366614300522156,0.999987547004426,False,False,False
Mgmt,0.114436925315913,0.7801917415177319,-0.106168222531107,0.999987547004426,False,False,False
Zfp869,-0.1365741465896957,0.5614387688744453,-0.198136619032551,0.999987547004426,False,False,False
Tmem119,2.416354507077592,4.2772367992034043e-19,-1.07799762047357,0.999987547004426,True,False,False
1600014C10Rik,0.19089158306117476,0.324042857047415,0.294117500518768,0.999987547004426,False,False,False
Adam10,-0.04215741197001379,0.8709094217903383,0.898463916617547,0.999987547004426,False,False,False
Ap1s3,-0.40889146128247056,0.18600039553730996,0.773540423531354,0.999987547004426,False,False,False
Ankrd24,-0.6932318779947116,0.22344515271598994,-0.604236635194296,0.999987547004426,False,False,False
Zscan22,-0.00013055786662968935,0.9995074430328764,-0.623311344663778,0.999987547004426,False,False,False
Zfp771,0.4769059563914641,0.049385404066698516,-0.408944059259465,0.999987547004426,True,False,False
Hmgb2,-0.2798271399089347,0.011595617157757107,0.671301300335336,0.999987547004426,True,False,False
Lrrc8c,0.125706385930026,0.5171464091201846,-0.254078414021638,0.999987547004426,False,False,False
Msra,0.07587562737816157,0.7687447195162568,0.0386232191994376,0.999987547004426,False,False,False
Zfp182,-0.026585245155478388,0.937429828285964,0.0317306561769364,0.999987547004426,False,False,False
Fsd1l,0.9124484007227757,0.15773590133687862,-0.468893637204746,0.999987547004426,False,False,False
Defb42,-0.08936364215313451,0.8250922774777069,-1.02461963244675,0.999987547004426,False,False,False
Set,0.11716827240299636,0.4501466689455709,-0.309139106384684,0.999987547004426,False,False,False
Klhl18,-0.2529697060338251,0.16012195078785735,-0.692530539731735,0.999987547004426,False,False,False
Actn4,0.22587970449904907,0.14034569428726218,-0.709043996157016,0.999987547004426,False,False,False
Usp46,-0.17912610970608206,0.5969333390879202,-0.210400671276186,0.999987547004426,False,False,False
Nsd3,-0.10918383053204359,0.5423150362114776,0.0885226957735465,0.999987547004426,False,False,False
Elp6,-0.2850906605234255,0.2915197104785405,-0.143061316525898,0.999987547004426,False,False,False
Atrnl1,0.3074691596216156,0.3156284545288388,-0.156275542137547,0.999987547004426,False,False,False
Rnd1,-0.032936622731635,0.937194782506848,0.216773091311181,0.999987547004426,False,False,False
Tmem158,0.3999653977471598,0.12231874905175658,-0.664898288421333,0.999987547004426,False,False,False
Pcnx3,-0.1616025466685964,0.6150222782304204,-0.0065147770063109,0.999987547004426,False,False,False
Txk,-0.3926498656183431,0.44344184706373524,0.169006856628305,0.999987547004426,False,False,False
Zfp667,0.261956317193919,0.5102823180611343,0.259150352347912,0.999987547004426,False,False,False
Dmac2l,0.1315711851284961,0.6166441023141804,-0.434307117963244,0.999987547004426,False,False,False
Klhl5,0.301789606408886,0.026885944213705444,0.210514972005959,0.999987547004426,True,False,False
Afp,1.3541431763905636,0.028202095443047186,0.371578342816536,0.999987547004426,True,False,False
Zfp174,-0.049579041546400145,0.9744723581407196,0.284863802835942,0.999987547004426,False,False,False
Miga1,0.4393823326920044,0.39321141083731703,0.184030820240971,0.999987547004426,False,False,False
9130008F23Rik,0.4041642865151743,0.30094344565689374,0.532821970624684,0.999987547004426,False,False,False
Agap1,-0.44126721719537626,0.027198452006744596,-0.546322892674436,0.999987547004426,True,False,False
Ep300,-0.23144006868571768,0.15356769648402838,-0.115958422400866,0.999987547004426,False,False,False
Nfic,0.6290492219041313,0.00048649922815538574,-0.163621653420861,0.999987547004426,True,False,False
Ddx17,-0.2818578511922181,0.14898278569577691,-0.207659411832114,0.999987547004426,False,False,False
Smyd3,-0.1988153739585178,0.3956673221290068,-0.271799267790203,0.999987547004426,False,False,False
Rab39,-0.639535583944131,0.011359270132195986,0.555867084694446,0.999987547004426,True,False,False
Zfp819,0.4194341405697417,0.6263772282656914,0.270206674740727,0.999987547004426,False,False,False
Cgrrf1,0.49616915310952536,0.009771727423484398,-0.253682089226515,0.999987547004426,True,False,False
Klf2,-0.152862445300868,0.7749433520074338,-0.142791601974368,0.999987547004426,False,False,False
Zfp78,-0.549379273603455,0.3196261169722286,-0.338940714033843,0.999987547004426,False,False,False
C1ra,0.630759725800623,0.42867981742764605,-0.547435177796475,0.999987547004426,False,False,False
Fam72a,-0.3014841348203161,0.57900863248597,-0.182191300989447,0.999987547004426,False,False,False
Sertad3,1.001668147505691,8.38575414994964e-09,-0.415110935744044,0.999987547004426,True,False,False
Ankrd17,-0.22667708492174,0.18644451486177138,0.117305275018343,0.999987547004426,False,False,False
Kcmf1,0.23574877395705646,0.12271610423073576,-0.0333975361296108,0.999987547004426,False,False,False
Zfp101,-0.33277203292520136,0.11206993440240087,-0.508995213875512,0.999987547004426,False,False,False
Tmem245,-0.43745150772346175,0.00953511589210651,0.133591772096017,0.999987547004426,True,False,False
Mrfap1,0.203415702606775,0.08954528513586446,-0.718868698576558,0.999987547004426,False,False,False
Pgbd1,-1.5116768813303976,0.04248199864945907,0.416347895891028,0.999987547004426,True,False,False
Sec23ip,-0.09669188809788243,0.6861702930509591,-0.390763703402792,0.999987547004426,False,False,False
Tns1,-0.6198846874459099,1.871672743916855e-05,-0.288036176838673,0.999987547004426,True,False,False
Fat2,2.4012802963535917,0.014927846701026561,-1.09932905823558,0.999987547004426,True,False,False
Snupn,0.18781551903841548,0.31542163106023696,-0.331735946116697,0.999987547004426,False,False,False
Zfp457,-0.7986329070848758,0.2582204126194056,-0.389002237130898,0.999987547004426,False,False,False
Stam2,0.15026325075586738,0.45473687902954885,-0.0459453599480861,0.999987547004426,False,False,False
Fbxo6,0.19535072648278895,0.2243425286237012,-0.190727274037994,0.999987547004426,False,False,False
H2-Q5,-0.32523560800726,0.1277251600881734,-0.646325394415845,0.999987547004426,False,False,False
Maf,0.28168775608278845,0.5633375366819044,-0.234955070785555,0.999987547004426,False,False,False
Srsf11,-0.17549394549208033,0.13940209881291893,-0.0540568303512217,0.999987547004426,False,False,False
Cd47,0.12450597061073458,0.28695156739784333,0.109364454905104,0.999987547004426,False,False,False
Zfp458,-0.4533097064344812,0.45301272616647204,-0.24782797638299,0.999987547004426,False,False,False
Pprc1,-0.028733463097049935,0.9338798715218004,0.472300352089939,0.999987547004426,False,False,False
Cpsf6,-0.04351450581405629,0.8339295138529826,-0.690173175846679,0.999987547004426,False,False,False
Zcchc24,0.5718534889305137,0.05390579682215667,-0.375568593093497,0.999987547004426,False,False,False
Lair1,-0.2872832394844005,0.005386896373351742,0.770313116000866,0.999987547004426,True,False,False
Timd4,-1.4114516541174935,0.006103866927243347,1.48731321451993,0.999987547004426,True,False,False
Zfp459,-0.3202327533608616,0.6633309096797996,-0.156296382186319,0.999987547004426,False,False,False
Cdca7,-0.4228197831879338,0.009998411660168237,-0.328374404029943,0.999987547004426,True,False,False
Hmcn2,-0.4241911236943383,0.3915609500192695,0.16453827763711,0.999987547004426,False,False,False
Zfp580,0.7973417841167534,0.05326176759234466,-0.577889573062691,0.999987547004426,False,False,False
Klhl25,0.23837714715157285,0.48084628886065256,0.775151753390721,0.999987547004426,False,False,False
Mettl4,-0.3379832538127001,0.049147026451653406,-0.100596308936749,0.999987547004426,True,False,False
Kbtbd11,-0.0895880926508596,0.8284695026263128,-0.832888105563299,0.999987547004426,False,False,False
Cope,0.15281515588559455,0.1956812556770625,0.0665962209396849,0.999987547004426,False,False,False
Klhl26,0.4564981238581235,0.14625292188988995,-0.369121971241269,0.999987547004426,False,False,False
Slain1,-0.18727977659698394,0.5096456940606626,0.138535450713933,0.999987547004426,False,False,False
Ubl7,0.2603988896365566,0.11627578938142882,-0.176562537928993,0.999987547004426,False,False,False
Rras2,0.07500551416241827,0.6607129451102606,0.797861157400668,0.999987547004426,False,False,False
Paqr3,0.07194641945493921,0.9008178471331518,-0.542156626280656,0.999987547004426,False,False,False
Nap1l3,0.4245707326761241,0.6623686224322364,-0.175161156748663,0.999987547004426,False,False,False
Rtl6,-0.09904171667669853,0.886071797895808,-0.294058467976089,0.999987547004426,False,False,False
Gemin6,-0.15820626070110394,0.4988020341435924,-0.384646253702605,0.999987547004426,False,False,False
Eef1d,0.10987164241802742,0.4905237637120645,-0.110730200967099,0.999987547004426,False,False,False
Abcd2,0.97375616846152,0.001273206345704052,-0.406057609800258,0.999987547004426,True,False,False
Tcf7l1,0.5874228307965617,0.07136216844794172,-0.646886884493973,0.999987547004426,False,False,False
Fmnl1,0.05020474245965837,0.8525833097912482,-0.487127569333464,0.999987547004426,False,False,False
Mta3,-0.29580776419358684,0.12112553840140136,-0.0822904162480818,0.999987547004426,False,False,False
Zfp1,0.09583564103830557,0.7646254792540541,-0.16913246344244,0.999987547004426,False,False,False
Elob,0.15552255122631586,0.3469859818926032,-0.362760949005273,0.999987547004426,False,False,False
Rnf181,-0.017223115125931502,0.9355730932111948,-0.109654271711848,0.999987547004426,False,False,False
Izumo4,-0.3162669250845925,0.1351547917069685,-0.228348457307323,0.999987547004426,False,False,False
Per2,-0.5573724639365352,0.39470383512543994,-0.0874041280355229,0.999987547004426,False,False,False
Fancm,-0.024258304745669926,0.9639854020579044,-0.334278203355728,0.999987547004426,False,False,False
Ppp4r1l-ps,0.11148569768215891,0.7291928148749905,-0.259285863354354,0.999987547004426,False,False,False
Tmem150a,1.2000022061356828,0.02138461520261036,-0.276749780515643,0.999987547004426,True,False,False
Zfp277,0.015970911617447722,0.9396693051568609,0.373910757804872,0.999987547004426,False,False,False
Aasdh,0.1042646079602665,0.7660324561942324,-0.0039814929822279,0.999987547004426,False,False,False
Triqk,0.038653581083777436,0.9502675504417043,-0.109399043923989,0.999987547004426,False,False,False
Zkscan5,0.028861328881888543,0.9601607363371517,-0.0918217319726899,0.999987547004426,False,False,False
Nod2,0.01597893437355917,0.9722262422092486,-0.0420455825243122,0.999987547004426,False,False,False
A430033K04Rik,-0.4989854013869385,0.24228379478341194,-0.812050399203731,0.999987547004426,False,False,False
Zfp709,0.12827444078672384,0.7390821557174695,-0.237772027212943,0.999987547004426,False,False,False
Sag,-0.7644528590311552,0.062224368141898224,0.957292858424927,0.999987547004426,False,False,False
Otulinl,-0.09198524086447671,0.5097530699099061,-0.513557162294256,0.999987547004426,False,False,False
S100a9,-0.33418479642118276,0.8313133537793813,0.292597784541009,0.999987547004426,False,False,False
St3gal5,-0.8221710778857062,3.8979220620089865e-10,0.0554043513990248,0.999987547004426,True,False,False
H2-T22,-0.14004331946313875,0.45812443334394826,-0.24249411990714,0.999987547004426,False,False,False
Fez2,0.32301008842662765,0.13327102382819317,-0.616175503658998,0.999987547004426,False,False,False
B4galt6,-0.24807733109034175,0.1185335805384569,-0.282522003491798,0.999987547004426,False,False,False
Ticam2,0.05160388089666295,0.8284954536119026,0.511364215073529,0.999987547004426,False,False,False
Pgm3,-0.0658087954333895,0.8147170924065843,-0.216942804048783,0.999987547004426,False,False,False
Trim34a,-0.08801977510108006,0.6583710507202674,0.30110283206561,0.999987547004426,False,False,False
Cndp1,-0.6576800626388286,0.45434076176305,0.335135494073559,0.999987547004426,False,False,False
Cnot10,0.10921801413764931,0.5913496971143765,-0.131092611939385,0.999987547004426,False,False,False
Snx32,0.03603378486994069,0.9440314278579621,-0.428617186643601,0.999987547004426,False,False,False
Cfl1,0.1174666294507535,0.4122215663529054,-0.3453307523298,0.999987547004426,False,False,False
Pgpep1,0.4046865122583521,0.1450497270472175,-0.637300900689433,0.999987547004426,False,False,False
Npm3,-0.027630828201107717,0.9604623751640087,-0.159580993253559,0.999987547004426,False,False,False
Pard6g,0.9275550982636462,0.27405892484228767,-0.369860636342675,0.999987547004426,False,False,False
Pla2g4a,0.40066203567568354,0.006985611249354793,0.672172240045176,0.999987547004426,True,False,False
Cars2,-0.10576874119048134,0.6394275929595977,-0.20399754251025,0.999987547004426,False,False,False
Ncoa4,0.020398328516367765,0.9396693051568609,-0.425045355313164,0.999987547004426,False,False,False
Kcnq3,0.4428750990625877,0.5930315941971409,-0.515573025307163,0.999987547004426,False,False,False
Lrif1,-0.2533948985505881,0.125903713008101,-0.256748821885574,0.999987547004426,False,False,False
Cep70,0.21155466950095692,0.259763072198258,-0.369007228544175,0.999987547004426,False,False,False
Dennd1b,-0.5450832213436865,0.00011156250464795243,-0.0129854511376557,0.999987547004426,True,False,False
Ms4a4b,-0.2100066651942463,0.4822213698693732,0.628618154852647,0.999987547004426,False,False,False
Usp39,-0.1531633134794267,0.4681334770968291,-0.33138486448752,0.999987547004426,False,False,False
Tyw1,0.34992873119715706,0.059729962368116084,-0.34303233044087,0.999987547004426,False,False,False
Usp34,-0.12337182898927865,0.5859242792935646,0.246208417381482,0.999987547004426,False,False,False
Actr3b,0.02550434044636902,0.9825621828990581,0.0413245177372108,0.999987547004426,False,False,False
AI987944,-0.10148828834148774,0.6193542948910127,-0.279154556636165,0.999987547004426,False,False,False
Adap1,0.5418131486473501,8.029890717780513e-07,-1.06429481413981,0.999987547004426,True,False,False
Mok,-1.2508189401123384,0.08877461969620717,-0.365362180953868,0.999987547004426,False,False,False
Zbtb25,0.09959027580730999,0.6825140286297041,0.673041276966313,0.999987547004426,False,False,False
Foxk1,0.16479791403147348,0.5947943646279046,-0.352045365288078,0.999987547004426,False,False,False
Tmem154,-0.3384271353498212,0.2656172765714809,-0.508115154282923,0.999987547004426,False,False,False
Cebpb,1.2329477874658616,3.190769172238974e-29,-0.487014232888696,0.999987547004426,True,False,False
Rab31,0.6633073958229591,0.00017775571509866464,-0.0994801582161617,0.999987547004426,True,False,False
Ptafr,0.32250621192200674,0.05260990602178934,-0.528757350408189,0.999987547004426,False,False,False
Pign,-0.13978433796816955,0.5875165743815904,-0.177965366884765,0.999987547004426,False,False,False
Rlim,-0.1743876258224946,0.2691717342992144,0.0536762684006664,0.999987547004426,False,False,False
Fry,0.028024230120191344,0.9599129333835754,-0.24598264387533,0.999987547004426,False,False,False
Chd9,0.35041287144735955,0.5991608888958583,-0.258509267257722,0.999987547004426,False,False,False
Ppp1r14b,0.696876010267427,1.1490497930418659e-07,-0.185737662896494,0.999987547004426,True,False,False
Gm51400,0.48702043308680776,0.00038155119498603556,-0.205059803754448,0.999987547004426,True,False,False
Retsat,0.6197521142720024,0.049385404066698516,0.100980481783925,0.999987547004426,True,False,False
Prelid2,0.6421398693865427,0.062224368141898224,-0.277089404857099,0.999987547004426,False,False,False
Kdm5d,-0.4030127922165064,0.05225230213036536,-0.271260109951549,0.999987547004426,False,False,False
Elmod3,-0.03562321600725154,0.9395869202614355,-0.101903538234653,0.999987547004426,False,False,False
Ier5,-0.7151014502689318,5.308136116778959e-13,-0.130908090586272,0.999987547004426,True,False,False
Nbeal2,-0.7522986994499219,0.009998411660168237,-0.503409433920819,0.999987547004426,True,False,False
Capg,0.6311523011764932,0.14505381798347494,-0.270360406093083,0.999987547004426,False,False,False
Nfil3,1.1130580240221564,1.1010176202533474e-14,-0.1284097036545,0.999987547004426,True,False,False
Hmga2,0.5246612936785459,0.08487517742668471,-1.50088522179542,0.999987547004426,False,False,False
Cspp1,-0.16447380942395767,0.3562169702811571,0.054267410535247,0.999987547004426,False,False,False
Setd3,0.045322669805364216,0.8547855172443055,-0.261419571353853,0.999987547004426,False,False,False
Tsnax,0.018872757286943823,0.937550904634815,-0.11932355961807,0.999987547004426,False,False,False
Glipr1,0.20411127509621718,0.0823437266238745,0.0223010552399909,0.999987547004426,False,False,False
Immp2l,-0.8720428775287509,1.4089225362767416e-08,-0.153127822961299,0.999987547004426,True,False,False
Sipa1,0.1261100852052194,0.5210383301886834,-0.680921919259541,0.999987547004426,False,False,False
Cep162,-0.08963457306919839,0.7291687706051705,-0.211836522280503,0.999987547004426,False,False,False
Acbd4,0.5226872513700525,0.05660664806494596,-0.531379063206456,0.999987547004426,False,False,False
Commd7,-0.10616335628075178,0.47410954701360125,-0.241526448094683,0.999987547004426,False,False,False
Tatdn2,0.016622264645745784,0.9826696969677449,-0.153198329349429,0.999987547004426,False,False,False
Jmjd6,0.010018967339828478,0.9716015156966264,-0.332188538266234,0.999987547004426,False,False,False
Ide,-0.02861819728956794,0.9202693984471972,0.0339873022801136,0.999987547004426,False,False,False
Inca1,-0.49648589343494093,0.4559502158082734,-0.286389851070817,0.999987547004426,False,False,False
Ero1b,-0.11235590965651805,0.5002976060252422,0.499654815147714,0.999987547004426,False,False,False
Ebf1,-0.08634045578118986,0.9399117459734321,0.725264908884438,0.999987547004426,False,False,False
Zfp180,-0.43067111640906613,0.043173506398024135,-0.359444228335801,0.999987547004426,True,False,False
Nat8f1,-0.22883802382218166,0.6961305461244257,-0.0127344820256479,0.999987547004426,False,False,False
Cntrl,-0.46637108758212925,0.0001661224603581602,-0.226882449584458,0.999987547004426,True,False,False
Npm1,-0.16346803930386428,0.2617897166761191,-0.213328474630476,0.999987547004426,False,False,False
Rpgrip1,-0.49353859388245097,0.4366194052458562,0.747974161951352,0.999987547004426,False,False,False
Chd6,-0.293136637569338,0.02625719861122111,-0.160400216676219,0.999987547004426,True,False,False
Ado,-0.08511430149865183,0.8396501110246026,-0.214664613972345,0.999987547004426,False,False,False
Scimp,-0.9674481889275888,8.309287686695531e-15,-0.557426920813638,0.999987547004426,True,False,False
Tmem140,-0.5475858878636599,0.012904046796069078,0.395354236401735,0.999987547004426,True,False,False
Trim12c,-0.42714697864026524,0.002360334952565985,-0.0343448329260791,0.999987547004426,True,False,False
Dph6,-0.08074155158360778,0.722552781219396,-0.100716233057044,0.999987547004426,False,False,False
Homez,-0.0958485329574114,0.7965820815969562,-0.0595602783053772,0.999987547004426,False,False,False
Gsk3a,0.25675704986816916,0.20493069064612054,-0.19849504647922,0.999987547004426,False,False,False
5730455P16Rik,-0.3470839205289939,0.07927298455958794,-0.187939201633204,0.999987547004426,False,False,False
Scn3a,-0.08659867912461729,0.7792685671404276,-0.214785228575209,0.999987547004426,False,False,False
AB124611,0.13848673307592513,0.5100119428480436,-0.23000928708296,0.999987547004426,False,False,False
Vmn1r234,0.490810193163284,0.6904360438776775,-0.144051686489286,0.999987547004426,False,False,False
Armc7,0.23770104963480898,0.24214897573716412,0.107230717370089,0.999987547004426,False,False,False
Dmac2,-0.06948250250456861,0.7781002917349708,-0.315932526154726,0.999987547004426,False,False,False
Rbbp4,0.06739996771814487,0.7232923833619375,-0.219089078910515,0.999987547004426,False,False,False
Snrpg,-0.033422234732888356,0.907263466291079,-0.0180573524956626,0.999987547004426,False,False,False
Arhgap24,-0.10345444713156972,0.937550904634815,-0.754178965229086,0.999987547004426,False,False,False
Rpl38,0.01712026646582135,0.9595641354747906,-0.121784782705247,0.999987547004426,False,False,False
Bcl2,-0.09982219688619397,0.7485516619167348,0.312533579392061,0.999987547004426,False,False,False
Chst3,-0.4313769108429131,0.36345424591206427,0.24726127442752,0.999987547004426,False,False,False
Sphk2,0.5246633839028997,0.000606653209745819,-0.167528319909406,0.999987547004426,True,False,False
Uxs1,0.16040263820635317,0.4306360557005557,0.274627365207927,0.999987547004426,False,False,False
Birc2,-0.061158033268298384,0.804272879215765,-0.330081532335756,0.999987547004426,False,False,False
Yipf1,0.27076834077340284,0.032551936925509395,-0.141401309708739,0.999987547004426,True,False,False
Mrpl18,0.08809454505428335,0.6150100621339198,-0.100826254353484,0.999987547004426,False,False,False
Zfp759,-0.5639574008530672,0.3068340876268111,-0.0490943547460923,0.999987547004426,False,False,False
Nsd2,-0.1519929849009401,0.5350448512103784,-0.331321832020108,0.999987547004426,False,False,False
Antkmt,0.14482050859872078,0.3826875664357654,-0.260839345784551,0.999987547004426,False,False,False
Las1l,-0.07810562091219017,0.7405342480608359,-0.138798049131436,0.999987547004426,False,False,False
Mpp7,0.34096427642766036,0.04248199864945907,0.214154505483894,0.999987547004426,True,False,False
E2f6,-0.09664157568913127,0.7599580530866666,-0.567055493851999,0.999987547004426,False,False,False
Bloc1s2,-0.4344208653672962,0.0006930258951119475,0.141544378087361,0.999987547004426,True,False,False
Spop,0.38094712682501736,0.002665073338576272,-0.591603187355201,0.999987547004426,True,False,False
Ece1,-0.07567239130537061,0.7313572056100835,0.617880585540068,0.999987547004426,False,False,False
Dtnbp1,0.37915314080282364,0.0025993437597185472,-1.14138150896243,0.999987547004426,True,False,False
Pus7,-0.2910713898632616,0.38438393305880725,-0.064065250386899,0.999987547004426,False,False,False
Zfp317,-0.7555662430112906,0.0008925542129552517,-0.114321652445149,0.999987547004426,True,False,False
Lgals8,0.1683122655098781,0.2946896672571709,-0.275384820197678,0.999987547004426,False,False,False
Eif1a,0.028382207300461707,0.9014284279662594,-0.483517767303801,0.999987547004426,False,False,False
Arl16,-0.11086896945164347,0.6839907435443516,-0.303407768703613,0.999987547004426,False,False,False
Trim30d,-0.12459525008434545,0.5540770261876146,0.0916383192892827,0.999987547004426,False,False,False
Prdm2,-0.42933164949149527,0.04421122931422615,0.105909333096115,0.999987547004426,True,False,False
Brd9,-0.008379283432647627,0.9736848789669027,-0.0885820781142233,0.999987547004426,False,False,False
Gapdh,0.1035531273932873,0.5031166220749597,-0.339446732935511,0.999987547004426,False,False,False
Pkn1,-0.038660608258623545,0.8494562405810597,0.0160644906472101,0.999987547004426,False,False,False
Zfp746,-0.39377038983937596,0.034433608214993555,-0.246561446448146,0.999987547004426,True,False,False
Sptan1,-0.23482986053939364,0.29291895726941614,-0.169882941872267,0.999987547004426,False,False,False
Ankrd29,-0.40915500106665537,0.7125113742561238,-0.820748877875494,0.999987547004426,False,False,False
Cyb5d2,-0.12153194756580284,0.6333950180743319,-0.224213388993517,0.999987547004426,False,False,False
Bak1,-0.742154749076397,0.10552776130343272,-0.182874437818407,0.999987547004426,False,False,False
Zfp119a,-0.23262348947343495,0.22744372373893038,-0.178423992373763,0.999987547004426,False,False,False
Rpl32,-0.18947992051149246,0.3156284545288388,-0.336149025168629,0.999987547004426,False,False,False
Zfp595,-0.4174715211366567,0.16193448974683308,0.765572084382908,0.999987547004426,False,False,False
Fam204a,-0.003846843797302804,0.9876864437372052,-0.110813277485743,0.999987547004426,False,False,False
Rpl36,-0.08368252523942911,0.7294190095792671,-0.0734483808165969,0.999987547004426,False,False,False
Zfp329,-0.667522696378946,0.0002936566091251678,-0.0237452948420849,0.999987547004426,True,False,False
Zfp105,0.2806338623065394,0.7988713676910661,-0.305155306197704,0.999987547004426,False,False,False
Unc13d,-0.19336953529236087,0.2709621591873317,-0.501340277876468,0.999987547004426,False,False,False
Itpk1,0.4883541679742602,0.007858782591223598,0.506595668885676,0.999987547004426,True,False,False
Zfp809,-0.2947945837116987,0.053299535688204946,-0.0216165318956012,0.999987547004426,False,False,False
Mdn1,-0.19515791334013172,0.4130414428011322,-0.572100336116968,0.999987547004426,False,False,False
Septin11,-0.13940979601076395,0.4804576916522408,0.506909928172466,0.999987547004426,False,False,False
Sdhc,0.3031493731995574,0.03367248707112734,-0.345560041703215,0.999987547004426,True,False,False
Zfp729b,-0.20923942573823093,0.527458040984295,-0.0939384902169813,0.999987547004426,False,False,False
Nfam1,0.15005883964791347,0.3025861565338902,-0.872372084310943,0.999987547004426,False,False,False
Chsy3,-0.7304121729054132,0.137428652558766,0.0767055642011858,0.999987547004426,False,False,False
Gm5431,0.48559796017528123,0.1064910497647126,-0.137807077571078,0.999987547004426,False,False,False
Smco4,-0.5577691230486755,0.20784970822363757,-0.167882245489575,0.999987547004426,False,False,False
Gm5148,0.07130798887972724,0.7564184603209642,-0.262867814943744,0.999987547004426,False,False,False
Zfp846,-0.36921406562431397,0.20334519997834227,-0.211335188941931,0.999987547004426,False,False,False
Gstp3,0.3622121778242973,0.46509694910177424,-0.351834273763812,0.999987547004426,False,False,False
Arhgap35,-0.38867721508733183,0.20575946315646762,-0.325419216242286,0.999987547004426,False,False,False
Cryzl1,0.048750514202467,0.8182334665135245,-0.17337011527427,0.999987547004426,False,False,False
Tspan7,-0.3663789863540899,0.7062544507800047,-0.224528325006207,0.999987547004426,False,False,False
Mrps14,0.0005410892208047194,0.9976863245388313,-0.113773077909931,0.999987547004426,False,False,False
Espl1,0.2982070618135602,0.29948693836773255,-0.320211204490836,0.999987547004426,False,False,False
Zfp68,-0.17326710794859598,0.33792160237644087,-0.168842404116544,0.999987547004426,False,False,False
Mcm9,-0.17157745346695347,0.4625762561824691,-0.0481761634486944,0.999987547004426,False,False,False
Upf1,-0.13908025855226794,0.6169825757103842,-0.174783658655977,0.999987547004426,False,False,False
Ube2e2,0.06041013166136308,0.7253608671455511,0.527946703934499,0.999987547004426,False,False,False
Phf21a,0.05230313403173764,0.8402060338485081,-0.127297080876175,0.999987547004426,False,False,False
Dock1,0.9535753496200441,0.006934913282802365,0.566198200190475,0.999987547004426,True,False,False
Zfp85,-0.15173515191067563,0.815135332344318,-0.360447929258526,0.999987547004426,False,False,False
Abce1,-0.2819155217757484,0.03940637494197571,-0.0922376617848979,0.999987547004426,True,False,False
Phtf1,-0.19294625271889956,0.3068340876268111,-0.142743011035775,0.999987547004426,False,False,False
Zfp420,-0.5071579001248375,0.33450075291809467,-0.304090138492395,0.999987547004426,False,False,False
Txndc9,0.07131060028377414,0.6973721689096606,-0.30931072076485,0.999987547004426,False,False,False
Cxcl2,1.3077310577250907,4.3290738707884676e-17,0.170177544675449,0.999987547004426,True,False,False
Nrf1,-0.08955755799932276,0.6869267098626461,-0.149510330272627,0.999987547004426,False,False,False
Map2k5,0.16261065086532506,0.44644138562828406,-0.572156885413193,0.999987547004426,False,False,False
Dhcr7,-0.15579840282900756,0.6526755945060624,-0.256394442995422,0.999987547004426,False,False,False
Gm8369,-0.9661100187865236,0.014912217697165468,0.370764037433347,0.999987547004426,True,False,False
Wdr91,0.1314814455891309,0.559825831904921,-0.655189485105111,0.999987547004426,False,False,False
Rnf207,-0.549538590379656,0.5220937400349992,-0.269234053366028,0.999987547004426,False,False,False
Fam133b,-0.16050847030499044,0.42601653650083704,0.0357269757111753,0.999987547004426,False,False,False
Rpl23a,-0.05161347313749715,0.8344591188379442,-0.519509205929523,0.999987547004426,False,False,False
Rpl5,-0.05334172185930706,0.8033890980347043,-0.36198727651967,0.999987547004426,False,False,False
Cela2a,-3.712400471957142,0.0536831868354695,-0.738567435654355,0.999987547004426,False,False,False
Tmod3,-0.02200520428799965,0.9083649696470831,-0.618549969254493,0.999987547004426,False,False,False
Fbh1,0.3361559946624691,0.06819759430580774,-0.138111122905673,0.999987547004426,False,False,False
Rpl28-ps1,0.15992108881877462,0.5251708981133513,0.405179431256931,0.999987547004426,False,False,False
Gda,1.4389560175030658,8.257882109057453e-05,-0.98578061979426,0.999987547004426,True,False,False
Zfp110,0.012372555941481662,0.9604623751640087,-0.170562380666011,0.999987547004426,False,False,False
Eif4b,-0.2409922067427667,0.05814832846082069,-0.943682638337699,0.999987547004426,False,False,False
Tubb2a,0.4609198835469278,0.008090962791183431,-0.721501715123675,0.999987547004426,True,False,False
Ccser2,-0.21380268786259926,0.3143391876668983,0.586119984567924,0.999987547004426,False,False,False
Memo1,0.3002257658605199,0.09208105618555873,-0.0085636006508469,0.999987547004426,False,False,False
0610030E20Rik,-0.25907338655359596,0.1469129901596569,-0.0634375546122108,0.999987547004426,False,False,False
Egln2,0.4728397068032705,0.004013587903423305,-0.124437366131271,0.999987547004426,True,False,False
Fcer1g,0.11734934261488619,0.5146306389475452,0.469208357662668,0.999987547004426,False,False,False
Cd300c,-1.5872927566692379,3.4499258847641716e-07,-0.28855191217592,0.999987547004426,True,False,False
Lin9,-0.32418487412137237,0.19287540566502692,-0.0331764635870027,0.999987547004426,False,False,False
Zfp958,0.5199874366738527,0.0005338377760910776,-0.137337695356379,0.999987547004426,True,False,False
Osm,1.9200983542324614,6.985632978820088e-24,-0.845239920274744,0.999987547004426,True,False,False
Thra,0.9233895245646038,0.31807406858144505,-0.698278501330231,0.999987547004426,False,False,False
Rnf169,0.08298370020230862,0.775176429143017,-0.359873215697847,0.999987547004426,False,False,False
H1f5,-0.5112299593689154,0.05051260066489632,-0.186617500094883,0.999987547004426,False,False,False
Cds2,-0.45372790765088933,0.032407461778756814,-0.559670128094731,0.999987547004426,True,False,False
Nfe2,0.5758383931543745,0.09160305031081586,-0.364657075247317,0.999987547004426,False,False,False
Nap1l1,-0.36223687457258763,0.00016738714724358296,-0.368264905573783,0.999987547004426,True,False,False
Pirb,0.6168081346976243,0.00010430678800619182,-0.130074462941406,0.999987547004426,True,False,False
Rex1bd,0.11876926582403466,0.5463366537464923,-0.352792355338027,0.999987547004426,False,False,False
Abi1,0.10427486468373792,0.47878299650078926,0.327664405256711,0.999987547004426,False,False,False
Rps27a-ps2,-0.7289382128037198,0.8898033470845894,0.0521289757140515,0.999987547004426,False,False,False
Zfp516,0.06544264523738072,0.8016487527762965,-0.405877775611617,0.999987547004426,False,False,False
Deaf1,-0.12270808109891071,0.6722390018875767,-0.870118005588576,0.999987547004426,False,False,False
Rsl1,-0.012400957113826435,0.9756531186056453,-0.0213163779771754,0.999987547004426,False,False,False
Kcnc1,0.07317592413912917,0.9544599061375582,-0.379597201249731,0.999987547004426,False,False,False
Hdhd5,-0.15393881876804408,0.5532291065465029,-0.412483864915121,0.999987547004426,False,False,False
Vwa8,-0.1706796939664573,0.6360774378607261,-0.269201837006296,0.999987547004426,False,False,False
Sh2d3c,-1.0800567034308313,9.302930973251065e-20,-0.631029073801756,0.999987547004426,True,False,False
Kcp,0.7812676910718795,0.353676799465794,0.138812849771344,0.999987547004426,False,False,False
Rad51b,-0.49611546756594843,0.18585773517997362,-0.429843296081749,0.999987547004426,False,False,False
Rpl18,-0.13916534686481816,0.38689350279500545,-0.222427783985098,0.999987547004426,False,False,False
Fcgr4,0.472352138082413,0.6837078588855708,0.441023806205837,0.999987547004426,False,False,False
Ifitm6,0.13419140092994128,0.4345422320217123,0.0297224503896061,0.999987547004426,False,False,False
Nap1l4,0.040140425591196065,0.8428598401468632,-0.117415667785098,0.999987547004426,False,False,False
Zfp945,-0.20926051802159576,0.2063652464811205,0.350993153853573,0.999987547004426,False,False,False
Mfsd4a,-0.37672559892266577,0.3617547968823214,0.813829843077114,0.999987547004426,False,False,False
Skap2,-0.05991405651708588,0.6825140286297041,-0.310702245311728,0.999987547004426,False,False,False
Mtfmt,-0.07724594009394609,0.7641497857094486,-0.266900697802869,0.999987547004426,False,False,False
Hnrnpm,-0.002634740401073453,0.9911527556919748,0.346482150516817,0.999987547004426,False,False,False
Septin9,0.37614080334632155,0.007895133732752087,-0.918789135524321,0.999987547004426,True,False,False
Zc3h4,-0.1633752345632236,0.5341944104484929,-0.220917766458911,0.999987547004426,False,False,False
Cdyl,0.05878814140954658,0.8494562405810597,0.297569413147432,0.999987547004426,False,False,False
Rpl11,-0.13972096271685117,0.517024102865817,0.0168915183402074,0.999987547004426,False,False,False
Slc27a4,-0.07351805458331565,0.9014284279662594,-0.235872872055088,0.999987547004426,False,False,False
Tonsl,-0.004912549429568394,0.9921194140727116,-0.231099056400447,0.999987547004426,False,False,False
Csf2ra,0.35435038287216497,0.0015650819430679086,-0.0558491608849074,0.999987547004426,True,False,False
Slc14a1,-0.08358147597817263,0.7577529243640704,0.400914064751926,0.999987547004426,False,False,False
Wdr83os,0.17911538924703563,0.27204354025121946,-0.173653160457159,0.999987547004426,False,False,False
Fxn,-0.06811355242141169,0.8165317590153212,0.350873642418491,0.999987547004426,False,False,False
Nkapl,-0.3346877419506386,0.7859257820161194,-0.0451503788164747,0.999987547004426,False,False,False
Ppp2r5d,0.27747778801530715,0.08488826923267369,-0.138942911956826,0.999987547004426,False,False,False
Fxyd2,0.24539998067024107,0.4792745313067668,-0.258468755829731,0.999987547004426,False,False,False
Zfp933,-0.2353594810795599,0.46461588018296335,-0.110962707359643,0.999987547004426,False,False,False
Max,0.4025777904094145,0.012261700696342524,0.110630777198058,0.999987547004426,True,False,False
Bcas3,0.16503713406104786,0.49987907437182155,0.143563723591812,0.999987547004426,False,False,False
Ptk2b,-0.06968997901961099,0.7084441132837722,-0.423863226802011,0.999987547004426,False,False,False
Mbtd1,-0.17160583854265252,0.28185748784316134,0.144255954602814,0.999987547004426,False,False,False
Zfp426,-0.13706736380638593,0.6316055601313946,-0.0315397473538814,0.999987547004426,False,False,False
B3gnt8,0.3992470656069083,0.2582204126194056,-0.660342809060491,0.999987547004426,False,False,False
Cfap418,0.7092832588856535,4.9349989876988115e-06,-0.0956642478514693,0.999987547004426,True,False,False
Kbtbd2,-0.07748601395810198,0.736198317127597,-0.176924975452478,0.999987547004426,False,False,False
Arhgef12,-0.33415512631533023,0.4260421835520771,-0.314303390440547,0.999987547004426,False,False,False
Tcea2,-0.3707009034441938,0.18936916638695028,0.0447001087931636,0.999987547004426,False,False,False
Ccdc28a,0.0962191314669518,0.7474692114234603,0.0229334317714702,0.999987547004426,False,False,False
Tor4a,-0.2182709065146552,0.2813887997567809,-0.273110375584528,0.999987547004426,False,False,False
Nsmce2,0.16430027875796294,0.28839053114101304,0.753774974384775,0.999987547004426,False,False,False
Calcrl,0.26298474187034926,0.2192862957166433,-0.26178079443339,0.999987547004426,False,False,False
Clec4a4,-0.1289882899275328,0.433092740490217,0.22434061675994,0.999987547004426,False,False,False
Taf1b,-0.06325228974906583,0.8067050474258558,-0.0014812820832954,0.999987547004426,False,False,False
Zfp637,-0.009492016634109878,0.9796618155282806,-0.744222914514501,0.999987547004426,False,False,False
Akap17b,-0.6673449504927934,0.06804027053401278,-0.0059464553014958,0.999987547004426,False,False,False
Rcan3,0.1043989295405729,0.8250922774777069,-0.560336860400348,0.999987547004426,False,False,False
Flot1,0.5075484300905918,8.490618705064357e-05,-0.320893514305484,0.999987547004426,True,False,False
Ndufs8,0.18781804592537257,0.21864710542297128,-0.258431902479678,0.999987547004426,False,False,False
Fdps,-0.7780235492908082,6.863302686081542e-06,0.42114294772986,0.999987547004426,True,False,False
Slx1b,0.3786688431736799,0.18452933070221855,-0.173607925756233,0.999987547004426,False,False,False
Nrm,0.28630694941068385,0.02128550965543683,0.0161177782187742,0.999987547004426,True,False,False
Eif4a1,0.1836145571818113,0.17565021288352622,-0.211417479839872,0.999987547004426,False,False,False
Rgs3,-0.6034178283072921,2.887141368488193e-06,0.397187427480574,0.999987547004426,True,False,False
Atl2,0.2520916926693014,0.22085114812786247,-0.957251658442552,0.999987547004426,False,False,False
Dbp,0.467808106858187,0.04061707969758525,-0.279020133957881,0.999987547004426,True,False,False
Zfp874b,-0.1145608811505077,0.8036951845488851,-0.293676934877313,0.999987547004426,False,False,False
Kmt5c,0.005451288853561094,0.9834532510029116,-0.211068796323662,0.999987547004426,False,False,False
Tnip2,0.39072416270395344,0.007306002532811057,0.658945153151475,0.999987547004426,True,False,False
Zfp422,-0.01909276382012423,0.9443322488695074,-0.278969565224521,0.999987547004426,False,False,False
Irak4,0.1324755083735071,0.4048048659659791,-0.433058715045548,0.999987547004426,False,False,False
Ube4a,-0.28859590200484975,0.13117015811672908,-0.347486949113823,0.999987547004426,False,False,False
Ptp4a3,-0.04897570988030436,0.8106426940391135,-0.482111066198766,0.999987547004426,False,False,False
Zfp930,-0.12697808470378089,0.5947716676050013,-0.207871084127708,0.999987547004426,False,False,False
4930453N24Rik,-0.19822423315002902,0.2713126325276683,0.468906757504015,0.999987547004426,False,False,False
Unc5c,-0.15668757539377617,0.8713048879194477,0.662934695661649,0.999987547004426,False,False,False
Grb2,0.15094575589008755,0.23206172775766915,-0.347024414542145,0.999987547004426,False,False,False
9430015G10Rik,0.17775435569368656,0.5308375928356467,-0.378756468659201,0.999987547004426,False,False,False
Hspa2,1.405633497701233,4.510337605763654e-10,-0.125579965599634,0.999987547004426,True,False,False
Zfp74,-0.48090193003945286,0.14562235543592625,-0.352960264966986,0.999987547004426,False,False,False
Taok2,-0.09708237970499554,0.6892461933427805,-0.0757403250269402,0.999987547004426,False,False,False
Fcrl1,0.4317170497047605,0.004350551433345547,-0.786930834107971,0.999987547004426,True,False,False
Atxn7l3,0.055328213082421585,0.8822365847504157,-0.0324773672892933,0.999987547004426,False,False,False
Kif13b,0.17335757598876048,0.610857367962459,-0.208569173793864,0.999987547004426,False,False,False
H2aj,0.1649734178630341,0.23891612335915316,0.0146703099739867,0.999987547004426,False,False,False
Dhps,0.14464635415405142,0.4110223087169647,-0.409948461685884,0.999987547004426,False,False,False
Tmem26,1.4374650030854452,0.0004023745842889366,-0.838183739797715,0.999987547004426,True,False,False
Alox5ap,-0.23488814323846563,0.07289388914744505,0.509415311758689,0.999987547004426,False,False,False
Psma3,-0.004169579854625798,0.9842212548857955,-0.270435903001852,0.999987547004426,False,False,False
Rp2,0.038016654687232435,0.8370756348237369,-0.422986419507947,0.999987547004426,False,False,False
Prmt7,0.05884385261277915,0.8412610471820574,0.0121967073595348,0.999987547004426,False,False,False
Gemin2,-0.08060850353637412,0.8114430484169712,-0.379303015553503,0.999987547004426,False,False,False
Atp8b4,-0.21701544089969127,0.2709621591873317,-1.36780215979378,0.999987547004426,False,False,False
Pop5,-0.1373025129597571,0.4698383314954535,-0.365820116398856,0.999987547004426,False,False,False
Zdhhc8,-0.3732113447597351,0.4745075056309187,0.0208458054304499,0.999987547004426,False,False,False
Slc35e3,0.08729109392029447,0.8395607742673891,0.0190896071073006,0.999987547004426,False,False,False
Cxcl11,1.0573312732713338,0.059668324137012785,0.358326548413257,0.999987547004426,False,False,False
Arrb2,0.07827387310606973,0.7131062672511354,-0.352631899719822,0.999987547004426,False,False,False
Golm2,0.7439411837808806,0.1623058317185713,0.692012044202007,0.999987547004426,False,False,False
Alyref2,-0.39507911831045656,0.061515555400957954,0.204833753556616,0.999987547004426,False,False,False
Pwwp2b,1.0559551966836858,0.13979095941238676,-0.714820074608535,0.999987547004426,False,False,False
Gtf2i,0.4052885034225325,0.05849263028133348,-0.208655011794082,0.999987547004426,False,False,False
Nrg2,0.9707509341309838,0.0037202615515453566,-0.645797713686019,0.999987547004426,True,False,False
Ap2a1,0.26256332455968523,0.1450497270472175,-0.220383767080891,0.999987547004426,False,False,False
Ppih,0.0053555344887951375,0.9837799154675287,-0.307212552370832,0.999987547004426,False,False,False
2610008E11Rik,-0.25679230413875775,0.3725418952098705,-0.178410231482044,0.999987547004426,False,False,False
Zfp941,-0.27210753169088014,0.3478329858002245,-0.884981322341122,0.999987547004426,False,False,False
Zfp937,-0.5319155744779339,0.03890429544113545,0.249219599538891,0.999987547004426,True,False,False
Hnrnpc,-0.007314790141857267,0.9717471077016148,0.820959708765775,0.999987547004426,False,False,False
Zfp128,-0.16824529883907824,0.7221292919974834,-0.280973948421293,0.999987547004426,False,False,False
Zfp868,-0.17519046490457707,0.3239863770495837,-0.13768638180742,0.999987547004426,False,False,False
Sntb1,-0.282212486264782,0.7693350068227236,-0.141364935283572,0.999987547004426,False,False,False
Trim5,-0.5322233846440945,2.602764211958538e-05,-0.7456034678831,0.999987547004426,True,False,False
Rnf14,-0.1196916118926306,0.5592904019769315,-0.0261772568012297,0.999987547004426,False,False,False
Adgrg3,-0.2032330800533042,0.8757729998206848,-0.319893801935874,0.999987547004426,False,False,False
Irak2,-0.15265276597270008,0.43001028906644573,-0.174914258099396,0.999987547004426,False,False,False
Samd5,-1.4003583353296916,0.14234345613559818,-0.870887263725504,0.999987547004426,False,False,False
Xcr1,0.15727183144808754,0.6460902471999855,-0.142566088403633,0.999987547004426,False,False,False
Zfp266,-0.17129263278673137,0.47878299650078926,0.452719745291155,0.999987547004426,False,False,False
Tor3a,0.08240266911209972,0.7008175706693013,-0.197267856074522,0.999987547004426,False,False,False
H2-Eb1,0.10412371961852106,0.43825333932452154,-0.0977265128218363,0.999987547004426,False,False,False
Ifitm2,0.42168085944726436,0.0014748032621057716,-0.0652522488352796,0.999987547004426,True,False,False
Nr1h2,0.32848624793900094,0.008721150414981423,-0.761861822298747,0.999987547004426,True,False,False
Rpl35a,-0.14786641966616906,0.508196519237532,-0.174233817709859,0.999987547004426,False,False,False
H4c9,-0.4047883604452916,0.14540602620692553,-0.550572489917332,0.999987547004426,False,False,False
Marf1,-0.3395414329843021,0.15316766065831042,-0.247654129327229,0.999987547004426,False,False,False
Atp8b2,0.11037644380478584,0.6939253419930481,-0.520990796113119,0.999987547004426,False,False,False
Plaat3,-0.3298728159005795,0.04346998822017024,-0.715647070651051,0.999987547004426,True,False,False
H4c3,-0.3420340541369732,0.31931603993546526,-0.40529185728852,0.999987547004426,False,False,False
Mrps9,0.0509119257869713,0.8230382157583792,-0.119006421665702,0.999987547004426,False,False,False
Slc9a6,0.4166953173753733,0.07199369797788165,-0.359937662512228,0.999987547004426,False,False,False
Cd302,0.42818308652669634,0.004265123927400268,0.345260099457334,0.999987547004426,True,False,False
Bloc1s4,0.11463429572066958,0.5319611056905389,-0.434761902513736,0.999987547004426,False,False,False
Ipmk,0.28483830961112633,0.20652138366429135,-1.25398159199233,0.999987547004426,False,False,False
Nsa2,-0.17170051090455332,0.27112551947535884,0.328785074427961,0.999987547004426,False,False,False
Gmfg,-0.04223008481575697,0.834843537392869,-0.412872683997585,0.999987547004426,False,False,False
Intu,-0.12360620257180606,0.916958213383026,-0.891741375597109,0.999987547004426,False,False,False
B2m,-0.0058937293645290115,0.9825621828990581,0.853827085496309,0.999987547004426,False,False,False
Gstp1,0.38149822693404983,0.0007237632549968031,-0.685490564647103,0.999987547004426,True,False,False
Ube2s,0.2925935816524719,0.09189717595867904,-0.338138700012584,0.999987547004426,False,False,False
Zbtb40,-0.07256562821545014,0.9105402753239965,-0.0672212272280346,0.999987547004426,False,False,False
Acyp2,0.08535660779891587,0.9340395343998623,0.298994315873667,0.999987547004426,False,False,False
Tmem263,-0.04836952980730942,0.8898033470845894,-0.212696354562418,0.999987547004426,False,False,False
Trmt61a,-0.06313019233140446,0.8805465622896345,-0.489815418154894,0.999987547004426,False,False,False
Dmkn,1.4259298003781005,0.011290362300159078,-0.616269916491832,0.999987547004426,True,False,False
H4c8,-0.06226938950382598,0.9459118652812232,-0.466187025050335,0.999987547004426,False,False,False
Copz1,0.16581156664822339,0.17802977230688002,-0.313436136000551,0.999987547004426,False,False,False
Rrs1,0.09786718715020536,0.7219566760251945,-0.0648890939227069,0.999987547004426,False,False,False
Clasrp,-0.13826984957667368,0.5914299096928728,-0.249731963717025,0.999987547004426,False,False,False
Rrp1,0.3147999955559644,0.007403523939110638,-0.30133583939194,0.999987547004426,True,False,False
Haghl,0.24277434235078005,0.20414588887032775,-0.292535981221057,0.999987547004426,False,False,False
Gapdhs,-0.3742381932544878,0.39467203149197055,-0.446800136353239,0.999987547004426,False,False,False
Retnla,1.8292834276565373,0.39429876796962443,1.0900857465303,0.999987547004426,False,False,False
Mcrip1,0.05318742750065887,0.7857101861958432,-0.612527042970062,0.999987547004426,False,False,False
Dnajc30,0.09930535681898862,0.653593669226875,-0.391801348138485,0.999987547004426,False,False,False
Prcp,0.16407317722202058,0.20886003638744963,-0.0990586524994832,0.999987547004426,False,False,False
Ppm1b,0.1223321288472405,0.5016645855460546,-0.277102375581247,0.999987547004426,False,False,False
Blnk,0.08804687565067147,0.8847081363579867,-0.402350896787206,0.999987547004426,False,False,False
Maml3,-0.09199096781692927,0.8101247189679468,0.398113361770758,0.999987547004426,False,False,False
Sfmbt2,0.7073660115376362,0.3293302883563294,-0.585171403522422,0.999987547004426,False,False,False
H2-K1,-0.2059778618830656,0.17958874875647218,-0.399930724206831,0.999987547004426,False,False,False
Exoc5,-0.020306429782029626,0.9320507260262789,0.0910505366705205,0.999987547004426,False,False,False
Exosc5,-0.16481827708487815,0.26164654630506073,-0.366302725642306,0.999987547004426,False,False,False
Slc38a10,0.13741115877714938,0.5061201480269282,-0.352134890423446,0.999987547004426,False,False,False
Naca,-0.006485562596502239,0.9743388376378656,-0.163929061139586,0.999987547004426,False,False,False
Zfp873,-0.3474356793459709,0.1321279299380289,-0.292508751376409,0.999987547004426,False,False,False
Acvr2b,0.49611886492888,0.2634609142512274,-0.378119499418024,0.999987547004426,False,False,False
Nol4l,1.2946896992773607,0.0023968112036844564,0.338976426430734,0.999987547004426,True,False,False
Cracr2a,-0.5129773761900095,0.2971974722573785,-0.72978803611421,0.999987547004426,False,False,False
Hipk2,0.306186852215729,0.1302215809523361,0.503609906951166,0.999987547004426,False,False,False
Stx17,-0.3160584195093594,0.061515555400957954,1.47668598271082,0.999987547004426,False,False,False
Smim20,-0.05135548738943321,0.8145751696273819,-0.433936404893731,0.999987547004426,False,False,False
Mrps36,0.2500812578788305,0.13981237396959864,-0.20369145515244,0.999987547004426,False,False,False
Rps7,-0.17146881720014956,0.23477628779617807,-0.166960824550076,0.999987547004426,False,False,False
Snrpa,0.20276075350676126,0.13758558156791742,-0.181762504188228,0.999987547004426,False,False,False
H4c4,-0.6284777387339405,3.8024890305745584e-05,-0.309455478566433,0.999987547004426,True,False,False
Cox5b,0.11231098304653604,0.5322706260596556,-0.494520415454531,0.999987547004426,False,False,False
Cep128,-0.08730196033991723,0.7612221863647824,-0.186825556029151,0.999987547004426,False,False,False
Sec22c,-0.26954604385937714,0.5171464091201846,-1.23892142390471,0.999987547004426,False,False,False
Zfp229,-0.29888900599858326,0.44778654502057663,-0.472595540932885,0.999987547004426,False,False,False
Adgrg5,-0.016171867209157816,0.9397140619072146,0.129787685234693,0.999987547004426,False,False,False
Ksr2,-0.32618987455888926,0.7493052878381505,-0.801672100951341,0.999987547004426,False,False,False
Dot1l,-0.0817368721481275,0.7386473257260441,-0.0786397118662734,0.999987547004426,False,False,False
Pclo,-0.011840297205160525,0.9920311139317715,0.107104762928833,0.999987547004426,False,False,False
Akap6,-0.018675884738063447,0.9880727237333388,-0.541558421552716,0.999987547004426,False,False,False
Mdc1,-0.06672474409480408,0.9001697270672852,-0.224629545313441,0.999987547004426,False,False,False
U2af1,-0.025219133801938153,0.9345281584443121,-0.281466828332749,0.999987547004426,False,False,False
H2ac4,-1.1224982557507126,0.00022878460311414196,-0.333369567666026,0.999987547004426,True,False,False
Med9,0.17752629439857145,0.4156187567860616,-0.485130718374415,0.999987547004426,False,False,False
Cd2ap,-0.37517613899665364,0.016043261969064495,0.620244455885873,0.999987547004426,True,False,False
Gdpd1,1.458102559804598,0.010641877921124457,-0.222491475060534,0.999987547004426,True,False,False
Ext1,0.02792934049537806,0.9441266932863605,0.386236861452137,0.999987547004426,False,False,False
Kalrn,-0.2811642741541196,0.721741746003117,-0.473881880782369,0.999987547004426,False,False,False
Akr1b10,0.06825438786534194,0.7925740530222622,-0.0388964901511999,0.999987547004426,False,False,False
Mospd2,-0.23048243944695648,0.20679518273712946,0.718081092897375,0.999987547004426,False,False,False
Rps17,-0.03184134340326662,0.9047108341875458,-0.234552779290158,0.999987547004426,False,False,False
Suclg2,-0.15495715834249763,0.44538151403932863,0.482098060594235,0.999987547004426,False,False,False
Patj,-0.8308794276690087,0.003743107313749258,0.438483731676318,0.999987547004426,True,False,False
Ssbp3,-0.11104525410762524,0.669236970230596,0.204973274252853,0.999987547004426,False,False,False
Zscan20,-0.20205813543431708,0.7704785837112594,-0.133084398254924,0.999987547004426,False,False,False
Rbak,-0.3015211425002634,0.44823927844684397,-0.634370068950533,0.999987547004426,False,False,False
Slc25a3,0.20573822205490247,0.1721728082094907,0.280884317199806,0.999987547004426,False,False,False
Ppp4r1,0.17006637465290272,0.45812443334394826,-0.357569445414271,0.999987547004426,False,False,False
Rcc1l,0.10979874249521232,0.76849625018606,-0.580883038691199,0.999987547004426,False,False,False
Flot2,0.3210519231403654,0.056738465775813283,-0.0162970564872236,0.999987547004426,False,False,False
Rps12,-0.09950279473832256,0.635829592753924,-0.0105743854294742,0.999987547004426,False,False,False
Rpl34,-0.06544024944551427,0.8094488457113438,-0.172940973527778,0.999987547004426,False,False,False
Rpl34-ps1,-0.06544024944551427,0.8094488457113438,-0.330867849270453,0.999987547004426,False,False,False
Hsh2d,-0.1305080440842049,0.5551453864506596,-0.432674050043237,0.999987547004426,False,False,False
Gmfb,-0.12696448357756018,0.4177119735049851,0.115538226501552,0.999987547004426,False,False,False
Pgghg,-0.3437428871909184,0.037686004037648976,0.0937632699236746,0.999987547004426,True,False,False
Iah1,0.348001108551383,0.0036788479672602015,0.0668498166502776,0.999987547004426,True,False,False
Pgk1,0.25479782021919023,0.026409946583693326,0.655443759076886,0.999987547004426,True,False,False
Lmnb2,-0.13278428384696564,0.7011467332388925,-0.552146517000539,0.999987547004426,False,False,False
Btbd3,-0.6520628879743965,0.053255551513654596,-0.50084772700506,0.999987547004426,False,False,False
Zfp119b,-0.18647329299968096,0.4872143758666129,-0.229459460171036,0.999987547004426,False,False,False
Scfd2,0.09562981100656184,0.7564184603209642,-0.0923193843221499,0.999987547004426,False,False,False
Rai1,-0.11882746644476813,0.7023466068597791,-0.102868491203115,0.999987547004426,False,False,False
Zfp954,-0.36746224732915017,0.07311985417548961,-0.157363221614764,0.999987547004426,False,False,False
Cttnbp2nl,0.5584244033385919,0.027328784907419253,0.581185625470428,0.999987547004426,True,False,False
Ifnlr1,0.10004135405668381,0.9369310558689741,-0.0380043652006519,0.999987547004426,False,False,False
Ppef1,-0.03772718592566108,0.9571223452259567,1.0435212101154,0.999987547004426,False,False,False
Cnih4,0.2806360771422107,0.049325078612300545,0.417713708475826,0.999987547004426,True,False,False
Tgif2,0.38094318977610686,0.060043707128447706,-0.152092327970237,0.999987547004426,False,False,False
Lancl2,-0.04785147667460102,0.8713048879194477,-0.283230694752168,0.999987547004426,False,False,False
Btbd9,0.07751780594919884,0.644696335947483,-0.292477775932181,0.999987547004426,False,False,False
Tnfaip8,0.01315279862997071,0.9544599061375582,0.934851927057347,0.999987547004426,False,False,False
Gak,-0.0644261046198455,0.7470017997171959,-0.226353167098327,0.999987547004426,False,False,False
Cks2,-0.035862994619676763,0.8533405941729484,-0.227771563551162,0.999987547004426,False,False,False
Morf4l1,0.24711361554070038,0.05232260369288034,-0.0467107604425827,0.999987547004426,False,False,False
Rpl17,-0.12096752795018803,0.5295071468633328,-0.503458396190045,0.999987547004426,False,False,False
Serpinb2,-0.5060515834276454,0.5210383301886834,-0.590942229485091,0.999987547004426,False,False,False
Itgb1bp1,0.10580579040648667,0.5424467153678075,0.335752018080241,0.999987547004426,False,False,False
Tmem65,0.7571909827683627,0.0021355288990175547,-0.120053497203894,0.999987547004426,True,False,False
Tubb3,1.2731747084079719,0.0010878918117754224,-0.328138257023816,0.999987547004426,True,False,False
Ftl1-ps2,0.6379556665615854,0.00020426114798714388,-0.254179321055269,0.999987547004426,True,False,False
Arf2,-0.07859128155294007,0.7804555117134815,0.615188252671919,0.999987547004426,False,False,False
Ap3b2,-1.8165533489566141,0.04562886676209249,-0.431436069871097,0.999987547004426,True,False,False
Rpl9-ps6,-0.05592591571872238,0.8393690363813713,0.220087011206913,0.999987547004426,False,False,False
Ifit3b,-0.6904113282251653,0.015460856472944401,0.172582261236267,0.999987547004426,True,False,False
Fabp4,1.1395342216338502,0.03241440702756397,-0.489515181382108,0.999987547004426,True,False,False
Zfp398,-0.3573080173041237,0.04112966627498367,0.248472188140568,0.999987547004426,True,False,False
Mppe1,-0.014818103775866025,0.9544599061375582,-0.422989458046521,0.999987547004426,False,False,False
Tlr12,0.3406398349214103,0.6985357209639779,-0.349149264664002,0.999987547004426,False,False,False
Timm17a,0.056419896400568485,0.8045575883159971,-0.150800840858618,0.999987547004426,False,False,False
Cnr2,-0.363126865533104,0.07010964881504957,-0.110025513602433,0.999987547004426,False,False,False
Armc9,-0.10259627867591643,0.792281624499968,0.812589811414194,0.999987547004426,False,False,False
Lilrb4a,0.9643652718352925,0.016575673100015193,0.185902050829986,0.999987547004426,True,False,False
Btnl1,0.3141982160082122,0.44500189472605256,-1.09786147617144,0.999987547004426,False,False,False
Ganc,-0.10885381143026826,0.6353493747876663,-1.11597513573774,0.999987547004426,False,False,False
Ncs1,1.1517788919245309,0.20283627676247276,-0.0602872608480194,0.999987547004426,False,False,False
Cebpzos,-0.2456741169515344,0.2412532515958842,-0.140312508563779,0.999987547004426,False,False,False
H2bc12,-0.5083346188483233,0.5587391207080057,-0.328144500846634,0.999987547004426,False,False,False
Ppox,0.06874591890192855,0.7813533305095698,-0.256110046605079,0.999987547004426,False,False,False
Zfp677,0.20289630748523402,0.5357574593435547,-0.180310748012618,0.999987547004426,False,False,False
Zfp512,-0.10301138453954703,0.6102383568402536,-0.524229589274,0.999987547004426,False,False,False
Ei24,0.1350992074765433,0.5085214548089053,-0.110247711892653,0.999987547004426,False,False,False
Zfp599,-0.6441433934913523,0.05344967124522804,0.143750167914692,0.999987547004426,False,False,False
Hikeshi,0.12180139701458753,0.46906387539965577,-0.18421369143356,0.999987547004426,False,False,False
4833420G17Rik,-0.04828320139408526,0.8248436555234451,-0.1456308798165,0.999987547004426,False,False,False
Actg1,0.005170468239980536,0.9826696969677449,-0.113090350230212,0.999987547004426,False,False,False
Zfp28,-0.336197837345245,0.5379906266238106,-0.244455521849342,0.999987547004426,False,False,False
Phactr2,-0.22089578113758418,0.22742382374520867,0.761339152450213,0.999987547004426,False,False,False
Impdh2,0.4253671766448459,0.00133000695273186,-0.406938859110037,0.999987547004426,True,False,False
Klhl24,-0.15631585820681912,0.4656023485674162,0.007850796703865,0.999987547004426,False,False,False
Hdac10,-0.13383623997318644,0.5633375366819044,-0.0017648224081918,0.999987547004426,False,False,False
Acadm,0.5090411300164855,8.387110384146842e-06,-0.322181066546626,0.999987547004426,True,False,False
Cfl2,-0.27556637994934835,0.09610970872433104,-0.106942580881547,0.999987547004426,False,False,False
Zfp938,-0.10332408198181656,0.7798666700232394,-0.272483841803685,0.999987547004426,False,False,False
Mtap,-0.19699799757684217,0.31225051137444754,0.351571246240669,0.999987547004426,False,False,False
Kdr,0.7860193331358187,0.012009299929954184,-0.491676632651543,0.999987547004426,True,False,False
Ufc1,-0.15176312251553115,0.3779446021088989,-0.470652582995297,0.999987547004426,False,False,False
Cped1,1.5293402859145235,0.08200094512027546,-0.729838159756595,0.999987547004426,False,False,False
Mrpl42,0.05525959898623659,0.8071006882606233,-0.301084399917048,0.999987547004426,False,False,False
Nrg1,-0.6786468893195177,0.26067706549398945,-1.07021648659851,0.999987547004426,False,False,False
Manbal,0.02893136736485084,0.9053113181564424,-0.225817848174628,0.999987547004426,False,False,False
H2ac15,-0.663871689054276,0.3272255400478778,-0.170490482024755,0.999987547004426,False,False,False
Zfp780b,-0.5907387579177918,0.014374545948965981,-0.287424703181521,0.999987547004426,True,False,False
Lrrc40,0.032705193290424935,0.8982253818413249,0.345180024271428,0.999987547004426,False,False,False
Mapk3,0.6132139830131564,0.00011322467594879695,-0.300291582265054,0.999987547004426,True,False,False
Kif1b,-0.044436556541157045,0.9066068775974688,-0.181088345226563,0.999987547004426,False,False,False
Zfp26,-0.3997454333947817,0.08085447678054944,-0.246511469882502,0.999987547004426,False,False,False
Bbs5,0.6091983673915765,0.021906794569852134,-0.0360192869213574,0.999987547004426,True,False,False
Clip2,-0.33475033141833094,0.6989710511180411,-0.291419753799159,0.999987547004426,False,False,False
Numbl,0.19990053050842113,0.8250922774777069,-0.501503860189382,0.999987547004426,False,False,False
Rps4l,0.18669486065197147,0.4363864366331317,-0.328923458502604,0.999987547004426,False,False,False
Pstk,0.03824662254882334,0.9054715065269323,-0.262438679338068,0.999987547004426,False,False,False
Cd300lb,0.3792442592102793,0.070799852011771,0.0038582679953771,0.999987547004426,False,False,False
Nol7,0.013635165034399155,0.9452464358033107,0.217807220336934,0.999987547004426,False,False,False
Serpina11,0.3905806633386182,0.6539833250333688,-0.434219710676897,0.999987547004426,False,False,False
1110038F14Rik,-0.06837879314661222,0.7554822447507115,-0.184267056695774,0.999987547004426,False,False,False
Scoc,0.10020744088696636,0.6353195242364059,-0.304849263493405,0.999987547004426,False,False,False
Parp10,-0.2583051470981862,0.22958722828687456,-0.251544212072476,0.999987547004426,False,False,False
Naa15,-0.22082775037142707,0.195199709981251,-0.12653121889162,0.999987547004426,False,False,False
Zfp35,-0.07120751060158015,0.7611941847330784,0.436645011149367,0.999987547004426,False,False,False
Rpl27,-0.08984843310169739,0.6467793996961778,-0.23780027127597,0.999987547004426,False,False,False
Usp31,-0.2850220536978388,0.5523262054146649,-0.218281461513214,0.999987547004426,False,False,False
Krr1,-0.06508974646082728,0.7407890460919294,0.350818242457257,0.999987547004426,False,False,False
Mapk1,-0.03405914426087335,0.8475266291100455,-0.146573520510668,0.999987547004426,False,False,False
Alg11,0.10605633707788806,0.761805525548499,-0.0739926606518253,0.999987547004426,False,False,False
3300002I08Rik,-0.8553889758219265,0.12054958864288746,-0.108249504476674,0.999987547004426,False,False,False
Bcl9l,-0.1628255778891687,0.6732314160568376,0.234691447484686,0.999987547004426,False,False,False
Zfp947,-0.18960189940056682,0.8782506759338671,0.19987722534038,0.999987547004426,False,False,False
Tmed5,0.13643765043993197,0.326064800484691,-0.25532738999919,0.999987547004426,False,False,False
Stk24,-0.28625432227055436,0.17939446044581728,-1.11374552743041,0.999987547004426,False,False,False
B9d2,0.17150527113738606,0.18197293627453273,-0.382113545780761,0.999987547004426,False,False,False
Nmral1,-0.413965150817254,0.0016152614280900489,-0.394652911295242,0.999987547004426,True,False,False
D630045J12Rik,0.4103181058840932,0.6010029531230978,-0.66844621801875,0.999987547004426,False,False,False
Rps15,-0.08167883862439869,0.7627751748148854,-0.159175549283042,0.999987547004426,False,False,False
Lrmda,-0.21971462308015385,0.8812730025215434,-0.331163568909345,0.999987547004426,False,False,False
Snu13,-0.10410263384043113,0.45533185975731244,-0.237028105979449,0.999987547004426,False,False,False
Zkscan7,-0.45397307360470646,0.12217527666886976,-0.502948966613622,0.999987547004426,False,False,False
Arhgap22,-0.5688549069127982,0.0009123927826396914,0.413911853105814,0.999987547004426,True,False,False
Snrnp70,0.09751550397295859,0.5463366537464923,-0.122014156476475,0.999987547004426,False,False,False
Eno1,0.23929207164886576,0.04556862848712512,-0.411382281074244,0.999987547004426,True,False,False
Zfp773,-0.2852161288828781,0.3671641268494761,-0.167290279928722,0.999987547004426,False,False,False
Nup98,0.052811687693332075,0.8085244062652077,0.443565414012142,0.999987547004426,False,False,False
Col23a1,-0.9884215280917351,0.004495681227118453,-0.949217592212916,0.999987547004426,True,False,False
Jazf1,0.5357544237204337,0.18745438529721795,0.131673206842327,0.999987547004426,False,False,False
Klhdc3,0.23731068598504876,0.12924553964855817,-0.236411641991901,0.999987547004426,False,False,False
Ccdc102a,0.06687052199161674,0.7483978686821157,-0.189280189711539,0.999987547004426,False,False,False
Jakmip1,-0.19831732573407962,0.8301862906047749,0.203918134888343,0.999987547004426,False,False,False
Slc22a21,0.7360449150374315,0.08055841289133635,-0.969335454495943,0.999987547004426,False,False,False
Zbtb18,0.12121093171762819,0.6404273650039221,-0.191926213096581,0.999987547004426,False,False,False
Brwd3,-0.14310934853468582,0.7082653048636397,-0.0983416305524001,0.999987547004426,False,False,False
Crb1,-0.2772206744406087,0.8308370032635377,-0.278230371610267,0.999987547004426,False,False,False
Cycs,0.054023155816892626,0.7527189320793259,0.880152576822429,0.999987547004426,False,False,False
Sfxn4,0.04712994615786303,0.9385767370847959,-0.155114920922317,0.999987547004426,False,False,False
Rnf217,0.7155075646241631,0.3824627218135486,-1.09106850990054,0.999987547004426,False,False,False
Utp14a,-0.037334180155997085,0.9008178471331518,-0.268789099453258,0.999987547004426,False,False,False
Chchd1,-0.036068651686926106,0.8836873964038631,0.180892008557075,0.999987547004426,False,False,False
Prpf38a,0.0010665788838567628,0.9959305395465365,-0.0686479708816963,0.999987547004426,False,False,False
Ap3s2,0.009104061494665146,0.9724611350867454,-0.216400196094289,0.999987547004426,False,False,False
Hspbp1,0.19406586628871447,0.2796730124009582,-0.0407207869479027,0.999987547004426,False,False,False
Gpatch1,0.4375001958798185,0.1458488705752347,0.19988183855309,0.999987547004426,False,False,False
Alms1,-0.4491706805432382,0.15848462933077734,-0.314208778082285,0.999987547004426,False,False,False
Ppcdc,-0.6170583156247859,2.1941574660459364e-05,-0.559686786536249,0.999987547004426,True,False,False
Gpx1,0.20631816933763986,0.11413087203597638,-0.193918486614383,0.999987547004426,False,False,False
Chd4,0.06975120450419799,0.7695847047629674,-0.395761355609749,0.999987547004426,False,False,False
Rpl7l1,-0.006723723687631473,0.9756008926699237,-0.099502916066073,0.999987547004426,False,False,False
Crem,0.5517657414970863,0.00015539071887659236,0.0956472274743252,0.999987547004426,True,False,False
Zkscan8,-0.5423005001500978,0.07775734557793385,-0.200975333181418,0.999987547004426,False,False,False
Dpp3,0.4152495708398808,0.002461675421396258,-0.121388603788237,0.999987547004426,True,False,False
Pepd,0.37213554556734835,0.009588235721124844,-0.0880881062795256,0.999987547004426,True,False,False
Nr6a1,-0.3982393978645243,0.586987710107548,-0.279250449447396,0.999987547004426,False,False,False
Pym1,-0.06995938680320304,0.8976788784255938,-0.222288320027707,0.999987547004426,False,False,False
Gpn1,0.10015976893088586,0.5604661185894785,-0.0746471186775075,0.999987547004426,False,False,False
Dzip3,0.25254028838952153,0.306192040119758,-0.308576780030413,0.999987547004426,False,False,False
Ipcef1,-0.10433586746740701,0.8401287230922659,0.178815036961472,0.999987547004426,False,False,False
Vrk2,-0.2791057700310278,0.012961922873899504,0.658359016740181,0.999987547004426,True,False,False
Hcst,-0.32742184107919764,0.11679680902787959,-0.379041392168251,0.999987547004426,False,False,False
Mocs1,0.3301499371792309,0.3112838452471499,-0.231154551577408,0.999987547004426,False,False,False
Med14,0.07142963716609718,0.7591703097040613,0.0227354750372735,0.999987547004426,False,False,False
Zfp69,0.6528600186073734,0.2314939802732104,-0.14363841841635,0.999987547004426,False,False,False
Arih2,0.03937958389093346,0.8631512117073011,0.482531079098792,0.999987547004426,False,False,False
Rab3ip,0.0978719719831502,0.7235220799998778,-0.126044056289244,0.999987547004426,False,False,False
Ano6,0.1998189659063083,0.30478212972245305,0.0597488905978452,0.999987547004426,False,False,False
Ifi27,0.1481792105001012,0.3617547968823214,-0.123529552863205,0.999987547004426,False,False,False
H2ac18,-0.3881277836284034,0.011155020945260052,-0.262432127593736,0.999987547004426,True,False,False
Plcxd1,0.3299729199186659,0.669236970230596,-0.367233687555819,0.999987547004426,False,False,False
Ethe1,0.37970412288679156,0.037679162857285814,-0.670229113105799,0.999987547004426,True,False,False
Gimap8,-0.4090394143110838,0.4537422955846172,-0.26476283666249,0.999987547004426,False,False,False
Zfp428,-0.22612829221178915,0.7334686550937656,-0.588966825775977,0.999987547004426,False,False,False
Hvcn1,-0.1978045284067095,0.265375889946346,-0.494069509312524,0.999987547004426,False,False,False
Cdpf1,-0.017542716017026283,0.9544599061375582,-0.246764638741833,0.999987547004426,False,False,False
Tank,-0.0377270210400839,0.8513593583137333,0.6998923929392,0.999987547004426,False,False,False
Clasp1,-0.16298824327094627,0.4393309316184983,0.128420043590029,0.999987547004426,False,False,False
Lrrc51,0.2450207451358478,0.8494252270118506,-0.0097717531387981,0.999987547004426,False,False,False
Pde6h,-0.627460322422388,0.22040758574104308,0.157778888135984,0.999987547004426,False,False,False
Selenop,0.5202975558233287,0.0012411428678184848,-0.362016003560265,0.999987547004426,True,False,False
Tacc1,0.2451869872278844,0.06968636573422328,-0.523249845799937,0.999987547004426,False,False,False
Cpped1,0.024518245108435796,0.9396539088408996,0.345675555770519,0.999987547004426,False,False,False
Aurkaip1,0.1188558676049505,0.49000629976473103,-0.361737957290353,0.999987547004426,False,False,False
Dhrs3,-0.38446354398740257,0.02189683280787917,-0.22979106171541,0.999987547004426,True,False,False
Hnrnpr,0.003035705075610658,0.9881644754127993,-0.447917608292978,0.999987547004426,False,False,False
Med18,-0.3626243114358172,0.2807648181920826,0.0016898570117609,0.999987547004426,False,False,False
Phactr4,-0.4435906756660988,0.12526873585702406,-0.615217578481991,0.999987547004426,False,False,False
Adamtsl1,-0.00621902687950507,0.9943591458614311,-0.52587198761756,0.999987547004426,False,False,False
Prpf4,-0.1512436721125577,0.4625762561824691,-0.0338417498595449,0.999987547004426,False,False,False
Cdc26,-0.027269348715435536,0.901718385039789,-0.127745094670889,0.999987547004426,False,False,False
Fkbp15,-0.42642757013593147,0.00013865471746004316,0.487027256122161,0.999987547004426,True,False,False
Slc31a2,0.28771902413408407,0.10261941334008216,-1.53456180817938,0.999987547004426,False,False,False
Anks6,-1.0966735644270562,0.0804215728510581,-0.649600174143659,0.999987547004426,False,False,False
Ipo7,-0.09015871126007811,0.6254247942204363,-0.136934894891271,0.999987547004426,False,False,False
Vps37b,0.7090836294240084,4.50013883568032e-06,0.603552922227992,0.999987547004426,True,False,False
Bpnt2,-0.1675731572826904,0.3784205289725755,-0.691508541634619,0.999987547004426,False,False,False
Wdr6,0.3217164700348465,0.0579864638860486,-0.376051746342601,0.999987547004426,False,False,False
Serpina3f,0.009014124206548627,0.9881644754127993,-0.106937754353843,0.999987547004426,False,False,False
Akap13,-0.1679180746601329,0.17757784956768868,0.344105027331633,0.999987547004426,False,False,False
Msl2,-0.09149952248954467,0.7085398403086002,0.01554549991471,0.999987547004426,False,False,False
Zfyve26,-0.32868053767330513,0.23108653496403317,0.141908271626894,0.999987547004426,False,False,False
Rdh11,-0.07478255480966224,0.8284954536119026,-0.0440337670972228,0.999987547004426,False,False,False
Mthfs,0.49844149972591606,4.869361036363648e-06,0.368313886894012,0.999987547004426,True,False,False
Gm10163,0.3539330395163513,0.4843619634164079,0.141341788012362,0.999987547004426,False,False,False
Hmgn3,-0.23191031086693667,0.07628459572411633,-0.0695451104134213,0.999987547004426,False,False,False
Hmgb1,-0.00908416538831291,0.961203283236292,-0.130057387462671,0.999987547004426,False,False,False
Lsm14a,0.035652216520149264,0.8823079542133665,0.457157811405516,0.999987547004426,False,False,False
Garre1,-0.36713251528130664,0.06607424832814152,0.128847657737803,0.999987547004426,False,False,False
Flvcr1,-0.08720947818892072,0.6653127687382308,-0.0604653390685819,0.999987547004426,False,False,False
Zfp932,-0.357723004423533,0.08922759664797894,-0.358923882639961,0.999987547004426,False,False,False
Tecpr1,-0.4742185141667707,0.03575828121628291,-0.137211687422156,0.999987547004426,True,False,False
Ttc32,0.10881678784207557,0.6443004267207697,0.218650584007454,0.999987547004426,False,False,False
Fbxl18,-0.39495623134931596,0.07885848778073933,0.880247000283243,0.999987547004426,False,False,False
Wdr35,-0.20979644569850303,0.8299121440173993,-0.0351213129917598,0.999987547004426,False,False,False
Gm5113,-0.890327512668402,0.028844182508513616,-0.240141471723619,0.999987547004426,True,False,False
Pilrb1,0.5531377015553445,0.31168317616279867,0.696114694621634,0.999987547004426,False,False,False
Zbtb16,0.28679331032498373,0.6539833250333688,-0.303306492393569,0.999987547004426,False,False,False
Vkorc1l1,0.24871742830437046,0.21026931330669482,-0.278592134488875,0.999987547004426,False,False,False
Psg16,-0.12112316179354896,0.790793884455886,-0.278515039447602,0.999987547004426,False,False,False
Rnasel,0.0176779131456579,0.9665678481521158,0.172133871590699,0.999987547004426,False,False,False
Zfp810,-0.24186284380614612,0.2709621591873317,-0.351520576757959,0.999987547004426,False,False,False
Zfp772,-0.4396566288368828,0.2817980180625411,-0.234948539017021,0.999987547004426,False,False,False
Ecsit,0.2200864904436698,0.22154319048257157,0.182350114539723,0.999987547004426,False,False,False
Oas1g,-0.7370575686391032,0.016527881085749502,0.579715845183315,0.999987547004426,True,False,False
Nck2,-0.1263774712548736,0.5421005158979597,0.664199480055086,0.999987547004426,False,False,False
Zfp617,-0.016474332913030115,0.9523937480246344,-0.11722082074144,0.999987547004426,False,False,False
Fbxl12,-0.3026851640896509,0.2522006540988596,-0.0135488215812432,0.999987547004426,False,False,False
Suds3,0.5292482063431514,2.957597324048953e-05,-0.254700144785739,0.999987547004426,True,False,False
Myo1h,-0.5770459504394089,0.002819868061856426,-0.251982030634077,0.999987547004426,True,False,False
Cryba4,0.2804982282343966,0.8016810118736859,-0.188718159663401,0.999987547004426,False,False,False
Bub3,0.1602206013343395,0.19698777083492883,0.0159493083655207,0.999987547004426,False,False,False
Serpinb7,0.29042821246361733,0.36499669232803805,-0.83480570117475,0.999987547004426,False,False,False
Polr1c,0.13276827710353653,0.4748273022847672,-0.397413618177458,0.999987547004426,False,False,False
Jchain,0.2258855190545376,0.9264192379900812,0.246991857147756,0.999987547004426,False,False,False
Frat1,0.047679713963559994,0.9600845999905847,0.0536508820832537,0.999987547004426,False,False,False
H2-K2,-0.3595867471445183,0.018539628366289952,-0.344511862602431,0.999987547004426,True,False,False
H2-T23,-0.08818421824158226,0.4964510295630837,0.0390239425202745,0.999987547004426,False,False,False
Nipal1,-0.777910446355934,0.006676592957219183,0.028468280154005,0.999987547004426,True,False,False
H2-Q10,-0.01897773848553663,0.961203283236292,0.568245294848529,0.999987547004426,False,False,False
Rplp0,-0.06823525941955401,0.6952904098488009,-0.725932096360462,0.999987547004426,False,False,False
Rps28,0.06031976195130883,0.9154338359124361,-0.122194036366988,0.999987547004426,False,False,False
Bmpr2,0.2929469351223092,0.365683464726794,-0.615062359508898,0.999987547004426,False,False,False
H2-Eb2,-0.16123267602057104,0.3250132602375786,0.37277693007837,0.999987547004426,False,False,False
Lyar,-0.11212285756120749,0.5592904019769315,0.0714552041929819,0.999987547004426,False,False,False
Trmt2b,0.0014713423536108583,0.9947741753339997,-0.351762090703019,0.999987547004426,False,False,False
B3galt4,-0.027092846674069495,0.9452464358033107,-0.0326337665963097,0.999987547004426,False,False,False
Zfp563,-0.20798380087605187,0.667644077626864,-0.601748739393004,0.999987547004426,False,False,False
Gm7666,-0.4043551202977392,0.4537422955846172,0.39297966677053,0.999987547004426,False,False,False
Hdac8,0.08328265416766045,0.797528413222914,0.94412856611188,0.999987547004426,False,False,False
Klra3,-1.141314464310542,4.015465054695303e-06,0.315043165613088,0.999987547004426,True,False,False
Klri1,-0.7001687758990663,8.684833340622077e-09,0.508181904121987,0.999987547004426,True,False,False
Adgrf3,0.47170627221991673,0.5206138529425424,-0.70335176748397,0.999987547004426,False,False,False
Prkag1,0.020869424230547752,0.9260815477416555,-0.35956090425047,0.999987547004426,False,False,False
Lpar5,-0.6438676192783485,0.014057710917510746,0.212140795472725,0.999987547004426,True,False,False
Xlr4b,-0.27954671885359367,0.15921970546834954,0.240846366381605,0.999987547004426,False,False,False
Pi15,0.04732189212476238,0.9499087166209809,-0.361326826899158,0.999987547004426,False,False,False
Pex26,0.3118106052293877,0.508196519237532,-0.403564843853378,0.999987547004426,False,False,False
Htatsf1,-0.01649117020009517,0.9421573902529522,-0.323176294027075,0.999987547004426,False,False,False
Map7d3,1.4546944007803218,0.0018947568626016687,-0.435089921446054,0.999987547004426,True,False,False
Rtl8b,0.45172826074150424,0.21493073353725775,-0.68097932721927,0.999987547004426,False,False,False
Rtl8a,0.11203258089041053,0.6786424830572987,-0.332046422666233,0.999987547004426,False,False,False
Zfp760,-0.15647987563710475,0.6954765290170694,-0.244189561434022,0.999987547004426,False,False,False
Zfp948,-0.2008197021328133,0.7366411473797371,-0.0991558832770432,0.999987547004426,False,False,False
Zfp160,-0.18561138881937955,0.46688421525009216,-0.199991633490178,0.999987547004426,False,False,False
Gtf2f2,0.09349282853795589,0.6263495785724827,-0.241403076196826,0.999987547004426,False,False,False
Lrch1,0.028131031802355003,0.8989658585947333,0.25185610012151,0.999987547004426,False,False,False
Afdn,-0.8043416587749385,1.3821388226474648e-10,0.581463861531522,0.999987547004426,True,False,False
Tm9sf4,0.13327253997400626,0.45136740738529624,-0.281055213202295,0.999987547004426,False,False,False
Cenpm,-0.10555317301188515,0.7456555884005713,-0.091386249555355,0.999987547004426,False,False,False
Tnfrsf13c,-0.04834995757506759,0.9094945734375586,-0.247646012101207,0.999987547004426,False,False,False
Ccdc134,0.13295397329409542,0.5546116888673465,-0.162049874042376,0.999987547004426,False,False,False
Cst7,0.6793949198007039,3.5641042171212304e-07,0.211681817085319,0.999987547004426,True,False,False
Zfp442,-0.34821285014390535,0.36479826261216425,0.217921528888816,0.999987547004426,False,False,False
Zfp120,-0.2869652323228716,0.06815429210935353,-0.0295588647555167,0.999987547004426,False,False,False
Insm1,0.44908498621551196,0.20723636096631717,-0.358405508193927,0.999987547004426,False,False,False
Ndufaf2,-0.5277858992829116,0.0005276845221889255,-0.081453928933926,0.999987547004426,True,False,False
Macrod2,-1.1324470254427557,0.05658655876977323,0.296196398746122,0.999987547004426,False,False,False
Pick1,-0.41014899893253126,0.0793510531292687,-0.22569443644336,0.999987547004426,False,False,False
Lgals1,0.34640216114708555,0.11712389394545422,-0.57404337647794,0.999987547004426,False,False,False
Phf11d,-0.33817268284473656,0.03263520432606232,-0.119668190487629,0.999987547004426,True,False,False
Amn1,-0.1570824773315086,0.416876431329949,0.258329778117304,0.999987547004426,False,False,False
Ap5s1,0.24131904619267425,0.2270624960023466,-0.487760447882623,0.999987547004426,False,False,False
Cenpb,0.29457896574526243,0.36101955601675656,-0.288150188005255,0.999987547004426,False,False,False
Usf3,-0.2999324660855996,0.3392214793596236,0.569923886885798,0.999987547004426,False,False,False
Ddrgk1,-0.028795465472472626,0.9085461878151344,-0.210650663009822,0.999987547004426,False,False,False
Nat8f4,-0.5515881860361417,0.4464679882158124,-0.737293562866862,0.999987547004426,False,False,False
Aup1,0.2654699294242843,0.011733016338034474,-0.109810144840722,0.999987547004426,True,False,False
Dok1,0.1886637086514172,0.25452733598451727,-0.3044279390843,0.999987547004426,False,False,False
Chrac1,0.025471363512199596,0.9068657490525845,-0.219822958423258,0.999987547004426,False,False,False
Uty,-0.5075098689902481,0.009963470208849327,0.62645478851082,0.999987547004426,True,False,False
Mfap1a,-0.18488229595346678,0.192190364626586,-0.182295878593718,0.999987547004426,False,False,False
Zfp467,0.5811431990985958,0.00026212444710922077,-0.44611402674731,0.999987547004426,True,False,False
Mgam,0.5904071636410224,0.5893808031692588,0.0441232315211595,0.999987547004426,False,False,False
Clec16a,-0.2829278733968751,0.27864459592293883,-0.318375117815721,0.999987547004426,False,False,False
Tmem167b,0.08790275331652787,0.6650051478582019,-0.258325442529452,0.999987547004426,False,False,False
Trp53i11,0.21011177658795593,0.5354780961363995,-0.632847974714338,0.999987547004426,False,False,False
Cry2,0.3434167264779972,0.3179024321737746,-0.939322461531471,0.999987547004426,False,False,False
Psrc1,0.7610792481683982,0.0164298807865987,0.326362350407895,0.999987547004426,True,False,False
Mybphl,-0.3209783429103179,0.25323601694687903,-0.369958239557076,0.999987547004426,False,False,False
Sort1,0.1613238043715935,0.43998320661654566,-0.28036199408632,0.999987547004426,False,False,False
Il3ra,1.028152700256649,2.6026053692455167e-05,-0.0657931397480542,0.999987547004426,True,False,False
Rap1a,0.2147465653530977,0.1146611597735297,-0.312709262170567,0.999987547004426,False,False,False
Csde1,0.14929034667096702,0.29948693836773255,0.0363253726021524,0.999987547004426,False,False,False
H2bc21,-0.13977750155865631,0.7513611859215628,-0.756852019635424,0.999987547004426,False,False,False
H2ac20,-0.901256936479528,0.05423636129426602,-0.0007125559851353,0.999987547004426,False,False,False
Selenbp1,0.8561849400040186,0.0015488144490024083,-0.399984750320082,0.999987547004426,True,False,False
Cgn,-0.4009178833806231,0.6703493806997061,-0.147180759820947,0.999987547004426,False,False,False
Ssb,0.001448234620935681,0.9938171208997106,-0.44341108012008,0.999987547004426,False,False,False
Clk2,-0.017522835494143206,0.9553581741886541,-0.188223105062405,0.999987547004426,False,False,False
Msto1,0.1191738455386294,0.6467793996961778,-0.234199604525184,0.999987547004426,False,False,False
Syt11,-0.4268786578517372,0.06509050399671595,-0.905115790067061,0.999987547004426,False,False,False
Zfp619,-0.488107533912005,0.1018173250059943,-0.203980959925259,0.999987547004426,False,False,False
Zfp114,0.1954043721231091,0.8391846163986395,-0.0918926270403606,0.999987547004426,False,False,False
Zbtb34,0.20028193737282915,0.6554051508890304,-0.438732437346766,0.999987547004426,False,False,False
Urm1,0.1681664136579733,0.5061201480269282,-0.399810035015936,0.999987547004426,False,False,False
Ddx3y,-0.6424332921826155,0.00019347846661788658,-0.292089377196858,0.999987547004426,True,False,False
Eif2s3y,-0.2816169646212284,0.2481915752689207,-0.0758300281040665,0.999987547004426,False,False,False
Cdk7,0.004051980920694419,0.9851991709246193,0.0344841221156376,0.999987547004426,False,False,False
Pde7a,-0.7324693410074689,1.0585245407344114e-06,0.484313245160728,0.999987547004426,True,False,False
Zbtb10,-0.2513355612857206,0.41119629902351584,0.006186629390827,0.999987547004426,False,False,False
Cep43,-0.09201773800445176,0.7307890226112613,0.25098389872724,0.999987547004426,False,False,False
Zfp72,-0.10013949846329999,0.8908567319457532,0.3891847369203,0.999987547004426,False,False,False
Zfp874a,0.17837640408176064,0.6509939188256393,-0.4177576371248,0.999987547004426,False,False,False
Zfp825,-0.08573225163635105,0.7103837872291389,0.103688661764374,0.999987547004426,False,False,False
Fam8a1,-0.3481096600217137,0.4178091312391584,0.366416967097281,0.999987547004426,False,False,False
Dusp22,-0.09929061614687008,0.5898340699130696,0.496284977274011,0.999987547004426,False,False,False
H3c1,-0.47683662012188993,0.39727719983091575,-0.208160269888165,0.999987547004426,False,False,False
H4c2,-0.7297556016150797,0.34068886854505326,-0.116688516601693,0.999987547004426,False,False,False
H3c2,-0.7373375390038324,0.3988038354171509,-0.278463948463928,0.999987547004426,False,False,False
H2ac6,-1.4410008238020242,0.0008697645260404964,-0.0912013377822571,0.999987547004426,True,False,False
H2ac8,-0.9158371354918793,0.06474268134253432,-0.353106995782008,0.999987547004426,False,False,False
H3c6,-0.9763794286914651,0.19204244322109443,-0.0732197218734036,0.999987547004426,False,False,False
H2bc11,-0.6596237612325219,0.19068245650780238,-0.200723662646016,0.999987547004426,False,False,False
H4c18,-0.9165162845236761,0.007071168157139325,-0.244254892842079,0.999987547004426,True,False,False
H3c3,-0.9337683645908751,0.21665921649460004,-0.148592452428765,0.999987547004426,False,False,False
Epc2,-0.5735169751841771,0.02932418588871891,0.413000414968671,0.999987547004426,True,False,False
Lyz1,0.8701381001129053,0.44934738449964606,-1.16857588121013,0.999987547004426,False,False,False
Lyz2,1.4688417646303145,2.763158118161049e-06,0.0015743969295911,0.999987547004426,True,False,False
Tmem19,0.26924186291771796,0.14332387683701703,-0.308285612593508,0.999987547004426,False,False,False
Scyl2,-0.19458189282731014,0.5171464091201846,-0.112287344472806,0.999987547004426,False,False,False
Gm4925,-0.04479237488312149,0.9756008926699237,-0.282014464452326,0.999987547004426,False,False,False
Dazap1,0.11131497143931943,0.6435147522255387,-0.242366783007912,0.999987547004426,False,False,False
Cd300ld3,-0.472819906301257,0.6157732546420828,-0.132764323064732,0.999987547004426,False,False,False
Strada,-0.09232905459658639,0.6032542596913474,-0.254521581673834,0.999987547004426,False,False,False
Pex11g,-0.07933549355080723,0.8793782428506213,-0.373279872302678,0.999987547004426,False,False,False
Marcks,-0.5110158719927224,2.890618653803663e-07,-0.24926776614859,0.999987547004426,True,False,False
Arid1b,0.010974771406007102,0.971018126539212,0.758899827738299,0.999987547004426,False,False,False
Psmb3,0.08850320208328448,0.5920918014619553,-0.466541742482923,0.999987547004426,False,False,False
3110053B16Rik,0.2256559576472989,0.44379486557051046,-0.539891216446784,0.999987547004426,False,False,False
Msi2,-0.5414389264648409,0.005277940767540788,-0.36904963965735,0.999987547004426,True,False,False
Wfdc17,-0.49667267425556055,0.23941571210229556,-0.417771749833395,0.999987547004426,False,False,False
Gm10277,0.10616275006244204,0.9154023671305044,-0.564068019507087,0.999987547004426,False,False,False
Nlrp1a,-0.6353616261974947,0.004777215831416367,-0.500784504795211,0.999987547004426,True,False,False
Ahnak,0.6946917427953134,0.1157129849549115,-0.184058602041328,0.999987547004426,False,False,False
Sco1,-0.020350879118253045,0.9570358157543138,-0.350992156298954,0.999987547004426,False,False,False
Irgm2,-0.036827051024293594,0.901718385039789,-0.277255520825897,0.999987547004426,False,False,False
Atxn1l,0.03463099812354219,0.9477998706078989,-0.285393832633628,0.999987547004426,False,False,False
Spdl1,-0.20722742899036564,0.5626781150353124,-0.135212079869008,0.999987547004426,False,False,False
Insyn2b,-1.1259274431612019,0.012339219736609888,0.274283893676929,0.999987547004426,True,False,False
Rps13-ps2,-4.012349554606947,0.30139810355823116,0.30468127653103,0.999987547004426,False,False,False
Fcho1,-0.1122441440487044,0.6083782082079074,-0.659906435493798,0.999987547004426,False,False,False
Ell,0.07581862728238119,0.8230382157583792,-0.392159982148116,0.999987547004426,False,False,False
Sp140,-0.7819803802115839,3.228147056585072e-13,0.17555477225101,0.999987547004426,True,False,False
Sp110,-0.41781899574905323,2.9455520718554753e-05,-0.340444859492027,0.999987547004426,True,False,False
Fam149a,-0.09900326644174845,0.8732744909699887,0.389209324862103,0.999987547004426,False,False,False
Mfhas1,-0.0972209788855863,0.8338855960464233,0.178790629174795,0.999987547004426,False,False,False
Gmppb,0.6628560890040713,6.321033403851623e-08,-0.258587054384205,0.999987547004426,True,False,False
Ddx43,0.7756167126825446,0.26101758985851975,-0.335222652405855,0.999987547004426,False,False,False
Scn2b,0.12132511024179272,0.7599580530866666,-0.267639901300453,0.999987547004426,False,False,False
Mpzl3,-0.20443953290461941,0.29140709934865405,0.24235932279381,0.999987547004426,False,False,False
Eif3g,0.18774902337045862,0.1565705115785903,-0.227603130915839,0.999987547004426,False,False,False
Rnf213,-0.4109968107431763,0.0164027681300966,-0.420857727451543,0.999987547004426,True,False,False
Ccnd1,-0.9163166813090078,4.300795767398069e-10,0.0820213857322614,0.999987547004426,True,False,False
Evi2,-0.2077614166380868,0.20885449610990436,-0.257828267566333,0.999987547004426,False,False,False
Capza1,0.03584183801752667,0.8491021407489576,0.0728587941015437,0.999987547004426,False,False,False
Nlrp1b,-1.2836255597529236,1.8964367212648824e-13,0.202385555909136,0.999987547004426,True,False,False
Tmem256,0.4252369361896361,0.016043261969064495,-0.419688860495806,0.999987547004426,True,False,False
Hs3st3b1,0.48494744539162254,0.1582844276128373,-0.296350332707931,0.999987547004426,False,False,False
Rnf121,0.017071501457857553,0.9566561484184777,-0.244187096327148,0.999987547004426,False,False,False
Il18bp,-0.2254626120295723,0.4703510699660492,0.600026946473298,0.999987547004426,False,False,False
Fam217b,0.2260041150405155,0.763498510441362,-0.223973995629007,0.999987547004426,False,False,False
Chchd2,0.16102325757703825,0.23652649486403662,-0.0741552375200563,0.999987547004426,False,False,False
Ctcfl,-0.615495603489552,0.4169327359194281,-0.134730611023225,0.999987547004426,False,False,False
Ifi214,-0.3646233258618999,0.05423636129426602,0.685244351672054,0.999987547004426,False,False,False
Fcrl6,-0.05245784286949829,0.968743916991741,0.610084769416674,0.999987547004426,False,False,False
Nsmce3,-0.18349485357408205,0.3174217718224357,0.314098954320833,0.999987547004426,False,False,False
Top1,-0.06549324633114233,0.6843770874532856,-0.0753423476210404,0.999987547004426,False,False,False
Ntn5,1.2901628484061982,0.0204109785605111,-0.637832971088634,0.999987547004426,True,False,False
Rasal2,0.42495173355105836,0.01476406197990524,0.0112429493333384,0.999987547004426,True,False,False
Vmn2r84,-0.28556651425310103,0.5574331532909826,-0.242803973228225,0.999987547004426,False,False,False
Zfp992,0.22543423505553903,0.37531768753635875,-0.949405212709655,0.999987547004426,False,False,False
Lrrc8b,0.4356107639356785,0.3841626623992333,-0.439627218673747,0.999987547004426,False,False,False
Etnk2,2.164056688751993,0.0005434739638258014,-0.737975299739081,0.999987547004426,True,False,False
Runx3,0.27302920404293995,0.016414507520484962,0.160461004577463,0.999987547004426,True,False,False
Eid2b,-0.5144896406354544,0.13376724975133833,-0.577371745366741,0.999987547004426,False,False,False
Zfp974,-0.38032402598110565,0.29932623948422277,-0.464213974069207,0.999987547004426,False,False,False
Hmgn2-ps,-0.060808660271098366,0.7687447195162568,-0.348595649816781,0.999987547004426,False,False,False
Rmdn3,0.16236646511221442,0.46513979676390876,-0.0541604662878825,0.999987547004426,False,False,False
Rbm44,-0.4368075211958725,0.2691717342992144,-0.626169962806785,0.999987547004426,False,False,False
Fryl,-0.22896618394228135,0.16619612691677504,-0.0355517431896839,0.999987547004426,False,False,False
Tmem35b,-0.05912056822969218,0.7875349247762187,-0.560080698262136,0.999987547004426,False,False,False
Dgkd,-0.4069951532295402,0.010298018703801632,-0.212916180563946,0.999987547004426,True,False,False
Rbm47,-0.26166887451323534,0.09890780298825128,0.128628766590104,0.999987547004426,False,False,False
Cited4,-0.6862754697831599,0.4723111862816373,-0.348729233129468,0.999987547004426,False,False,False
Zswim9,-0.5057975058160958,0.48658346386816087,-0.133655731075066,0.999987547004426,False,False,False
Zscan18,-0.52377964260911,0.4562402586251929,0.162107814812417,0.999987547004426,False,False,False
Skint3,0.3066479933844977,0.10371298134213645,-0.539480794272369,0.999987547004426,False,False,False
Lilra5,0.6837615514904103,0.06948152049468032,-1.00620728588399,0.999987547004426,False,False,False
Klhl9,0.1472223710724755,0.6509939188256393,0.435131768849001,0.999987547004426,False,False,False
Rraga,-0.09208062875349372,0.5592904019769315,0.370456760941027,0.999987547004426,False,False,False
Tgfbrap1,-0.07818954522505936,0.8308319683015315,0.0733294627736303,0.999987547004426,False,False,False
Gm19680,-0.03939086620626901,0.923045518408609,-0.607057815420837,0.999987547004426,False,False,False
Dnajc25,-0.22981706894569753,0.30217013146972016,-0.235792113855479,0.999987547004426,False,False,False
Ndufb6,0.3051169445250498,0.03726514641454593,-0.057636757789842,0.999987547004426,True,False,False
Camkmt,-0.6946782025714024,3.571155550446912e-06,0.704933007143186,0.999987547004426,True,False,False
Rasgrp3,-1.6392362522642876,6.735332513514597e-37,0.639989811411423,0.999987547004426,True,False,False
Safb,-0.09994542212168843,0.6039460840253593,-0.143101242445402,0.999987547004426,False,False,False
Zfp827,-1.2435143271790114,0.05006756694763907,-0.452705991395132,0.999987547004426,False,False,False
Ptges3,0.09779725188033725,0.5321426062463647,0.0568512410856288,0.999987547004426,False,False,False
Nr2c2ap,0.036777064375153705,0.9698102256873325,-0.466782600960153,0.999987547004426,False,False,False
Srsf3,0.024380200653577138,0.8923273165610727,-0.487743081375714,0.999987547004426,False,False,False
Arhgef10,-0.14861948962108787,0.6548549803322893,-0.523288764800546,0.999987547004426,False,False,False
Smim15,-0.10701922456620673,0.5943493918712592,-0.387832588937733,0.999987547004426,False,False,False
Cecr2,0.17167336254866314,0.8067050474258558,0.80472486584749,0.999987547004426,False,False,False
Timm8a2,0.08178551665530395,0.9503723113049145,0.331162374322929,0.999987547004426,False,False,False
Slc25a16,0.028668616868939206,0.9225103830554855,0.0367815386969799,0.999987547004426,False,False,False
Zfp213,-0.29485907154738833,0.5191464112969536,-0.0180077687178715,0.999987547004426,False,False,False
Zfp946,0.2520059306452714,0.4606247158721066,-0.52419278479491,0.999987547004426,False,False,False
Zfp65,-0.4127499730017304,0.12632586423836403,-0.269153863209745,0.999987547004426,False,False,False
Zfp58,-0.40550767516822894,0.13422394782798727,-0.0600136579397672,0.999987547004426,False,False,False
Gpr31b,-0.4044575084067478,0.28203783947782757,0.133789312800322,0.999987547004426,False,False,False
Armc2,0.34187301391986213,0.6964260787065901,-0.321682858185069,0.999987547004426,False,False,False
Tia1,-0.23710930758609391,0.06607424832814152,-0.163031143562177,0.999987547004426,False,False,False
Setdb2,-0.09943942800635559,0.6770770558351533,0.0240521365406581,0.999987547004426,False,False,False
Tbpl1,-0.1340551977224095,0.39631807780870115,-0.373951851785537,0.999987547004426,False,False,False
Map3k5,-0.4264172637447938,0.007351076795753028,0.769320317419771,0.999987547004426,True,False,False
Hpcal1,0.8031037997195177,1.6867700232220914e-11,-0.198367610642042,0.999987547004426,True,False,False
Rpl23,-0.17362396691918916,0.391228745038662,-0.083539631966695,0.999987547004426,False,False,False
Psmg4,-0.06752568529844012,0.7706080944543638,-0.268150070713585,0.999987547004426,False,False,False
Dtnb,-0.04381076488660892,0.8760463168528946,-0.575172916808574,0.999987547004426,False,False,False
Ccnb1ip1,-0.17402330683234782,0.8965501014775932,-0.219029690291348,0.999987547004426,False,False,False
H2ac7,-1.1263904038714334,0.07210437909737814,-0.214150772820255,0.999987547004426,False,False,False
H2ac13,-0.29006938941394644,0.6592178357740782,-0.204009226837547,0.999987547004426,False,False,False
Gm10335,-0.7425988361976472,0.47550358940109727,-0.374937100756958,0.999987547004426,False,False,False
Pcnp,0.039527006547245176,0.8531452646649835,-0.266602419682272,0.999987547004426,False,False,False
Nt5dc2,0.9951786725065823,7.774663691630872e-07,-0.278640764596437,0.999987547004426,True,False,False
Cebpd,0.12002584477493557,0.6014825912060511,0.170759307985529,0.999987547004426,False,False,False
Eef1g,-0.033240052943067276,0.8605324566164247,-0.0115085392147334,0.999987547004426,False,False,False
Tut1,-0.06400707390152943,0.8391007165323134,-0.145899630014995,0.999987547004426,False,False,False
Mta2,-0.150144209479049,0.3748622345635148,-0.0450467671880421,0.999987547004426,False,False,False
Eml3,-0.3057823106566057,0.02477406203264311,-0.485281956875586,0.999987547004426,True,False,False
B3gat3,0.2197030478101388,0.26941482799017297,-0.270409893262233,0.999987547004426,False,False,False
Ganab,0.0367011486931785,0.8760463168528946,-0.166071891929342,0.999987547004426,False,False,False
Ints5,-0.15832418558817396,0.6122602340454129,-0.165535636236176,0.999987547004426,False,False,False
1810009A15Rik,0.08723957250434694,0.6470309122821124,-0.0788080056570006,0.999987547004426,False,False,False
Uqcc3,-0.10147778816677752,0.65396862125001,-0.309329878610726,0.999987547004426,False,False,False
Ubxn1,0.14778087452401054,0.2967557717900474,-0.273559032759449,0.999987547004426,False,False,False
Bscl2,0.1604805689166878,0.23189352861650625,-0.0583715450223012,0.999987547004426,False,False,False
Hnrnpul2,-0.07967014460319691,0.8172442394948223,0.084841416213818,0.999987547004426,False,False,False
Zbtb3,-0.8071358664219883,0.07244452586175397,-0.25099631819591,0.999987547004426,False,False,False
Polr2g,-0.036282483982340956,0.8586713871687158,-0.341467726863464,0.999987547004426,False,False,False
Snx29,-0.16743034241554278,0.6083782082079074,-0.536798818007586,0.999987547004426,False,False,False
Sms,-0.2735107769777234,0.14540602620692553,0.507342032172274,0.999987547004426,False,False,False
Mpst,-0.015622970249080085,0.9897892016007414,-0.530178607684276,0.999987547004426,False,False,False
Csf2rb,0.18219992202976484,0.19582078049179455,-0.569443589131929,0.999987547004426,False,False,False
Csf2rb2,0.3976590313240688,0.029794707407385913,0.190273155591891,0.999987547004426,True,False,False
Ncf4,-0.47131127762114905,1.0986637402907793e-05,0.0793108811832086,0.999987547004426,True,False,False
Gspt2,2.050974947796998,1.6723818411986824e-05,-0.94082519622804,0.999987547004426,True,False,False
Smpd5,-0.7977606142628447,0.3615374132722996,-0.0770404349755793,0.999987547004426,False,False,False
Zhx2,0.3649297335283163,0.4964510295630837,0.243176544896084,0.999987547004426,False,False,False
2610005L07Rik,-0.5062972295052067,0.0002756719074382577,-0.564373151081074,0.999987547004426,True,False,False
6820431F20Rik,-0.402272296841106,0.0005314723471149257,-0.724467886483435,0.999987547004426,True,False,False
Apcdd1,-0.07771358102321181,0.907397047489566,0.217556186409131,0.999987547004426,False,False,False
Ccdc112,0.055497345759824714,0.898690299805512,-0.529349935049084,0.999987547004426,False,False,False
Mcc,-0.697331352730016,0.005105950865161087,-0.484850659874183,0.999987547004426,True,False,False
Ccnf,-0.2624419874801605,0.35757803130006766,-0.489015731721456,0.999987547004426,False,False,False
Trim6,1.1417210587985849,1.0127034559200802e-05,-0.876479227772598,0.999987547004426,True,False,False
Taf1a,-0.22964255127077557,0.40457391658824754,-0.0560729714194972,0.999987547004426,False,False,False
Klf12,-0.06621936664702423,0.8925973485779214,-0.63351980221071,0.999987547004426,False,False,False
Psmb11,-1.1280396463671216,0.12373067009579895,-0.6776912724262,0.999987547004426,False,False,False
Nanos1,-0.29342116927292095,0.6744008255374743,0.679988626523755,0.999987547004426,False,False,False
Phf20l1,0.030667007132826066,0.886071797895808,-0.12055874476875,0.999987547004426,False,False,False
Lratd2,0.01723087687396372,0.9743822394314712,0.741576259853627,0.999987547004426,False,False,False
Slc39a2,-0.19700952130501098,0.8016810118736859,-0.168802208371061,0.999987547004426,False,False,False
Ptrh2,0.10344246506681315,0.690086106530635,-0.359153694346369,0.999987547004426,False,False,False
Ear2,0.07421682961455534,0.7987185088198029,0.386689291431965,0.999987547004426,False,False,False
Slfn2,-0.15742182869096877,0.4342484612777511,-0.240556390482015,0.999987547004426,False,False,False
Zfp9,0.28538600415870763,0.7191196578499308,-0.722154848161546,0.999987547004426,False,False,False
Lyrm9,-0.5014680189436586,0.06240907521699868,-0.462474493053358,0.999987547004426,False,False,False
Adam1a,0.0992045103610788,0.9456297351530213,-0.0694347830924564,0.999987547004426,False,False,False
Zfp783,-0.5070397184267441,0.149056100890452,-0.225708963863593,0.999987547004426,False,False,False
Spef2,-0.11782827453405927,0.9086551190368563,0.523572804625582,0.999987547004426,False,False,False
Tmem254,0.5476855842907353,0.8439540300991377,-0.246862046088728,0.999987547004426,False,False,False
4930522L14Rik,-0.16053642006174706,0.5605164767790425,-0.175268987233486,0.999987547004426,False,False,False
Acrbp,-0.28837616492139523,0.599752525606645,0.080402214000233,0.999987547004426,False,False,False
Grcc10,0.1652148679894592,0.3853043914736773,-0.33163598718377,0.999987547004426,False,False,False
Zfp951,-0.07720058250784695,0.7474692114234603,-0.188498479678405,0.999987547004426,False,False,False
Rybp,-0.026144601667435843,0.9321140130851545,0.448315616299898,0.999987547004426,False,False,False
Nfxl1,-0.137240041879346,0.7093353944384214,-0.0632577438796451,0.999987547004426,False,False,False
Gm12258,-0.7267341026192785,0.14740769145366894,-0.0709528785822648,0.999987547004426,False,False,False
Noxred1,-1.2875228313653926,1.5596380565011662e-06,-0.0279322254808001,0.999987547004426,True,False,False
Sod3,0.7719789298555969,0.18218068588561814,-0.560996944565865,0.999987547004426,False,False,False
Acot1,0.2554729343890754,0.8204997758738692,0.123881604706573,0.999987547004426,False,False,False
Bhlhb9,0.4903228888453461,0.004732296483089842,-0.189617376120909,0.999987547004426,True,False,False
Gprasp2,1.3178458587627135,0.014971229640779033,-1.32838545342297,0.999987547004426,True,False,False
Armcx5,0.11952093632751139,0.7052858031721889,-0.549055386559277,0.999987547004426,False,False,False
Oip5,-0.03974444814785694,0.9147752653288801,-0.176285010086841,0.999987547004426,False,False,False
Vamp5,-0.24216144015750585,0.30961362248168767,0.354458057338596,0.999987547004426,False,False,False
Uprt,-0.2241678536235048,0.6299651757663831,0.11690120972165,0.999987547004426,False,False,False
Zxdb,0.053533649170299465,0.8900189483811931,-0.844160284310889,0.999987547004426,False,False,False
Hbq1b,-0.21911597127911323,0.8706727253789649,-0.322478911062949,0.999987547004426,False,False,False
Srp54a,0.22248024429031713,0.11113879652844662,-0.240137762606817,0.999987547004426,False,False,False
Lrrc61,-0.23252392517558565,0.42919259602721715,-0.0515308217651791,0.999987547004426,False,False,False
Xlr3b,-1.206162907967881,0.0006460929713339812,2.2049749689683,0.999987547004426,True,False,False
Vma21,0.09997926499879142,0.5660125219995229,-0.111230000329501,0.999987547004426,False,False,False
Tmem185a,0.10125545610646551,0.6354272899790075,0.206023279812324,0.999987547004426,False,False,False
Zfp449,-0.6438160498832465,0.5723232314379324,-0.328117262790513,0.999987547004426,False,False,False
H2-D1,-0.030566482594515356,0.8606889189552244,-0.38452334901235,0.999987547004426,False,False,False
Lst1,0.40100602463301704,0.01552647046602959,-0.493842496204014,0.999987547004426,True,False,False
H2-Ab1,0.10150331732438575,0.4698863922076596,-0.516445078076472,0.999987547004426,False,False,False
Zfp414,-0.08794601316893243,0.6916701420994573,-0.435645605616996,0.999987547004426,False,False,False
Gm4924,-0.6736276307246759,0.015369741341336667,-0.283299816946647,0.999987547004426,True,False,False
Wdr90,0.23870680205885206,0.5900163945554974,-0.316295016333878,0.999987547004426,False,False,False
Nme3,-0.07958744916275973,0.8106426940391135,0.0768218898120763,0.999987547004426,False,False,False
Rsph3a,0.18388003198688033,0.6509939188256393,-0.311923255815493,0.999987547004426,False,False,False
Mtarc2,0.3297049335759378,0.0033172174434484914,-0.450666575251387,0.999987547004426,True,False,False
Ifi204,1.0098171252210204,5.196549409974919e-05,0.0253199890091897,0.999987547004426,True,False,False
Ifi207,0.4184831093421762,0.004878021687850756,-0.619324743655887,0.999987547004426,True,False,False
Sh2d1b2,-0.860599671380317,0.012873116359126134,1.27113688752746,0.999987547004426,True,False,False
Dok6,0.05870703920368845,0.9593255557313926,-0.805287537853209,0.999987547004426,False,False,False
Cep76,-0.07548561501327752,0.8923273165610727,-0.0732398726793555,0.999987547004426,False,False,False
Ppp1r12b,-0.8027902910293931,0.0009571625133081959,-0.0208605394428707,0.999987547004426,True,False,False
Csnk1g3,-0.10759806865025996,0.5132450812540258,0.105452479037139,0.999987547004426,False,False,False
Gm10548,-0.01741430271633983,0.9876864437372052,-0.710446760241135,0.999987547004426,False,False,False
D2hgdh,-0.03361254936669899,0.9362159738402466,-0.132148798807485,0.999987547004426,False,False,False
Cops9,0.09331046902636483,0.7001595768373712,-0.149389405426476,0.999987547004426,False,False,False
Rpl27-ps3,0.016863853770112305,0.9866642934350298,-0.592970504229891,0.999987547004426,False,False,False
Wdfy1,0.47619454087956115,0.014276486031321303,-0.242842311952868,0.999987547004426,True,False,False
Catip,-0.17578845284516778,0.8656245753392506,-0.489752791357369,0.999987547004426,False,False,False
Nbeal1,-0.04905305561006051,0.8841958889854414,0.610804289281034,0.999987547004426,False,False,False
Hspe1,-0.009915899275984066,0.9714260836922534,-0.167202722133757,0.999987547004426,False,False,False
Pgap1,-0.9520565480964825,4.516803274886678e-08,-0.280323575128586,0.999987547004426,True,False,False
Tmem88b,-0.039373492975133186,0.9744702546358477,-0.145026375011486,0.999987547004426,False,False,False
Faap20,-0.11654171454843464,0.5352676108664769,-0.124938924433292,0.999987547004426,False,False,False
Klhl21,0.4445444228607454,0.08488826923267369,0.0848668416870293,0.999987547004426,False,False,False
Rpl31,-0.08136955512896267,0.735015625756383,-0.104848936531189,0.999987547004426,False,False,False
Cenps,-0.24373100049859253,0.4923039255330104,-0.556853914722647,0.999987547004426,False,False,False
Lmbrd1,0.11202056338690945,0.5114709210548981,-0.0116043405760546,0.999987547004426,False,False,False
5730409E04Rik,-0.5105562664061335,0.4548615256846773,-0.548283244427437,0.999987547004426,False,False,False
Sh3d21,0.37647325424947936,0.2212758838108494,-0.276346122150911,0.999987547004426,False,False,False
Btbd19,-0.20009790209984984,0.4983886394507987,0.369114188141342,0.999987547004426,False,False,False
Kti12,-0.14947186579419425,0.5002976060252422,0.0468780218005964,0.999987547004426,False,False,False
Efcab7,-0.04295872648761055,0.961203283236292,-0.131758861413852,0.999987547004426,False,False,False
Alg6,-0.29585432667948197,0.3968553225098215,-0.397006742629085,0.999987547004426,False,False,False
Spef1l,-0.7738509673702341,0.016773990700383008,-0.0974301994666762,0.999987547004426,True,False,False
Cdkn2b,-0.9422543511884198,1.0125430384386738e-05,0.239415516524017,0.999987547004426,True,False,False
Tufm,0.21829143202083798,0.11300514577687204,-0.468344047690361,0.999987547004426,False,False,False
Iqck,-0.9450248280053799,0.2467104080939066,0.512827315339344,0.999987547004426,False,False,False
Ccl27a,0.878723007754652,0.07559127925711327,-0.286743735936819,0.999987547004426,False,False,False
Mob3b,-0.1188234398221289,0.6603443761305958,0.533522671214021,0.999987547004426,False,False,False
Hbb-bt,-0.5757388861983803,0.12264791305406703,0.284581520201314,0.999987547004426,False,False,False
Trim68,-0.6168620600421674,0.051141662814062835,-0.0161556961874734,0.999987547004426,False,False,False
Rhog,0.21337274720280994,0.04380146300570514,0.414255571372311,0.999987547004426,True,False,False
Ggh,-0.5445651497679233,0.006590262108763642,0.539907505606522,0.999987547004426,True,False,False
Exoc8,-0.29116063899219646,0.3943124318443383,0.015296914880107,0.999987547004426,False,False,False
Osgin1,-0.8185368048851808,0.0010373209231163106,-0.324632250166357,0.999987547004426,True,False,False
Mlycd,-0.12046093533509117,0.6678549202774302,-0.224274311766677,0.999987547004426,False,False,False
Fam169b,-0.5973887917211925,0.22223616823064002,-0.295381908825364,0.999987547004426,False,False,False
Svip,0.8092745076430871,0.0057720237080193205,-0.618965236341399,0.999987547004426,True,False,False
Rbm15b,0.25786978900097557,0.4203613921952411,-0.315967947916826,0.999987547004426,False,False,False
Nlrc5,-0.3864139429956316,0.0580440379298198,-0.407943743313723,0.999987547004426,False,False,False
Zfp976,-1.7464209185331416,0.03718892778689075,-0.044628346581165,0.999987547004426,True,False,False
Zfp788,-0.47806057775455585,0.04865471155470525,-0.0281476135305958,0.999987547004426,True,False,False
AW146154,-0.134631106528835,0.610857367962459,-0.255439843747693,0.999987547004426,False,False,False
Plekhf1,2.9356329998053563,4.142004222667664e-05,-0.620077155968543,0.999987547004426,True,False,False
Znhit6,-0.09303674133326045,0.696703227855303,-0.0495055758685874,0.999987547004426,False,False,False
G430095P16Rik,-0.19402855511618605,0.6339793037950959,-0.208663316432337,0.999987547004426,False,False,False
Sdhaf1,0.1747910336972191,0.356396005216145,-0.313406237375738,0.999987547004426,False,False,False
Dnajb14,0.21232293151593154,0.14301139153277395,0.314030159255109,0.999987547004426,False,False,False
Cox7a1,-0.01085491535762924,0.9941026950334206,-0.111659030424715,0.999987547004426,False,False,False
Zfp382,-0.617313554278915,0.07797557700634289,-0.0029958486819561,0.999987547004426,False,False,False
Zfp568,-0.3340704629064964,0.5026182806291911,-0.370509945063104,0.999987547004426,False,False,False
Spint2,-0.27246795512713046,0.025214705115093942,-0.0904167450877695,0.999987547004426,True,False,False
Ap1ar,0.16184321314063854,0.39397387914188564,-0.0918165038728702,0.999987547004426,False,False,False
Cib3,-0.5249127970767536,0.5477454504503982,0.11604142505265,0.999987547004426,False,False,False
Dda1,0.24590070679125317,0.0697838499095576,0.0463343406331793,0.999987547004426,False,False,False
Ceacam1,0.6567138903709634,8.387110384146842e-06,-0.33072162668388,0.999987547004426,True,False,False
Phldb3,0.23541031253843558,0.8329039300414652,-0.358895423561673,0.999987547004426,False,False,False
Zfp94,-0.5383942351739567,0.19001820666043565,-0.18757424895902,0.999987547004426,False,False,False
Zfp109,-0.34973191829058803,0.6997241102829455,0.380604719216244,0.999987547004426,False,False,False
Peak1,0.08491783638609829,0.6624596468210427,-0.179991497975264,0.999987547004426,False,False,False
I830077J02Rik,-0.15777746063186598,0.20689220864340785,0.322433519938958,0.999987547004426,False,False,False
Ccdc61,0.19859940227766165,0.4666830715709993,-0.287211314259937,0.999987547004426,False,False,False
C5ar2,-0.3587756782318349,0.4386963390714078,0.382593836769265,0.999987547004426,False,False,False
Ehd2,0.03110526572404374,0.9811714305746528,-0.004281604149094,0.999987547004426,False,False,False
Foxr1,-1.0180137534168359,0.000253718102873421,-0.314262748687514,0.999987547004426,True,False,False
H3c13,-0.0692232846083922,0.9474554188461275,-0.163586930839792,0.999987547004426,False,False,False
Zfp865,-0.048928724857989554,0.9214250467811136,-0.235307901314336,0.999987547004426,False,False,False
Zfp628,-0.03816018309852886,0.965205256652769,-0.423385152675891,0.999987547004426,False,False,False
Pira12,-0.4858895605250709,0.0028088256583985146,-0.364886277330239,0.999987547004426,True,False,False
Pira13,-0.09993608866314292,0.8016487527762965,-0.145853997780333,0.999987547004426,False,False,False
Spc24,-0.3818135613667816,0.010409493954564945,-0.0019721280261029,0.999987547004426,True,False,False
Clec4g,0.220516621483476,0.48587081632687795,-0.128896219690985,0.999987547004426,False,False,False
Arfip1,0.12422590421012948,0.5096456940606626,0.152982736178559,0.999987547004426,False,False,False
Zfp971,0.07612540939005247,0.8681669505991828,0.903200238842706,0.999987547004426,False,False,False
Zfp972,0.28867521045792566,0.741957595846154,-0.0319773393883178,0.999987547004426,False,False,False
Cass4,-0.19651048709013352,0.39039800693577015,0.119574917073887,0.999987547004426,False,False,False
Lekr1,-0.3572193006203064,0.4342484612777511,0.147182819046262,0.999987547004426,False,False,False
4931440P22Rik,0.005532594733563144,0.9911527556919748,0.354473393988669,0.999987547004426,False,False,False
Arfgef2,-0.3177181901020856,0.1819702685950999,-0.121571236415378,0.999987547004426,False,False,False
Mgst2,-0.45519420550891776,0.5379906266238106,-0.323821171422529,0.999987547004426,False,False,False
Tox2,-0.124197347482546,0.9105792334274062,-0.505710403863484,0.999987547004426,False,False,False
Mafb,0.9964829337922799,2.164993860551211e-05,-0.378768082267056,0.999987547004426,True,False,False
Tmem267,-0.18927335764190364,0.7977755902884507,-0.27486553857781,0.999987547004426,False,False,False
Cpne1,-0.1251814034767318,0.4649436584010803,-0.334964985775741,0.999987547004426,False,False,False
Eif2s2,0.019222353468115773,0.9260815477416555,-0.321893079743952,0.999987547004426,False,False,False
Bpifb4,-1.8123659280436932,0.024801435095540673,-0.585804174889634,0.999987547004426,True,False,False
Tspyl3,0.057701485224314154,0.8308668743636758,0.222289218419492,0.999987547004426,False,False,False
Ttll9,0.5572914650599926,0.41737411974889305,-0.539478441112331,0.999987547004426,False,False,False
Sirpb1c,0.8729313175275191,4.215660836218095e-12,0.358859491278494,0.999987547004426,True,False,False
Defb25,0.8359804252192622,0.06286700017955128,0.312221744938766,0.999987547004426,False,False,False
Zcchc3,0.0316969849520741,0.9510262550036227,-0.124897231095286,0.999987547004426,False,False,False
Csnk2a1,-0.17880732966934867,0.32379485103034816,0.150905870616034,0.999987547004426,False,False,False
Ccl28,-0.8014068404683559,0.32005783012351546,-1.73934941193972,0.999987547004426,False,False,False
Zfp950,-0.2932358484594182,0.09421704722906184,-0.0610715222621137,0.999987547004426,False,False,False
Fndc10,1.0003487819433348,0.0027350898227441658,-0.837795423720463,0.999987547004426,True,False,False
Thbd,2.0195276442814043,2.3535291513834877e-12,-0.574975681790004,0.999987547004426,True,False,False
Pdzd8,-0.09295963471395391,0.7405194194092012,0.183184062726227,0.999987547004426,False,False,False
Atxn7l3b,-0.033281505130572965,0.862958004967768,-0.0718678518520512,0.999987547004426,False,False,False
Kiz,0.18910911433679048,0.531224069827523,0.510228384523778,0.999987547004426,False,False,False
Smim26,-0.1961087191514673,0.5435083635618371,0.200648123460112,0.999987547004426,False,False,False
Ube2n,0.13963866458507024,0.2342659171020904,0.410342996619094,0.999987547004426,False,False,False
Plxnc1,-0.13186770387749902,0.4045861722010437,-0.0420181159933657,0.999987547004426,False,False,False
Arrdc3,-0.11199602556604057,0.7203953234472763,-0.283824456044113,0.999987547004426,False,False,False
Itpa,0.03211240765481214,0.9008178471331518,-0.322001264603866,0.999987547004426,False,False,False
Gas2l3,0.09859281424857501,0.8557542967387647,-0.415720166540511,0.999987547004426,False,False,False
Hps6,0.5830651860448421,0.0008100217046848963,-0.762448588977583,0.999987547004426,True,False,False
Itpripl1,-0.45589130955967816,0.28241716951812557,-0.332483913936534,0.999987547004426,False,False,False
2010315B03Rik,0.09487088442911686,0.6954765290170694,-0.268872501843095,0.999987547004426,False,False,False
BC025920,-0.7779086772245714,0.07127891667953157,-0.131173600512458,0.999987547004426,False,False,False
Zfp808,-0.2984293955784402,0.34629103811151224,0.0774663201922792,0.999987547004426,False,False,False
Serf2,0.022771933795253742,0.9155774554928162,-0.462839631269109,0.999987547004426,False,False,False
Lcmt2,-0.06790128796229174,0.8578394341551091,-0.0499039657418923,0.999987547004426,False,False,False
Ifit3,-0.5605665785707246,0.0001272066023004395,0.590301935864499,0.999987547004426,True,False,False
Ranbp6,0.2236915338279741,0.4526066914839464,0.190021426111169,0.999987547004426,False,False,False
Chst14,0.1798635982369172,0.7463182019369935,-1.1075892855487,0.999987547004426,False,False,False
Inafm2,0.06168481141031359,0.8354821247648093,-0.242428344488417,0.999987547004426,False,False,False
Ptar1,-0.564722743212851,0.021642962721541027,0.557532569168909,0.999987547004426,True,False,False
Qser1,0.12009165352523549,0.8165143056524748,-0.351826830027522,0.999987547004426,False,False,False
Nrbf2,-0.011181543357336784,0.9631717616608975,0.432964790407983,0.999987547004426,False,False,False
Prdm11,-0.08248015773414087,0.8439540300991377,-0.0953903458542325,0.999987547004426,False,False,False
Nxpe3,-0.005015327206378101,0.9906308842800221,-0.397522753216148,0.999987547004426,False,False,False
Yae1d1,-0.3023001878091091,0.04989023716811394,-0.34689179827181,0.999987547004426,True,False,False
Znhit2,-0.1540769434873854,0.560488235107634,-0.344891792265543,0.999987547004426,False,False,False
Amd1,0.23102343274421264,0.19732400819255308,-0.819013508527824,0.999987547004426,False,False,False
Heg1,-0.31894245571704083,0.4203061318517743,0.88612902307847,0.999987547004426,False,False,False
Cerkl,0.06311188093363937,0.8905436302964619,0.195060211291146,0.999987547004426,False,False,False
Cenpw,-0.10946978625766231,0.6843770874532856,0.0517456072576756,0.999987547004426,False,False,False
Bex6,-0.4273012610621052,0.00011398781063747223,0.461904251382099,0.999987547004426,True,False,False
Wipf1,0.021970259003170366,0.9240214427314155,-0.210472095094477,0.999987547004426,False,False,False
Carns1,-0.45631266814961796,0.4232648416522873,-0.65591235121872,0.999987547004426,False,False,False
H60b,-0.9333018073389359,0.06888906416612228,0.568082987140419,0.999987547004426,False,False,False
Klhl41,0.7260008525303813,0.1402082458084876,-0.122192984164325,0.999987547004426,False,False,False
Scn2a,0.6066835226732326,0.49387692127687793,-0.559320694063924,0.999987547004426,False,False,False
Zbtb2,0.6697185318159332,0.00218986396502526,-0.492538961088564,0.999987547004426,True,False,False
Prcd,1.3836820239804948,0.06509050399671595,-0.1792396836634,0.999987547004426,False,False,False
Fnbp1,-0.39490681500138286,0.0010626689577713398,-0.244786846204607,0.999987547004426,True,False,False
Dnlz,0.24065366590165718,0.17189975179111977,-0.310975357507377,0.999987547004426,False,False,False
Commd6,-0.15293578503238597,0.43283528738122534,-0.0103079063272684,0.999987547004426,False,False,False
Kbtbd6,-1.1241692814524205,0.09341558942594422,-0.755087624510939,0.999987547004426,False,False,False
Aarsd1,-0.11340482850022379,0.5642916014452143,-0.694593047198564,0.999987547004426,False,False,False
Zfp652,0.11720102254710671,0.6558731147911483,-0.351810096444285,0.999987547004426,False,False,False
Zc3h3,0.416727185119021,0.192190364626586,0.131472103967892,0.999987547004426,False,False,False
Ly6a,0.7634335229832765,0.3114590441791654,-0.794183185973729,0.999987547004426,False,False,False
Tmem92,-0.3311575543095382,0.56773365262983,-0.496395227387091,0.999987547004426,False,False,False
Selenot,-0.15997459150462146,0.38242870723652334,-0.714275229206558,0.999987547004426,False,False,False
Selenos,0.2953836218914755,0.0067694809489340126,-0.108824883593869,0.999987547004426,True,False,False
Selenom,-0.39389096875296364,0.20443118558426335,-0.251830465573555,0.999987547004426,False,False,False
Selenoi,-0.07078577355719384,0.8501865406174471,-0.0964382866284437,0.999987547004426,False,False,False
Txnrd2,0.05170263888294566,0.8880287506012291,-0.103173023823994,0.999987547004426,False,False,False
Msrb1,1.3285592345802995,4.891831625410974e-12,-0.595166851973239,0.999987547004426,True,False,False
Sox4,0.8241199911321317,0.000688000918105719,-0.213891983575906,0.999987547004426,True,False,False
Ywhaq,0.2706367779173126,0.00898181950322311,-0.396160374383289,0.999987547004426,True,False,False
Acsf2,0.5685642017039285,0.007846092903861979,-0.0709260121445991,0.999987547004426,True,False,False
Selenoh,-0.0945602315043768,0.6437107061912009,-0.0432697018946309,0.999987547004426,False,False,False
Ass1,0.3601324111405288,0.012062914375474201,-0.457038986974389,0.999987547004426,True,False,False
Igkc,0.5429971942569694,0.7823410113142868,-0.282700909328783,0.999987547004426,False,False,False
Ighg3,-0.8802706723510662,0.12880228215571046,0.0568343488546015,0.999987547004426,False,False,False
Iglv1,1.8308346574295535,0.011588734771520337,0.13011284330114,0.999987547004426,True,False,False
Rab11b,0.1879382793868762,0.11938403208605826,-0.225403182835874,0.999987547004426,False,False,False
Psme2b,-0.1778622960766857,0.34974676845061675,0.62841598119726,0.999987547004426,False,False,False
Tmem203,0.10915229403579943,0.7199867353649119,-0.195678181064433,0.999987547004426,False,False,False
Nrarp,1.0321123785709254,0.06779912969701073,-0.583533761433638,0.999987547004426,False,False,False
Gm2606,-0.17166274004229787,0.9053113181564424,-0.0374805484957852,0.999987547004426,False,False,False
F8a,0.11562676384677187,0.7457508315129342,-0.13693551751614,0.999987547004426,False,False,False
Sf3b5,0.023538238666665514,0.9217475182895774,-0.402852508510977,0.999987547004426,False,False,False
Ctdsp2,0.38655756499772626,0.10343658765472614,-0.51201538420097,0.999987547004426,False,False,False
AU041133,-0.19295353890533518,0.5277511364287911,-0.262423877584712,0.999987547004426,False,False,False
Smim24,0.20918658324658945,0.3394058420138909,-0.635264087869559,0.999987547004426,False,False,False
Dohh,0.3047149657207093,0.04836860972630445,-0.253289017376542,0.999987547004426,True,False,False
Raet1d,0.5730831142368509,0.4561701781319593,1.05976790890954,0.999987547004426,False,False,False
Plekhn1,0.3422892702672174,0.047569245680211834,-0.460361255841993,0.999987547004426,True,False,False
Perm1,-0.13222134194309326,0.8925973485779214,-0.313235228497186,0.999987547004426,False,False,False
Cfap74,-0.6021711697054646,0.30846462428589055,-0.422535030265401,0.999987547004426,False,False,False
Zfp984,0.17101619100617974,0.4340917848950667,0.274120111882091,0.999987547004426,False,False,False
Zfp268,0.003536530851571825,0.9921194140727116,-0.295141373945976,0.999987547004426,False,False,False
Ddi2,-0.12067391606825781,0.4650296500570681,0.0935713915906744,0.999987547004426,False,False,False
Aunip,-0.8411518128738942,0.28185748784316134,-0.218965969041131,0.999987547004426,False,False,False
Ube2d3,0.10039531089034374,0.42933276151587135,0.0374335045022018,0.999987547004426,False,False,False
AU022252,0.003887998782058464,0.9911527556919748,-0.136392118049943,0.999987547004426,False,False,False
Gvin2,-0.2127054666076814,0.7666098917180668,-0.571293075128345,0.999987547004426,False,False,False
Trim30c,0.798925523478318,0.1720619705420693,0.0697840322256846,0.999987547004426,False,False,False
Smarcd2,0.11786605263383672,0.49361258322238627,-0.351978809400698,0.999987547004426,False,False,False
Tomt,-0.45376554798170265,0.49922354172329025,-0.327550647123632,0.999987547004426,False,False,False
Psme3,0.09835584111450964,0.5218952600370389,-0.393032444759331,0.999987547004426,False,False,False
Cntd1,-0.04458116866852754,0.9740213555368702,-0.212870830410994,0.999987547004426,False,False,False
Vps25,0.029784505765057808,0.8732744909699887,-0.227917914608354,0.999987547004426,False,False,False
Chd2,-0.11295111195186347,0.5684397395364201,0.126600973686712,0.999987547004426,False,False,False
Cisd3,0.3091201224229029,0.27985094738521943,0.47821185704439,0.999987547004426,False,False,False
Tomm5,-0.10910093200561598,0.6204649380046208,-0.697338153459456,0.999987547004426,False,False,False
Haus5,0.06503997603772002,0.8067050474258558,-0.290557138625607,0.999987547004426,False,False,False
Zfp566,-0.04676574587310945,0.9340395343998623,-0.106610083058941,0.999987547004426,False,False,False
Rad54b,-0.3948969329577019,0.27620848772212125,-0.251617815574881,0.999987547004426,False,False,False
Zfp59,-0.39427660646746304,0.4203613921952411,-0.512564293954361,0.999987547004426,False,False,False
Gm5150,0.9201170785696222,6.80510234366389e-11,-0.525646793256297,0.999987547004426,True,False,False
Rbis,0.12726140211544104,0.5466583171082204,-0.0775965023302057,0.999987547004426,False,False,False
Dph1,0.07380361892630682,0.8391846163986395,-0.329376987470346,0.999987547004426,False,False,False
Dact3,0.9236744263450518,0.055280478939638944,-0.424628186613522,0.999987547004426,False,False,False
Ceacam15,0.025885300762471475,0.9831636975666895,-0.151645266619694,0.999987547004426,False,False,False
Leng1,-0.024102477221226198,0.9353810634099889,-0.251362394467662,0.999987547004426,False,False,False
Igtp,0.002919900839508906,0.9908779309443674,-0.50629227021154,0.999987547004426,False,False,False
Zfp931,-0.4910979912057018,0.027217242552413298,-0.0936930251125161,0.999987547004426,True,False,False
Gm14326,0.2489772075425341,0.2822002730474325,-0.327601485313996,0.999987547004426,False,False,False
Gm14322,0.00893913788583106,0.9938819571816455,-0.140900755345692,0.999987547004426,False,False,False
Zfp970,-0.19121255430718895,0.8503165218296956,0.359196688988361,0.999987547004426,False,False,False
Gm14410,0.05683240208864196,0.8983092591190602,-0.0155982399740191,0.999987547004426,False,False,False
Gm14295,-0.09685602826092692,0.8021558333832175,0.254732273038305,0.999987547004426,False,False,False
Gm14305,-0.014782192260084034,0.9630206172341494,-0.311929355577076,0.999987547004426,False,False,False
Mon1b,-0.0988732306239891,0.7616542480118115,-0.0637166372005051,0.999987547004426,False,False,False
Dpm1,0.035381876789394494,0.8709055078044978,-0.0280617489559241,0.999987547004426,False,False,False
Tgtp2,-0.6749533241519298,6.673352589119089e-07,-0.762930337121963,0.999987547004426,True,False,False
Tgtp1,-0.7270765363511251,8.255307854025519e-05,-0.301779159192963,0.999987547004426,True,False,False
Ube2v1,0.22623491287968056,0.05305452085197651,-0.264466503074812,0.999987547004426,False,False,False
Pdf,0.004241692219927555,0.9911527556919748,-0.0192182625840482,0.999987547004426,False,False,False
Ak6,0.11956302114744331,0.3876143068806583,0.164106028596454,0.999987547004426,False,False,False
Naip6,-0.5853531505465531,0.022889544487986566,0.230386332623216,0.999987547004426,True,False,False
Naip2,0.22888163591931723,0.4549392349394645,-0.189072917017473,0.999987547004426,False,False,False
Gapdh-ps16,-0.2099952314610085,0.8838822500297288,-0.272010019972853,0.999987547004426,False,False,False
Dnaaf10,-0.3368260473614382,0.08228009507812631,0.215840364656344,0.999987547004426,False,False,False
Sec61g,0.09915235330308692,0.6761383822649764,-0.0169789333640846,0.999987547004426,False,False,False
Zfp429,-0.396756018137077,0.039997775902450274,0.0998858890001575,0.999987547004426,True,False,False
Zfp456,-0.22534421276405595,0.5312419779524485,0.169761744957559,0.999987547004426,False,False,False
Bpifa6,-0.730814967998759,0.10853878861022115,0.1268989157826,0.999987547004426,False,False,False
Samd1,0.28576731155289364,0.4723111862816373,-0.229021116203673,0.999987547004426,False,False,False
Ifi27l2a,0.7444856913053224,0.08877461969620717,-0.406436012729425,0.999987547004426,False,False,False
Slc45a4,-0.2660681812088144,0.2264762676930925,-0.362115887518513,0.999987547004426,False,False,False
Col22a1,-0.20730995083247555,0.8740724163186827,-0.122933090233198,0.999987547004426,False,False,False
Prnp,-0.426032143879581,0.3822865498093764,-0.0175403034191639,0.999987547004426,False,False,False
Fastkd5,0.22716988211220446,0.5386720996030482,-0.138867167696231,0.999987547004426,False,False,False
Cyp4v3,-0.029071774541013683,0.9116369920499372,0.0710465025857809,0.999987547004426,False,False,False
Jrkl,-0.25456511175101054,0.31651529486942653,-0.575403024767216,0.999987547004426,False,False,False
Ccdc82,0.047941680084514146,0.8562491189248967,-0.112221613128078,0.999987547004426,False,False,False
Kdelr2,0.13145400492578477,0.4669214192565743,-0.339220992123153,0.999987547004426,False,False,False
A130010J15Rik,-0.01075352884739064,0.9811714305746528,-0.213642905096912,0.999987547004426,False,False,False
Tlr5,0.2897495265419994,0.41470896349828157,0.168693755025434,0.999987547004426,False,False,False
Psme2,-0.026501612804178152,0.8998268445201012,-0.334890301971237,0.999987547004426,False,False,False
Zfp664,-0.24484303388344666,0.19068245650780238,-0.648754368499686,0.999987547004426,False,False,False
Ccr5,1.1593985071348667,3.560983976573578e-17,-0.629971681208874,0.999987547004426,True,False,False
2310009B15Rik,0.10191777224571241,0.7670397455180745,-0.0130011837746205,0.999987547004426,False,False,False
Clec7a,1.2097886087560732,2.1250787144632636e-19,-0.953322664481262,0.999987547004426,True,False,False
Klrb1b,-0.31509302385605437,0.5777873373496525,0.492429104175931,0.999987547004426,False,False,False
Rab9,-0.064633261560901,0.7706080944543638,-0.344108709600979,0.999987547004426,False,False,False
Trappc2,0.07217331692592358,0.6785758424989092,-1.18809091030103,0.999987547004426,False,False,False
Naa80,-0.48480327019697556,0.029322472500612737,-0.0571409638489389,0.999987547004426,True,False,False
Ifit1bl1,-1.2102886173386251,1.0710382389078366e-06,-0.121754453534702,0.999987547004426,True,False,False
Gm11100,-1.5744143888546538,0.00043383665395107753,0.238892844265272,0.999987547004426,True,False,False
Gbp4,-1.210762813735036,5.701970033801544e-20,0.0380847986872617,0.999987547004426,True,False,False
Atg4a,-0.015238061959899256,0.965205256652769,-0.586719136550427,0.999987547004426,False,False,False
Ms4a6c,0.08962667753756445,0.5353579483415711,0.439786995178459,0.999987547004426,False,False,False
Arpc4,0.10473672437680717,0.40289470274737493,-0.337545654452608,0.999987547004426,False,False,False
Mthfsl,0.17367630227805164,0.21852589964398245,0.700563851827508,0.999987547004426,False,False,False
Mroh2a,0.8680028392567463,0.07136216844794172,-0.465967267716223,0.999987547004426,False,False,False
Rpl36a,-0.042981696435611824,0.8763912114081008,0.0915236931742749,0.999987547004426,False,False,False
St6galnac4,0.09303532824463205,0.6516921334961419,-0.4296492141955,0.999987547004426,False,False,False
Cldn34c1,0.28751512800113144,0.763498510441362,-2.09331145373174,0.999987547004426,False,False,False
Cldn34c2,0.28751512800113144,0.763498510441362,-0.77049026056473,0.999987547004426,False,False,False
Rab7,0.28478041623995215,0.007808371925097775,-0.544876815341846,0.999987547004426,True,False,False
Znrd2,0.203402103899671,0.30800000804477284,-0.200228406218789,0.999987547004426,False,False,False
Pin4,0.21266703892979874,0.23268659321754914,-0.962628508726247,0.999987547004426,False,False,False
Phyhd1,1.2307920952986733,0.014913029855391776,-0.716112466062785,0.999987547004426,True,False,False
Med12,-0.029315282539789194,0.929520450045138,-0.205049043176214,0.999987547004426,False,False,False
H2-T10,-0.74866732378827,0.004768297741632156,-0.0235397202500973,0.999987547004426,True,False,False
H2-Q1,-0.2516206218558835,0.7405342480608359,-0.971453886647244,0.999987547004426,False,False,False
Tmsb10,0.22817247663424567,0.2286804813458294,-0.352245491575439,0.999987547004426,False,False,False
H2-DMb1,0.5175672178235609,2.432967270565634e-09,-0.104449063523234,0.999987547004426,True,False,False
Kifc1,0.07011815402503675,0.917244653625398,-0.302911819544987,0.999987547004426,False,False,False
Haus3,-0.07446186009381724,0.7896384227580483,-0.22713446577405,0.999987547004426,False,False,False
Marchf2,0.2521865575358887,0.06306175331476876,-0.466047327174936,0.999987547004426,False,False,False
Maea,-0.08555220543578017,0.6230504018115894,-0.259740958630032,0.999987547004426,False,False,False
Pglyrp2,-1.7394980722811502,3.1854033836759975e-22,-0.488485514013906,0.999987547004426,True,False,False
Tmem217,-0.37168292651496165,0.7487509288349834,0.267919773661693,0.999987547004426,False,False,False
Cstdc4,0.16005876014197878,0.8736938160638866,1.69325689661911,0.999987547004426,False,False,False
Zbtb9,0.016712203132416784,0.961203283236292,-0.153457451320739,0.999987547004426,False,False,False
Stard6,-0.6040282440202986,0.2673985610678961,0.072353037682249,0.999987547004426,False,False,False
Ankrd39,-0.12089451784640128,0.669236970230596,-0.127528954850104,0.999987547004426,False,False,False
Seh1l,0.09180321080365687,0.5716326077285927,-0.0864235169414309,0.999987547004426,False,False,False
Rpl39,-0.156514847573388,0.5062771796430799,0.319858600491856,0.999987547004426,False,False,False
Rab26,0.5034098739388965,0.31610555679689173,-0.664394511493884,0.999987547004426,False,False,False
Eloc,0.12192466376080945,0.46135351451353956,-0.0070174807345981,0.999987547004426,False,False,False
Tmem243,0.24904580197630388,0.0733142734918806,-0.174470311626786,0.999987547004426,False,False,False
Fdx2,0.2864433655758042,0.1088604051589259,0.156331917027123,0.999987547004426,False,False,False
Ulbp1,-0.5613748369354643,0.17215600449305246,0.0503251564222316,0.999987547004426,False,False,False
Xlr4a,-0.2852901661384049,0.3225828393055666,0.212892640642376,0.999987547004426,False,False,False
Eef1akmt3,-0.23392631433064556,0.797554929628142,0.0029073490988134,0.999987547004426,False,False,False
Brms1,0.2281502634096377,0.07655786380943731,0.0027853795100547,0.999987547004426,False,False,False
Spaca6,0.3611521391441385,0.6602514196249673,-0.760254961145375,0.999987547004426,False,False,False
B230307C23Rik,-0.17769305926617115,0.49387692127687793,0.131916468779144,0.999987547004426,False,False,False
Gm12543,-0.5198100709170278,0.6355573050418395,0.506666031211736,0.999987547004426,False,False,False
Gm15760,-0.6523090977489651,0.2862605604103177,-0.0124981644285409,0.999987547004426,False,False,False
Rpl10-ps6,0.2224837383400565,0.8135018398919376,0.183284398487462,0.999987547004426,False,False,False
Gm15427,-0.06337868282867058,0.9173334588481596,0.335144827594169,0.999987547004426,False,False,False
Slc48a1,0.3416337287171608,0.01641675654909243,-0.107862397577838,0.999987547004426,True,False,False
Gm12216,-1.1781659748950228,3.58536724927288e-05,-0.31791260299407,0.999987547004426,True,False,False
Dnajb3,-0.9521465622947985,0.26535007805761673,-0.181776396301583,0.999987547004426,False,False,False
Nap1l2,0.5485581410776073,0.20113512875674588,0.142211676476514,0.999987547004426,False,False,False
Btc,0.025727560579396624,0.9796590273505534,0.0334434623623334,0.999987547004426,False,False,False
Gm12366,0.3068685988733085,0.6881275576760655,-0.264047937614105,0.999987547004426,False,False,False
Gm14052,-0.10600101463336045,0.9400030666882254,-0.624808948687318,0.999987547004426,False,False,False
Fam220a,-0.09367713185277579,0.9234897394610939,-0.465486925851365,0.999987547004426,False,False,False
4930595D18Rik,-0.1366763353224929,0.9110609486166507,-1.15870155482071,0.999987547004426,False,False,False
AA414768,0.8452772801001599,0.09732499248079143,0.0949892605846463,0.999987547004426,False,False,False
Rasl2-9,-0.4188907019663628,0.4964510295630837,-0.576896803797637,0.999987547004426,False,False,False
Zfp133-ps,1.1867111861515052,0.18653988496979176,0.0946446834535353,0.999987547004426,False,False,False
Hmgb1-ps5,-0.6603094391099112,0.08918625990611345,-0.260804886695476,0.999987547004426,False,False,False
Gm15712,-0.9462389947742363,0.3131921843566795,0.541352233580392,0.999987547004426,False,False,False
Gm14125,0.07396016980744571,0.9474554188461275,0.169732232503242,0.999987547004426,False,False,False
Ubl5,0.17478877314512906,0.29498112154767225,-0.0978254200737609,0.999987547004426,False,False,False
Ccdc85c,-0.39064796120860096,0.7251955883153826,-0.224627733789642,0.999987547004426,False,False,False
Bbip1,0.09863181763843445,0.5716594646059201,0.0098527330932345,0.999987547004426,False,False,False
Smim43,-0.07719688557519773,0.9415669815928047,0.470256058789123,0.999987547004426,False,False,False
Slc2a4rg-ps,-0.32645131696254415,0.6570030615675081,-0.559549031524358,0.999987547004426,False,False,False
4930469K13Rik,-0.23439049356229422,0.8030137306455234,-0.251343881689778,0.999987547004426,False,False,False
Zfp703,0.51081277086546,0.13640783263370518,-0.220368669955921,0.999987547004426,False,False,False
Cd63-ps,-0.5136436944976217,0.527368909155604,0.458738953070384,0.999987547004426,False,False,False
AW822252,-0.6363380662730034,0.06131902653600472,-0.683204446788581,0.999987547004426,False,False,False
Nbdy,-0.04852720340308619,0.8092362557451527,-0.179845433043114,0.999987547004426,False,False,False
Cd101,-0.9494387794115124,3.107871729955754e-07,0.688394748267789,0.999987547004426,True,False,False
Isoc2a,-0.19397123444256045,0.8475596346064576,-0.287244037189266,0.999987547004426,False,False,False
Plcxd2,-0.34235372382970297,0.16335648862201008,0.517091392718006,0.999987547004426,False,False,False
Lamtor5,0.11914666247453554,0.48089973721316454,0.207723602964919,0.999987547004426,False,False,False
Tmem170b,0.10913260021407194,0.5652859325896226,0.45403909956088,0.999987547004426,False,False,False
Frg2f1,-0.5322871963212329,0.5252532864811431,-0.241829140762737,0.999987547004426,False,False,False
Kantr,0.03339754174545043,0.9037383971463158,-0.208098684778483,0.999987547004426,False,False,False
1500009L16Rik,1.7995272793491517,0.0015447108926974035,-0.396756667019001,0.999987547004426,True,False,False
Galnt2,0.16301908892013212,0.642429068341256,-0.541631878570196,0.999987547004426,False,False,False
Clec2f,-0.9098630168414842,0.03510447922344947,-0.0125038526728343,0.999987547004426,True,False,False
Ier5l,0.10319745291461943,0.671163284594543,-0.261813881146525,0.999987547004426,False,False,False
Tmsb15b1,-0.36767159123051235,0.15740631224902085,-0.316861585461046,0.999987547004426,False,False,False
Shkbp1,0.08195752616210233,0.7190183672390755,0.0508492781286876,0.999987547004426,False,False,False
Umad1,0.027274987018858003,0.9018833653059581,-0.0234203278860825,0.999987547004426,False,False,False
Rps6kc1,-0.010645722830351484,0.9783668350768244,-0.517527314225932,0.999987547004426,False,False,False
Mfsd14a,0.24611258025525737,0.11289120576146433,0.383705918780993,0.999987547004426,False,False,False
Bcl2a1b,0.01695083158965948,0.9510262550036227,0.339263569081642,0.999987547004426,False,False,False
Ier3ip1,0.13597660893439634,0.3821626290698489,0.28914240502321,0.999987547004426,False,False,False
Gimap1,0.34555868292322134,0.7323505838667479,0.578413781713571,0.999987547004426,False,False,False
Galnt4,0.1122165686516696,0.8301862906047749,-0.0347651401940734,0.999987547004426,False,False,False
Lime1,-1.0296716247306514,7.301013712326838e-05,0.929315946517097,0.999987547004426,True,False,False
Rnf8,0.3285168589138026,0.011729600932319579,-0.0925792259600753,0.999987547004426,True,False,False
Ttbk2,0.09193761584987699,0.8655723298896132,-0.407245832636128,0.999987547004426,False,False,False
Shprh,-0.38528512988940405,0.052200466341343586,-0.011725401140346,0.999987547004426,False,False,False
Ugt1a7c,0.6560371705455998,3.4212198086315026e-09,-0.0540444638978981,0.999987547004426,True,False,False
Acad11,-0.47009176781965345,0.06955279414333576,-0.718219236017887,0.999987547004426,False,False,False
BC035044,-0.058010788739194165,0.7284622925100002,0.27479932777146,0.999987547004426,False,False,False
Fbxw10,-1.0013993334035594,0.0015897114581554204,-0.650066249297652,0.999987547004426,True,False,False
Peds1,0.3585070518493266,0.014454758759482215,-0.0608982537452976,0.999987547004426,True,False,False
Pcp4,-1.142677319200654,0.00039121129730463304,1.0643525695718,0.999987547004426,True,False,False
Churc1,-0.16260121130943428,0.33162879139705453,-0.492267915420692,0.999987547004426,False,False,False
Mndal,-0.26399021402497236,0.06569523709669671,0.315396927018333,0.999987547004426,False,False,False
Tarbp1,-0.2920012113092826,0.7846382458437661,-0.229531070406866,0.999987547004426,False,False,False
Dthd1,-1.2510732457873766,0.0001238447479753107,0.211986114653731,0.999987547004426,True,False,False
4930523C07Rik,0.047258969331238375,0.7814452072074225,-0.244769292599692,0.999987547004426,False,False,False
Gm17271,-0.052615391405584334,0.9622539400942974,-0.778466672901262,0.999987547004426,False,False,False
Rps11-ps1,-0.07898219617559825,0.893764444345771,0.103042085647919,0.999987547004426,False,False,False
Gypc,-0.4868136889160749,0.0004147654703180654,0.887960394759103,0.999987547004426,True,False,False
Snrpe,0.006255068088043786,0.9832901624474157,0.0522988809128391,0.999987547004426,False,False,False
Tex9,-0.16252770832641353,0.5041873166914026,-0.196927066684749,0.999987547004426,False,False,False
Gm6189,-1.1375248095406434,1.2972297908581277e-06,0.351691239723049,0.999987547004426,True,False,False
Zfp712,-0.49139079089610643,0.28241716951812557,-0.0514088206295451,0.999987547004426,False,False,False
Zfp493,0.2224562529976385,0.7745244976802189,-0.180330915160616,0.999987547004426,False,False,False
Apold1,0.29536439525915154,0.5395771546451122,-0.774674908946547,0.999987547004426,False,False,False
Klhl33,0.06504603116708303,0.9195554152570814,-0.915733385213658,0.999987547004426,False,False,False
Samd15,-0.6851025516221788,0.20069673171455826,-0.40979007957445,0.999987547004426,False,False,False
Rps13,-0.9471708394612072,0.30264261363157924,-0.0540378492712978,0.999987547004426,False,False,False
Hspa1b,-2.234226266895675,5.906457117059813e-16,-0.378237453837236,0.999987547004426,True,False,False
D6Ertd527e,-0.05235048253900012,0.9001155793704265,-0.986565339583188,0.999987547004426,False,False,False
Synj2bp,-0.0493685581851687,0.8329039300414652,-0.0956552993027984,0.999987547004426,False,False,False
Ccdc71l,0.0048945670945843124,0.9881644754127993,0.0058975360779793,0.999987547004426,False,False,False
Lrrc32,-0.3452649600777185,0.5682431703129076,-0.0135820791028056,0.999987547004426,False,False,False
Vmn1r1,0.02743793857082094,0.9852215925073082,-0.689124917706068,0.999987547004426,False,False,False
Phf11c,-0.8817325523961912,1.2079588469441973e-06,-0.172585609084608,0.999987547004426,True,False,False
Gm5141,-0.359432463134223,0.20723636096631717,-0.394432330754725,0.999987547004426,False,False,False
Smim13,0.5078476193428864,0.06194650047878333,-0.200972133581198,0.999987547004426,False,False,False
Eid1,-0.21602451858158278,0.08918625990611345,-0.354745578691206,0.999987547004426,False,False,False
Gcnt4,-0.03316084490261411,0.9777261763026447,0.0553717536630272,0.999987547004426,False,False,False
H4c14,-1.3710311116433735,0.02028131432104199,-0.0780295373006776,0.999987547004426,True,False,False
Ak9,-1.0852171105459536,0.20211242780144398,-0.0642654157835008,0.999987547004426,False,False,False
Lamtor3,0.14493746550743852,0.40727565668506444,-0.236968605257965,0.999987547004426,False,False,False
Tma7,0.030824519393898762,0.8952219037737175,0.0026491962313359,0.999987547004426,False,False,False
Tma7-ps,0.030824519393898762,0.8952219037737175,-0.0963567396595719,0.999987547004426,False,False,False
Gm14569,-0.72384624621292,0.44538151403932863,-0.757236155485547,0.999987547004426,False,False,False
Cyp4f17,-0.5949382877415003,0.024964055856955,-0.920093713452098,0.999987547004426,True,False,False
Lsm5,-0.02831237334868203,0.9251933681940734,-0.373140211006597,0.999987547004426,False,False,False
Phf11b,-0.17538394335240867,0.27620848772212125,-1.30411343572453,0.999987547004426,False,False,False
Zfp964,-0.1201219544715128,0.7942636914623343,-0.299924980811547,0.999987547004426,False,False,False
Sco2,0.08979391855406542,0.8976788784255938,0.168905268995165,0.999987547004426,False,False,False
Cox16,-0.07171045161206618,0.7190183672390755,-0.283459170238961,0.999987547004426,False,False,False
Inafm1,0.7316524479635832,0.0019341398112997443,-0.403990471511055,0.999987547004426,True,False,False
Ube2d2a,0.24085019466271254,0.050939140868548026,-0.142212123091113,0.999987547004426,False,False,False
Myh15,-0.6288249719056916,0.4482104253582554,-0.340132749772789,0.999987547004426,False,False,False
Dynlt1a,0.2181694206744297,0.43089102444117205,0.553530703192269,0.999987547004426,False,False,False
Fancf,-0.0037116775098405812,0.9943591458614311,-0.0514769258855203,0.999987547004426,False,False,False
Vmn2r90,0.3630510519979166,0.5509021127001106,0.682152137200948,0.999987547004426,False,False,False
Gm19345,0.1714599404470702,0.6892461933427805,-0.367878395779323,0.999987547004426,False,False,False
Zfp963,0.08121394664919185,0.8552583819239323,-0.291247955335487,0.999987547004426,False,False,False
Zfp141,-0.12094481065734838,0.7195534764954363,-0.141002630443905,0.999987547004426,False,False,False
Gpank1,-0.30442510359436914,0.13455487271978656,-0.384642277111732,0.999987547004426,False,False,False
Art2a,-0.4857157339249509,0.06667886318612237,-0.26747281366029,0.999987547004426,False,False,False
Gm17907,-0.08577441480707787,0.938275444782638,0.533241620029087,0.999987547004426,False,False,False
Nlrp1c-ps,-1.2983892208566774,3.0892694834670413e-07,0.116896366313226,0.999987547004426,True,False,False
Serpinb10,0.9659265099044004,0.0726473010521698,-0.187043657822374,0.999987547004426,False,False,False
Scnm1,0.02795129285254837,0.8953897647002945,0.0110948585720338,0.999987547004426,False,False,False
Pou5f2,0.017342581859496248,0.9866642934350298,0.751543073062156,0.999987547004426,False,False,False
Rpl41,-0.08581709530719644,0.7387189005032682,-0.090785988002164,0.999987547004426,False,False,False
Vmn1r39,0.24578913573825573,0.8513792839875596,-1.09451185460452,0.999987547004426,False,False,False
Ppp2r3d,0.12111037134808635,0.7667938844529154,-0.512477742244009,0.999987547004426,False,False,False
Tomm20,0.1828674383996677,0.12303288361948535,-0.245121841040866,0.999987547004426,False,False,False
Evi2b,-0.025422897702286118,0.8872852451389428,-0.137136859686405,0.999987547004426,False,False,False
Rnasek,0.28393393886097995,0.046584950082597956,-0.212658600244457,0.999987547004426,True,False,False
Purb,0.1276578288287219,0.3728872522055838,-0.467330489455376,0.999987547004426,False,False,False
Fsbp,-0.5476522260663221,0.6492376609345241,0.417396963629954,0.999987547004426,False,False,False
Ccl21a,-1.5419832327055283,0.1718355896202845,-0.877991586347635,0.999987547004426,False,False,False
Rnaset2b,-0.11333860214943958,0.4706079948244928,0.181736617821473,0.999987547004426,False,False,False
D430019H16Rik,2.0107644877024033,0.018325111591239212,-1.12258604506386,0.999987547004426,True,False,False
Rbm4,0.04340207962284078,0.8506397539577483,-0.140911542678007,0.999987547004426,False,False,False
Sirpb1b,0.40700973182131267,0.0001724963850278046,-0.439031972598549,0.999987547004426,True,False,False
Igha,0.4702756868166369,0.8754704088337218,-0.299802752843613,0.999987547004426,False,False,False
Ccdc85b,0.08274526751853231,0.7885952612554327,-0.314880912180728,0.999987547004426,False,False,False
Itpripl2,-0.26864992513613983,0.4053135344821686,0.0681048338235204,0.999987547004426,False,False,False
Zfp799,-0.5008026315446616,0.015608564863675614,-0.270386077271391,0.999987547004426,True,False,False
Zfp870,-0.20277490512593788,0.4250882887655364,-0.504127113197816,0.999987547004426,False,False,False
Gm14325,-0.37333756516046074,0.3268503156555148,-0.30309088995489,0.999987547004426,False,False,False
Noc2l,-0.035043268315092385,0.8648401173321996,-0.419316190787955,0.999987547004426,False,False,False
Dynlt1f,0.3042143012417908,0.008948222520706785,-0.815745708688993,0.999987547004426,True,False,False
Igkv14-111,0.5745988787599526,0.34889538124355185,-0.247229897796426,0.999987547004426,False,False,False
Sirpb1a,0.06639369529214795,0.6840053718919795,-0.761883459106709,0.999987547004426,False,False,False
Syne1,-0.27808834391514203,0.354251061816909,-0.820283772899552,0.999987547004426,False,False,False
Vkorc1,0.13246876176209452,0.5507712496430726,-0.44014281774581,0.999987547004426,False,False,False
Cmtm4,0.35347653856220307,0.7620345516631871,-0.660308162112515,0.999987547004426,False,False,False
H1f0,0.3743277320035765,0.025580345562297897,-0.333140295879016,0.999987547004426,True,False,False
Dynlt1b,0.3634561411903636,0.006616201290926289,-0.34889626401193,0.999987547004426,True,False,False
Samd11,0.2817673139306305,0.8248436555234451,-0.505305873801653,0.999987547004426,False,False,False
Zfp994,-0.37640197011298343,0.10065674067792897,-0.075699427853249,0.999987547004426,False,False,False
Moap1,0.24911893701631355,0.49602067320050286,-0.178457489964533,0.999987547004426,False,False,False
Cdkn2d,0.23154916848682047,0.21177103295468583,-0.19836616740661,0.999987547004426,False,False,False
Mfsd4b4,-0.46808826456331515,0.3577191323151137,0.172439478748109,0.999987547004426,False,False,False
Mrgpra2b,-0.24151136426040257,0.868359643826167,-0.0910680386607128,0.999987547004426,False,False,False
Tmem151b,0.5177548250565532,0.6029294215950174,-0.239589071142697,0.999987547004426,False,False,False
Gm10778,-0.5556200844001811,0.06601957712482383,-0.176236474939335,0.999987547004426,False,False,False
Zfp850,-0.2691171924527558,0.5525388543702404,-0.445591522120796,0.999987547004426,False,False,False
Gm6345,-0.9137877870186206,0.09341558942594422,0.293818960995907,0.999987547004426,False,False,False
Cdiptos,0.2694892102421472,0.5633152832251649,-0.004781062267507,0.999987547004426,False,False,False
E030030I06Rik,-0.6552240757378276,0.07412890340605416,0.259863250661152,0.999987547004426,False,False,False
Tnfsf12,1.3142864303452926,0.010163222109707973,-0.0282963380222432,0.999987547004426,True,False,False
Zfp87,-0.05082711415680974,0.8433956524969801,-0.0658823930152268,0.999987547004426,False,False,False
Thoc2l,-0.26200186972519957,0.09217900441421653,-0.295476170378913,0.999987547004426,False,False,False
1810014B01Rik,0.031224123493327323,0.934750095294045,-0.207493594805372,0.999987547004426,False,False,False
C920006O11Rik,-0.2324734353525053,0.6669986107142242,-0.115252685301379,0.999987547004426,False,False,False
Gm27021,-0.7181777118533184,0.43029675788995014,-0.4509017587566,0.999987547004426,False,False,False
Zfp82,-0.8107333883062388,0.02923840581828688,-0.64950118331994,0.999987547004426,True,False,False
2700099C18Rik,-0.04140347463144465,0.9241455556750251,0.903901860988,0.999987547004426,False,False,False
Rnf113a2,0.13870388640610845,0.46087472711464617,-0.704092183505117,0.999987547004426,False,False,False
Ccdc166,-0.29690850007492287,0.4283968453407475,-0.29532883642901,0.999987547004426,False,False,False
Sowahc,0.026467281896372263,0.9243889663934669,-0.216412596968421,0.999987547004426,False,False,False
Arl14,-0.5361211303611644,0.6356845269313288,0.862788039751969,0.999987547004426,False,False,False
Pigbos1,0.141741815180951,0.5152348382730754,0.0746175354773939,0.999987547004426,False,False,False
Gm14496,-0.7243871938546139,0.29092274433112486,0.383566019016222,0.999987547004426,False,False,False
Kctd12,0.3080787121472924,0.07143932311744805,-0.274590921632212,0.999987547004426,False,False,False
Igkv19-93,1.47198731903201,0.09069662186574495,0.0220425995481417,0.999987547004426,False,False,False
Zfp953,-0.0909459433069874,0.8646067887064031,-0.186781156679642,0.999987547004426,False,False,False
Tmem185b,0.0860338663967413,0.6744008255374743,0.134007465377219,0.999987547004426,False,False,False
H3c4,-0.8909287992749237,0.04465743291530714,-0.207938764061616,0.999987547004426,True,False,False
Zfp383,-0.5518923561804575,0.5921425384403872,-0.585569000886633,0.999987547004426,False,False,False
Bcl2a1d,0.16361361921795858,0.40898769395720774,0.318775501561551,0.999987547004426,False,False,False
Gm17944,-0.6914812477384682,0.006624257573118868,0.314044047486505,0.999987547004426,True,False,False
H3c7,-1.0406328384863093,0.025214705115093942,-0.269178142342629,0.999987547004426,True,False,False
Gm7266,-0.6327182479346201,0.5197256226640846,0.583934521702428,0.999987547004426,False,False,False
Gm20379,0.860407599184074,0.38674109185403555,0.456458090754937,0.999987547004426,False,False,False
Ms4a4a,1.2397493250438159,5.753003101739964e-10,-0.0117557189635438,0.999987547004426,True,False,False
9130401M01Rik,0.2950349029166556,0.0990822612837004,0.048972856198751,0.999987547004426,False,False,False
Bcl2a1a,0.3753412646217692,0.05001689359144151,1.0404314938024,0.999987547004426,False,False,False
Gm20257,-0.3388821728511126,0.3291306955465314,0.144538155066448,0.999987547004426,False,False,False
4933424G06Rik,-0.7364061521829124,0.17615448903040304,-0.351418799874122,0.999987547004426,False,False,False
Sh2d1b1,-0.9258656870281308,9.975891228332166e-11,-0.478465583453382,0.999987547004426,True,False,False
Pcdhga12,-0.9762840436393981,0.08811118831853725,-0.0678632825488679,0.999987547004426,False,False,False
Thap6,-0.12327659182111243,0.6312860067437456,-0.0337923456256171,0.999987547004426,False,False,False
Zc3h11a,-0.023730824048093874,0.9211670057273461,-0.224419712433333,0.999987547004426,False,False,False
Wdr49,-0.8868523321882388,0.37334411220442487,0.308267142616602,0.999987547004426,False,False,False
Gbp5,-0.1780903069002793,0.7230907973996046,0.263259848296491,0.999987547004426,False,False,False
H2bc18,-1.1929211447302606,0.21192724645276628,-0.335747627780169,0.999987547004426,False,False,False
Wdr46-ps,-0.3461744920838195,0.7749433520074338,0.380601348355299,0.999987547004426,False,False,False
Gtf3c2,0.19206024446384357,0.3175538973904742,-0.0014253305567182,0.999987547004426,False,False,False
Mrpl33,0.04645542973570573,0.8575894082265284,0.594127048396722,0.999987547004426,False,False,False
Pagr1a,-0.1089655132537951,0.9054715065269323,-0.133970088768546,0.999987547004426,False,False,False
Zfp862-ps,-0.22019120896028643,0.7185871526797725,-0.559755768903977,0.999987547004426,False,False,False
Ccdc142,-0.4621491835401437,0.41470896349828157,-0.290684976478585,0.999987547004426,False,False,False
Gm2011,-0.014995905814263749,0.9866642934350298,0.0679484350858832,0.999987547004426,False,False,False
Pnma8c,0.2781532052569544,0.6353493747876663,-0.450797480242046,0.999987547004426,False,False,False
Gm18959,-0.23919170437478707,0.8633533927995494,-0.128764624287906,0.999987547004426,False,False,False
Prmt1,0.5393849986545396,0.2177563891042255,-0.260312673502222,0.999987547004426,False,False,False
Nup62,0.09900742675168293,0.5898091010059608,-0.113514206142536,0.999987547004426,False,False,False
Nxpe1-ps,-0.7206251485194337,1.1644842146794143e-05,-0.352874560319682,0.999987547004426,True,False,False
Gm31166,-0.14807987764483937,0.866735636234329,-1.3296910562814,0.999987547004426,False,False,False
Gm35315,-0.7391037614801009,0.24317496840533592,-0.154547903762609,0.999987547004426,False,False,False
Eid3,-0.21579311771369641,0.7629474275180479,-0.315102069221878,0.999987547004426,False,False,False
Chmp1b,0.23963221325641193,0.05423343019207933,-0.371795601242799,0.999987547004426,False,False,False
Exosc6,0.05481121819623671,0.8711832738768497,0.0152758104492765,0.999987547004426,False,False,False
5430437J10Rik,-0.735480246581431,0.0008060356511325158,0.368575759578182,0.999987547004426,True,False,False
Igip,-0.9211805371799443,0.0829538508397936,0.498757370143568,0.999987547004426,False,False,False
Flt3l,-0.5052091233834871,0.013383691506868575,-0.304808147118142,0.999987547004426,True,False,False
Gm45871,-0.31804611772057123,0.24050330896390046,0.0559289506416061,0.999987547004426,False,False,False
Gm10033,-0.1576443143690433,0.6051615344593241,-0.238488297848976,0.999987547004426,False,False,False
Nudt8,-0.090626676394769,0.6845605651991903,-0.187964119651252,0.999987547004426,False,False,False
Gm2981,0.4411681362202367,0.172368094172765,-0.298432584735502,0.999987547004426,False,False,False
Btbd8,-0.17200479843918579,0.7978252540503973,-0.171560929561081,0.999987547004426,False,False,False
BC024063,-0.8299829829530398,0.1450497270472175,-0.334173929056214,0.999987547004426,False,False,False
Gm3791,-0.6318718222953889,0.3116196141406043,-0.0978413125042836,0.999987547004426,False,False,False
Adat3,-0.059781041444099445,0.937550904634815,-0.248673426241172,0.999987547004426,False,False,False
Ndufb1,0.1328991216278672,0.608932822727249,0.0392794463903199,0.999987547004426,False,False,False
H2bc14,-1.1616277843518719,0.20493069064612054,-0.113775443795587,0.999987547004426,False,False,False
H2bc9,-0.7519336395749192,0.28241716951812557,-0.216461832281456,0.999987547004426,False,False,False
Gm3226,0.03420740924875007,0.937550904634815,-0.831294708468956,0.999987547004426,False,False,False
Eef1akmt4,0.042099327129019995,0.9008178471331518,0.14452620339326,0.999987547004426,False,False,False
Vmn1r20,-0.13498815869288142,0.9008178471331518,-0.428233764289086,0.999987547004426,False,False,False
Pnp,-0.02917736626622272,0.9058430141341665,-0.0836501953207005,0.999987547004426,False,False,False
Vps28,0.24964606070043396,0.022267466462549162,-0.851266356438954,0.999987547004426,True,False,False
C030006K11Rik,0.07147662118212944,0.8494562405810597,-0.243656024532638,0.999987547004426,False,False,False
Pdxp,0.16096423930134343,0.6744008255374743,-0.198341424782003,0.999987547004426,False,False,False
A630089N07Rik,-0.05906792638907853,0.895404295441151,-0.131794897164059,0.999987547004426,False,False,False
Gpr31c,0.1780187651432564,0.6341512348344062,0.953967313253466,0.999987547004426,False,False,False
Gm7072,-0.21257350341491094,0.24430550580316612,-0.336801814778747,0.999987547004426,False,False,False
Gm1043,-0.9109067898440573,0.17026149408172997,0.20788886809465,0.999987547004426,False,False,False
Ntn3,0.6202063428370143,0.2944764378262751,-0.362834009100249,0.999987547004426,False,False,False
Apbb3,0.07060864386489239,0.8250922774777069,0.0229531501973579,0.999987547004426,False,False,False
Tmem223,0.2524517389713944,0.21192724645276628,0.228030962258638,0.999987547004426,False,False,False
Itprip,0.4319752572316187,0.025449028792134783,-0.244899606598303,0.999987547004426,True,False,False
Lrrc70,1.0871157421056747,0.02137942830751147,0.282753151428492,0.999987547004426,True,False,False
Gm44505,-0.050807080598030734,0.9086199349494077,0.0296163910909257,0.999987547004426,False,False,False
A930007A09Rik,0.31031764439078,0.5916110123970835,-0.0772074798988047,0.999987547004426,False,False,False
Gm7592,-0.24880420485642232,0.34716442712089446,0.408585890825079,0.999987547004426,False,False,False
